-- MariaDB dump 10.19  Distrib 10.5.19-MariaDB, for debian-linux-gnu (x86_64)
--
-- Host: 127.0.0.1    Database: greenavi_app
-- ------------------------------------------------------
-- Server version	10.5.19-MariaDB-0+deb11u2

/*!40101 SET @OLD_CHARACTER_SET_CLIENT=@@CHARACTER_SET_CLIENT */;
/*!40101 SET @OLD_CHARACTER_SET_RESULTS=@@CHARACTER_SET_RESULTS */;
/*!40101 SET @OLD_COLLATION_CONNECTION=@@COLLATION_CONNECTION */;
/*!40101 SET NAMES utf8mb4 */;
/*!40103 SET @OLD_TIME_ZONE=@@TIME_ZONE */;
/*!40103 SET TIME_ZONE='+00:00' */;
/*!40014 SET @OLD_UNIQUE_CHECKS=@@UNIQUE_CHECKS, UNIQUE_CHECKS=0 */;
/*!40014 SET @OLD_FOREIGN_KEY_CHECKS=@@FOREIGN_KEY_CHECKS, FOREIGN_KEY_CHECKS=0 */;
/*!40101 SET @OLD_SQL_MODE=@@SQL_MODE, SQL_MODE='NO_AUTO_VALUE_ON_ZERO' */;
/*!40111 SET @OLD_SQL_NOTES=@@SQL_NOTES, SQL_NOTES=0 */;

--
-- Table structure for table `affiliate`
--

DROP TABLE IF EXISTS `affiliate`;
/*!40101 SET @saved_cs_client     = @@character_set_client */;
/*!40101 SET character_set_client = utf8 */;
CREATE TABLE `affiliate` (
  `id` int(11) NOT NULL AUTO_INCREMENT,
  `user_id` int(11) NOT NULL,
  `code` varchar(255) NOT NULL,
  PRIMARY KEY (`id`)
) ENGINE=InnoDB AUTO_INCREMENT=31 DEFAULT CHARSET=utf8mb4 COLLATE=utf8mb4_general_ci;
/*!40101 SET character_set_client = @saved_cs_client */;

--
-- Dumping data for table `affiliate`
--

LOCK TABLES `affiliate` WRITE;
/*!40000 ALTER TABLE `affiliate` DISABLE KEYS */;
INSERT INTO `affiliate` VALUES (1,1,'hPwHPb'),(2,132,'aE8XC3'),(3,21,'G0YXKA'),(4,133,'xSSlKE'),(5,134,'kewc3T'),(6,135,'EGY2un'),(7,136,'-661wb'),(8,140,'7TgVDg'),(9,143,'SjWXz1'),(10,152,'9z1wI7'),(11,149,'RIjFTw'),(12,153,'FCkWtC'),(13,230,'-bzcJb'),(14,272,'-pNoED'),(15,247,'pNFms2'),(16,277,'plkt9B'),(17,280,'1SeIpI'),(18,281,'y-Cmzb'),(19,283,'yazBTg'),(20,285,'xSPSYD'),(21,282,'-GUQrr'),(22,287,'kX6Cqr'),(23,295,'cmgoZm'),(24,320,'0E--vw'),(25,317,'xPr_LE'),(26,315,'rAYcLn'),(27,339,'XHZR9J'),(28,356,'uqVZ_7'),(29,307,'VcNNsL'),(30,413,'uZppAP');
/*!40000 ALTER TABLE `affiliate` ENABLE KEYS */;
UNLOCK TABLES;

--
-- Table structure for table `affiliate_history`
--

DROP TABLE IF EXISTS `affiliate_history`;
/*!40101 SET @saved_cs_client     = @@character_set_client */;
/*!40101 SET character_set_client = utf8 */;
CREATE TABLE `affiliate_history` (
  `id` int(11) NOT NULL AUTO_INCREMENT,
  `affiliate_id` int(11) NOT NULL,
  `user_id` int(11) NOT NULL,
  `date` int(11) NOT NULL,
  PRIMARY KEY (`id`)
) ENGINE=InnoDB AUTO_INCREMENT=4 DEFAULT CHARSET=utf8mb4 COLLATE=utf8mb4_general_ci;
/*!40101 SET character_set_client = @saved_cs_client */;

--
-- Dumping data for table `affiliate_history`
--

LOCK TABLES `affiliate_history` WRITE;
/*!40000 ALTER TABLE `affiliate_history` DISABLE KEYS */;
INSERT INTO `affiliate_history` VALUES (1,1,131,1669233257),(2,13,277,1684903665),(3,16,280,1684920123);
/*!40000 ALTER TABLE `affiliate_history` ENABLE KEYS */;
UNLOCK TABLES;

--
-- Table structure for table `auth_assignment`
--

DROP TABLE IF EXISTS `auth_assignment`;
/*!40101 SET @saved_cs_client     = @@character_set_client */;
/*!40101 SET character_set_client = utf8 */;
CREATE TABLE `auth_assignment` (
  `item_name` varchar(64) NOT NULL,
  `user_id` varchar(64) NOT NULL,
  `created_at` int(11) DEFAULT NULL,
  PRIMARY KEY (`item_name`,`user_id`),
  KEY `idx-auth_assignment-user_id` (`user_id`),
  CONSTRAINT `auth_assignment_ibfk_1` FOREIGN KEY (`item_name`) REFERENCES `auth_item` (`name`) ON DELETE CASCADE ON UPDATE CASCADE
) ENGINE=InnoDB DEFAULT CHARSET=utf8 COLLATE=utf8_unicode_ci;
/*!40101 SET character_set_client = @saved_cs_client */;

--
-- Dumping data for table `auth_assignment`
--

LOCK TABLES `auth_assignment` WRITE;
/*!40000 ALTER TABLE `auth_assignment` DISABLE KEYS */;
INSERT INTO `auth_assignment` VALUES ('admin','118',1667639966),('admin','230',1682920877),('admin','254',1683134473),('admin','356',1691580000),('admin','429',1703571936),('admin','438',1703698858),('admin','557',1658835828),('client','10',1661784935),('client','100',1667312139),('client','101',1667313009),('client','102',1667313208),('client','103',1667313587),('client','104',1667315228),('client','105',1667315287),('client','106',1667315417),('client','107',1667315482),('client','108',1667315547),('client','109',1667315768),('client','11',1661938959),('client','110',1667315950),('client','111',1667316083),('client','112',1667316510),('client','113',1667316716),('client','114',1667317051),('client','115',1667333602),('client','116',1667474924),('client','117',1667474941),('client','118',1667513098),('client','119',1667740233),('client','12',1661947210),('client','120',1667981138),('client','121',1667981594),('client','122',1667981669),('client','123',1667981727),('client','124',1667985780),('client','125',1667992215),('client','126',1668255328),('client','127',1668255643),('client','128',1668263012),('client','129',1668265393),('client','13',1661972177),('client','130',1668772955),('client','131',1669233257),('client','132',1669470034),('client','133',1669552072),('client','134',1669553209),('client','135',1670426606),('client','136',1670786101),('client','137',1671085918),('client','138',1671617989),('client','139',1672139206),('client','14',1661972728),('client','140',1672155529),('client','141',1672310516),('client','142',1672310865),('client','143',1672328672),('client','144',1673277174),('client','145',1673277241),('client','146',1673277372),('client','147',1673815029),('client','148',1674824620),('client','149',1681520809),('client','15',1661973123),('client','150',1681552124),('client','151',1681728914),('client','152',1681794971),('client','153',1681854363),('client','154',1681914904),('client','155',1681914951),('client','156',1681914998),('client','157',1681915024),('client','158',1681964121),('client','159',1681964166),('client','16',1661973251),('client','160',1681964241),('client','161',1681964490),('client','162',1681983109),('client','163',1681983781),('client','164',1681985749),('client','165',1681990102),('client','166',1681991275),('client','167',1681993137),('client','168',1681993264),('client','169',1682007172),('client','17',1661973367),('client','170',1682050484),('client','171',1682050629),('client','172',1682050750),('client','173',1682050828),('client','174',1682050893),('client','175',1682050911),('client','176',1682051343),('client','177',1682057874),('client','178',1682064757),('client','179',1682066079),('client','18',1661974370),('client','180',1682071322),('client','181',1682073298),('client','182',1682083992),('client','183',1682084308),('client','184',1682101799),('client','185',1682102644),('client','186',1682156449),('client','187',1682170765),('client','188',1682171248),('client','189',1682256152),('client','19',1661974567),('client','190',1682256415),('client','191',1682323580),('client','192',1682335411),('client','193',1682335600),('client','194',1682336799),('client','195',1682337498),('client','196',1682339021),('client','197',1682339701),('client','198',1682394488),('client','199',1682394639),('client','2',1660986254),('client','20',1662054577),('client','200',1682396450),('client','201',1682398107),('client','202',1682398214),('client','203',1682398930),('client','204',1682400537),('client','205',1682408693),('client','206',1682410106),('client','207',1682419898),('client','208',1682421433),('client','209',1682423764),('client','21',1662058612),('client','210',1682424108),('client','211',1682424707),('client','212',1682425165),('client','213',1682426764),('client','214',1682428623),('client','215',1682428910),('client','216',1682429150),('client','217',1682429312),('client','218',1682429402),('client','219',1682430250),('client','22',1662470476),('client','220',1682431023),('client','221',1682431117),('client','222',1682431757),('client','223',1682432415),('client','224',1682432511),('client','225',1682433361),('client','226',1682434220),('client','227',1682437996),('client','228',1682438097),('client','229',1682479830),('client','23',1662470582),('client','230',1682481079),('client','231',1682485379),('client','232',1682485535),('client','233',1682498183),('client','234',1682498464),('client','235',1682498512),('client','236',1682498909),('client','237',1682507398),('client','238',1682507508),('client','239',1682507548),('client','24',1662479549),('client','240',1682507759),('client','241',1682712484),('client','242',1682712515),('client','243',1682760768),('client','244',1682760970),('client','245',1682858557),('client','246',1683025525),('client','247',1683025540),('client','248',1683044753),('client','249',1683044922),('client','25',1662480337),('client','250',1683083171),('client','251',1683101497),('client','252',1683102390),('client','253',1683105763),('client','254',1683133663),('client','255',1683167761),('client','256',1683174839),('client','257',1683263756),('client','258',1683265271),('client','259',1683266951),('client','26',1662480460),('client','260',1683270334),('client','261',1683270753),('client','262',1683271577),('client','263',1683271854),('client','264',1683272471),('client','265',1683273718),('client','266',1683273944),('client','267',1683274512),('client','268',1683486788),('client','269',1683486925),('client','27',1662482255),('client','270',1683527371),('client','271',1683532001),('client','272',1683535253),('client','273',1684128482),('client','274',1684215820),('client','275',1684897898),('client','276',1684899511),('client','277',1684903665),('client','278',1684918652),('client','279',1684918888),('client','28',1662482729),('client','280',1684920123),('client','281',1685306110),('client','282',1685329986),('client','283',1685424009),('client','284',1685466915),('client','285',1685467198),('client','286',1685610053),('client','287',1685612697),('client','288',1685613445),('client','289',1685613848),('client','29',1662482953),('client','290',1685615530),('client','291',1685615658),('client','292',1685615772),('client','293',1685622796),('client','294',1685622899),('client','295',1685627582),('client','296',1685701918),('client','297',1685702117),('client','298',1685705943),('client','299',1685709199),('client','3',1660986280),('client','30',1666352098),('client','300',1685713039),('client','301',1685976849),('client','302',1686064758),('client','303',1686126951),('client','304',1686131858),('client','305',1686132306),('client','306',1686132894),('client','307',1686217884),('client','308',1686217985),('client','309',1686218253),('client','31',1666444215),('client','310',1686227854),('client','311',1686231667),('client','312',1686286033),('client','313',1686551771),('client','314',1686560739),('client','315',1686561130),('client','316',1686598106),('client','317',1686808710),('client','318',1686809867),('client','319',1686833835),('client','32',1666452101),('client','320',1687191282),('client','321',1688028410),('client','322',1688029048),('client','323',1689271275),('client','324',1689272838),('client','325',1689273012),('client','326',1689273947),('client','327',1689307886),('client','328',1689335209),('client','329',1689354933),('client','33',1666964636),('client','330',1690537233),('client','331',1690537342),('client','332',1690537506),('client','333',1690537758),('client','334',1690615883),('client','335',1690617087),('client','336',1690617757),('client','337',1690812676),('client','338',1690872763),('client','339',1690881897),('client','34',1666965719),('client','340',1691414975),('client','341',1691415598),('client','342',1691419392),('client','343',1691419461),('client','344',1691419593),('client','345',1691419834),('client','346',1691420731),('client','347',1691421052),('client','348',1691421696),('client','349',1691453793),('client','35',1666965972),('client','350',1691453848),('client','351',1691468157),('client','352',1691468405),('client','353',1691547353),('client','354',1691547443),('client','355',1691576778),('client','357',1691601412),('client','358',1691659147),('client','359',1691659251),('client','36',1666966057),('client','360',1691659698),('client','361',1692092828),('client','362',1692685302),('client','363',1694444228),('client','364',1694502604),('client','365',1701431595),('client','366',1701433094),('client','367',1701442400),('client','368',1701442530),('client','369',1701448449),('client','37',1666966609),('client','370',1701508730),('client','371',1701539887),('client','372',1701586749),('client','373',1701589605),('client','374',1701591466),('client','375',1701591487),('client','376',1701591570),('client','377',1701591622),('client','378',1701591640),('client','379',1701591913),('client','38',1666966643),('client','380',1701591932),('client','381',1701592057),('client','382',1701592087),('client','383',1701592486),('client','384',1701592633),('client','385',1701592643),('client','386',1701592784),('client','387',1701592796),('client','388',1701592846),('client','389',1701592900),('client','39',1666966939),('client','390',1701592909),('client','391',1701593034),('client','392',1701593225),('client','393',1701593246),('client','394',1701593435),('client','395',1701593475),('client','396',1701593547),('client','397',1701593565),('client','398',1701593622),('client','399',1701593934),('client','4',1660986322),('client','40',1666967060),('client','400',1701594392),('client','401',1701594400),('client','402',1701595039),('client','403',1701595341),('client','404',1701596140),('client','405',1701598765),('client','406',1701702628),('client','407',1701853206),('client','408',1701853636),('client','409',1701858011),('client','41',1666968286),('client','410',1701858138),('client','411',1701858262),('client','412',1702229065),('client','413',1702550958),('client','414',1702565115),('client','415',1702570118),('client','416',1702579863),('client','417',1702580090),('client','418',1702819039),('client','419',1702819538),('client','42',1666969964),('client','420',1702819710),('client','421',1702819857),('client','422',1702820818),('client','423',1702834543),('client','424',1702843274),('client','425',1702908645),('client','426',1702976008),('client','427',1702999803),('client','428',1703355130),('client','43',1667209659),('client','430',1703589321),('client','431',1703589364),('client','432',1703589559),('client','433',1703591213),('client','434',1703600156),('client','435',1703600626),('client','436',1703600975),('client','437',1703678535),('client','439',1703787276),('client','44',1667209734),('client','440',1703858208),('client','441',1703994583),('client','442',1703995320),('client','443',1704135232),('client','444',1704196996),('client','445',1704319736),('client','446',1704374217),('client','447',1704375832),('client','448',1704481348),('client','449',1704495757),('client','45',1667209870),('client','450',1704513783),('client','451',1704535258),('client','452',1704603583),('client','453',1704638787),('client','454',1704639311),('client','455',1704788209),('client','456',1704809655),('client','457',1704855874),('client','458',1704872034),('client','459',1704882445),('client','46',1667209904),('client','460',1704882632),('client','461',1704884522),('client','462',1704970617),('client','463',1705020946),('client','464',1705031121),('client','465',1705062100),('client','466',1705063998),('client','467',1705064262),('client','468',1705064367),('client','469',1705073225),('client','47',1667210078),('client','470',1705829623),('client','471',1706109694),('client','472',1706255900),('client','473',1706265644),('client','474',1706265909),('client','475',1706268071),('client','476',1706270886),('client','477',1706369421),('client','478',1706460527),('client','479',1706518058),('client','48',1667210141),('client','480',1706518116),('client','481',1706521274),('client','482',1706529311),('client','483',1706530769),('client','484',1706541690),('client','485',1706705621),('client','486',1706708509),('client','487',1706708811),('client','488',1706795660),('client','489',1706955479),('client','49',1667210205),('client','490',1706959222),('client','491',1706965579),('client','492',1706973015),('client','493',1707045017),('client','494',1707068073),('client','495',1707068608),('client','496',1707069040),('client','497',1707084461),('client','498',1707084688),('client','499',1707084911),('client','5',1660986360),('client','50',1667210270),('client','500',1707139675),('client','501',1707140108),('client','502',1707214161),('client','503',1707214601),('client','504',1707304376),('client','505',1707315214),('client','506',1707315219),('client','507',1707315326),('client','508',1707316549),('client','509',1707386823),('client','51',1667210311),('client','510',1707655686),('client','511',1707852150),('client','512',1707855196),('client','513',1707911324),('client','514',1707912648),('client','515',1707913695),('client','516',1707913772),('client','517',1707915559),('client','518',1708153189),('client','519',1708153918),('client','52',1667210613),('client','520',1708156449),('client','521',1708173196),('client','522',1708415095),('client','523',1708438314),('client','524',1708438332),('client','525',1708440219),('client','526',1708890132),('client','527',1708952132),('client','528',1708972866),('client','529',1708972937),('client','53',1667210692),('client','530',1709128161),('client','531',1709137198),('client','532',1709201720),('client','533',1709205190),('client','534',1709205288),('client','535',1709242780),('client','536',1709380503),('client','537',1709382002),('client','538',1709385544),('client','539',1709465234),('client','54',1667211596),('client','540',1709472914),('client','541',1709473123),('client','542',1709473403),('client','543',1709478025),('client','544',1709478329),('client','545',1709479811),('client','546',1709480673),('client','547',1709486092),('client','548',1709638571),('client','549',1709643948),('client','55',1667211720),('client','550',1709736327),('client','551',1709736562),('client','552',1709736666),('client','553',1709736722),('client','554',1709748131),('client','555',1709748153),('client','556',1709748266),('client','557',1709804923),('client','558',1709891797),('client','559',1709892620),('client','56',1667212589),('client','560',1709907151),('client','561',1710078398),('client','562',1710078436),('client','563',1710149328),('client','564',1710400621),('client','565',1710401867),('client','566',1710504127),('client','567',1710504178),('client','568',1710505925),('client','569',1710770897),('client','57',1667213438),('client','570',1710847010),('client','571',1711441617),('client','572',1711445245),('client','573',1711617176),('client','574',1712156290),('client','575',1712355421),('client','576',1715333870),('client','577',1715333893),('client','578',1715333917),('client','579',1716385762),('client','58',1667213475),('client','580',1716829400),('client','581',1716886743),('client','582',1717054988),('client','583',1717867128),('client','584',1718035694),('client','585',1718189678),('client','586',1718285741),('client','587',1718297744),('client','588',1718363826),('client','589',1718455338),('client','59',1667214114),('client','590',1718532220),('client','591',1718545664),('client','592',1718575321),('client','593',1718608331),('client','594',1718697228),('client','6',1661020908),('client','60',1667214654),('client','61',1667215555),('client','62',1667215657),('client','63',1667216104),('client','64',1667219291),('client','65',1667219321),('client','66',1667220003),('client','67',1667221106),('client','68',1667223587),('client','69',1667223865),('client','7',1661189370),('client','70',1667226039),('client','71',1667226197),('client','72',1667226423),('client','73',1667305226),('client','74',1667305315),('client','75',1667305436),('client','76',1667305485),('client','77',1667305556),('client','78',1667305624),('client','79',1667305685),('client','8',1661194380),('client','80',1667306946),('client','81',1667307257),('client','82',1667307652),('client','83',1667307718),('client','84',1667307940),('client','85',1667308076),('client','86',1667308339),('client','87',1667308444),('client','88',1667308689),('client','89',1667308873),('client','9',1661626624),('client','90',1667309017),('client','91',1667309464),('client','92',1667310409),('client','93',1667310466),('client','94',1667310615),('client','95',1667310731),('client','96',1667311137),('client','97',1667311529),('client','98',1667311799),('client','99',1667312007);
/*!40000 ALTER TABLE `auth_assignment` ENABLE KEYS */;
UNLOCK TABLES;

--
-- Table structure for table `auth_code`
--

DROP TABLE IF EXISTS `auth_code`;
/*!40101 SET @saved_cs_client     = @@character_set_client */;
/*!40101 SET character_set_client = utf8 */;
CREATE TABLE `auth_code` (
  `id` int(11) NOT NULL AUTO_INCREMENT,
  `user_id` int(11) NOT NULL,
  `code` int(11) NOT NULL,
  `date` int(11) NOT NULL,
  `ip` varchar(15) DEFAULT '0.0.0.0',
  PRIMARY KEY (`id`)
) ENGINE=InnoDB AUTO_INCREMENT=2559 DEFAULT CHARSET=utf8mb4 COLLATE=utf8mb4_general_ci;
/*!40101 SET character_set_client = @saved_cs_client */;

--
-- Dumping data for table `auth_code`
--

LOCK TABLES `auth_code` WRITE;
/*!40000 ALTER TABLE `auth_code` DISABLE KEYS */;
INSERT INTO `auth_code` VALUES (1,139,396473,1672139236,'0.0.0.0'),(3,139,127342,1672140411,'0.0.0.0'),(4,139,137667,1672140413,'0.0.0.0'),(5,139,886839,1672141029,'0.0.0.0'),(6,139,378306,1672141066,'0.0.0.0'),(7,139,114232,1672141436,'0.0.0.0'),(8,139,415895,1672141821,'0.0.0.0'),(9,139,648512,1672141875,'0.0.0.0'),(10,139,301503,1672141928,'0.0.0.0'),(11,139,366587,1672141985,'0.0.0.0'),(12,139,450092,1672142007,'0.0.0.0'),(13,139,346662,1672142180,'0.0.0.0'),(14,139,612942,1672142221,'0.0.0.0'),(15,139,289724,1672142330,'0.0.0.0'),(16,139,739748,1672142358,'0.0.0.0'),(19,141,271275,1672310525,'0.0.0.0'),(20,141,368609,1672310594,'0.0.0.0'),(21,142,480170,1672310881,'0.0.0.0'),(23,144,957726,1673277180,'0.0.0.0'),(24,144,731838,1673277193,'0.0.0.0'),(25,146,809565,1673277446,'0.0.0.0'),(26,147,386721,1673815042,'0.0.0.0'),(27,147,443062,1673815054,'0.0.0.0'),(28,147,757174,1673815066,'0.0.0.0'),(29,147,541825,1673815088,'0.0.0.0'),(30,147,634901,1673815098,'0.0.0.0'),(31,147,962613,1673815112,'0.0.0.0'),(32,147,780362,1673815299,'0.0.0.0'),(33,147,752452,1673815312,'0.0.0.0'),(35,148,564798,1674824621,'0.0.0.0'),(36,148,568193,1674868526,'0.0.0.0'),(37,148,565433,1675097716,'0.0.0.0'),(38,148,480759,1675097723,'0.0.0.0'),(39,148,603536,1675105696,'0.0.0.0'),(42,151,598316,1681729040,'0.0.0.0'),(45,151,594227,1681967257,'0.0.0.0'),(46,151,393287,1682009563,'0.0.0.0'),(47,151,360204,1682009693,'0.0.0.0'),(48,151,146529,1682010332,'0.0.0.0'),(49,151,119105,1682010379,'0.0.0.0'),(50,151,658619,1682010409,'0.0.0.0'),(51,151,706624,1682010446,'0.0.0.0'),(52,151,252799,1682010567,'0.0.0.0'),(53,151,190259,1682014480,'0.0.0.0'),(54,151,393400,1682014585,'0.0.0.0'),(55,151,308869,1682014603,'0.0.0.0'),(56,151,730776,1682052871,'0.0.0.0'),(57,151,137464,1682058877,'0.0.0.0'),(58,151,772579,1682059306,'0.0.0.0'),(59,151,908504,1682059417,'0.0.0.0'),(60,151,726813,1682059674,'0.0.0.0'),(61,151,514831,1682059728,'0.0.0.0'),(62,151,155246,1682059775,'0.0.0.0'),(63,151,837516,1682059864,'0.0.0.0'),(64,151,939663,1682060316,'0.0.0.0'),(65,151,438088,1682060415,'0.0.0.0'),(66,151,915579,1682060626,'0.0.0.0'),(68,151,209563,1682068026,'0.0.0.0'),(69,185,985029,1682153954,'0.0.0.0'),(70,186,228155,1682157153,'0.0.0.0'),(71,186,175280,1682157556,'0.0.0.0'),(72,186,612450,1682162595,'0.0.0.0'),(73,187,832182,1682171182,'0.0.0.0'),(74,188,875603,1682174530,'0.0.0.0'),(75,154,765602,1682179844,'0.0.0.0'),(76,188,344845,1682182310,'0.0.0.0'),(77,188,679579,1682182819,'0.0.0.0'),(78,188,793070,1682182830,'0.0.0.0'),(79,188,282053,1682183422,'0.0.0.0'),(80,190,472067,1682256434,'0.0.0.0'),(81,184,465595,1682323868,'0.0.0.0'),(82,184,749156,1682324707,'0.0.0.0'),(83,158,440465,1682330629,'0.0.0.0'),(84,158,540224,1682330649,'0.0.0.0'),(85,158,693533,1682330656,'0.0.0.0'),(86,154,240809,1682332244,'0.0.0.0'),(87,154,175044,1682332286,'0.0.0.0'),(88,154,648391,1682332291,'0.0.0.0'),(89,154,785974,1682332349,'0.0.0.0'),(90,193,163688,1682335601,'0.0.0.0'),(91,194,796509,1682337206,'0.0.0.0'),(92,195,569674,1682338100,'0.0.0.0'),(93,195,333953,1682338453,'0.0.0.0'),(94,195,355767,1682338726,'0.0.0.0'),(95,195,458374,1682338738,'0.0.0.0'),(96,195,135269,1682338956,'0.0.0.0'),(97,195,892925,1682338969,'0.0.0.0'),(98,196,753822,1682339050,'0.0.0.0'),(99,196,185217,1682339079,'0.0.0.0'),(100,196,991581,1682339104,'0.0.0.0'),(101,196,490068,1682339181,'0.0.0.0'),(102,196,838645,1682339726,'0.0.0.0'),(103,197,671633,1682341788,'0.0.0.0'),(104,197,571879,1682341953,'0.0.0.0'),(105,154,745129,1682342256,'0.0.0.0'),(106,154,249479,1682342274,'0.0.0.0'),(107,154,872221,1682342554,'0.0.0.0'),(108,154,877259,1682342572,'0.0.0.0'),(109,194,709572,1682342579,'0.0.0.0'),(110,154,355724,1682342671,'0.0.0.0'),(111,197,559992,1682342768,'0.0.0.0'),(112,154,579573,1682343182,'0.0.0.0'),(115,1,918272,1682359506,'0.0.0.0'),(116,1,242999,1682359546,'0.0.0.0'),(117,1,187982,1682359562,'0.0.0.0'),(118,1,119761,1682359647,'0.0.0.0'),(120,1,653104,1682359854,'0.0.0.0'),(121,1,555021,1682359894,'0.0.0.0'),(122,198,453827,1682394488,'0.0.0.0'),(123,199,452514,1682394640,'0.0.0.0'),(125,199,918965,1682394911,'0.0.0.0'),(127,201,379416,1682398107,'0.0.0.0'),(130,203,595866,1682399058,'0.0.0.0'),(131,199,828915,1682399777,'0.0.0.0'),(132,199,486587,1682399984,'0.0.0.0'),(133,199,144714,1682400095,'0.0.0.0'),(134,199,390829,1682400239,'0.0.0.0'),(135,199,725352,1682400334,'0.0.0.0'),(136,199,428195,1682400619,'0.0.0.0'),(137,199,843772,1682400832,'0.0.0.0'),(138,199,317765,1682401104,'0.0.0.0'),(139,199,377588,1682401278,'0.0.0.0'),(141,199,694866,1682402212,'0.0.0.0'),(142,199,891957,1682402809,'0.0.0.0'),(143,199,447291,1682403129,'0.0.0.0'),(145,199,846466,1682403381,'0.0.0.0'),(147,205,902017,1682408693,'0.0.0.0'),(148,206,938809,1682410107,'0.0.0.0'),(149,199,269942,1682411728,'0.0.0.0'),(154,198,403550,1682413587,'0.0.0.0'),(156,198,443601,1682414074,'0.0.0.0'),(157,198,288061,1682414217,'0.0.0.0'),(158,198,752339,1682414250,'0.0.0.0'),(159,198,747184,1682414300,'0.0.0.0'),(162,198,427577,1682414798,'0.0.0.0'),(169,199,988112,1682421621,'0.0.0.0'),(174,209,886523,1682423764,'0.0.0.0'),(184,216,774697,1682429150,'0.0.0.0'),(185,217,321987,1682429312,'0.0.0.0'),(186,218,719914,1682429402,'0.0.0.0'),(188,220,916917,1682431023,'0.0.0.0'),(190,222,102536,1682431757,'0.0.0.0'),(191,223,595463,1682432415,'0.0.0.0'),(192,224,504471,1682432511,'0.0.0.0'),(193,225,434376,1682433361,'0.0.0.0'),(195,226,759049,1682434334,'0.0.0.0'),(196,226,944860,1682434489,'0.0.0.0'),(197,226,204425,1682434777,'0.0.0.0'),(198,226,797833,1682435142,'0.0.0.0'),(199,227,426194,1682437996,'0.0.0.0'),(202,222,169317,1682441595,'0.0.0.0'),(203,222,329806,1682442303,'0.0.0.0'),(204,222,646294,1682442428,'0.0.0.0'),(213,226,293288,1682484197,'0.0.0.0'),(215,226,833633,1682484892,'0.0.0.0'),(216,226,992294,1682484892,'0.0.0.0'),(218,226,656957,1682485191,'0.0.0.0'),(221,231,625261,1682485379,'0.0.0.0'),(262,237,920954,1682507398,'0.0.0.0'),(263,238,739164,1682507508,'0.0.0.0'),(269,241,912941,1682712484,'0.0.0.0'),(270,242,181010,1682712515,'0.0.0.0'),(273,244,534149,1682760970,'0.0.0.0'),(274,245,379874,1682858557,'0.0.0.0'),(275,1,849554,1682921944,'0.0.0.0'),(276,230,519871,1683011269,'0.0.0.0'),(277,230,294413,1683011293,'0.0.0.0'),(278,230,201839,1683024631,'0.0.0.0'),(279,230,696748,1683024666,'0.0.0.0'),(280,230,976009,1683024850,'0.0.0.0'),(284,246,920426,1683025687,'0.0.0.0'),(286,247,845904,1683025904,'0.0.0.0'),(287,247,316788,1683029255,'0.0.0.0'),(288,247,489943,1683042079,'0.0.0.0'),(289,247,321143,1683042509,'0.0.0.0'),(290,247,815264,1683042789,'0.0.0.0'),(291,247,909910,1683042937,'0.0.0.0'),(292,247,736548,1683043166,'0.0.0.0'),(293,247,315967,1683043274,'0.0.0.0'),(294,247,436631,1683043440,'0.0.0.0'),(295,247,191748,1683043703,'0.0.0.0'),(300,250,327396,1683084433,'0.0.0.0'),(301,246,822438,1683089921,'0.0.0.0'),(302,246,835634,1683090368,'0.0.0.0'),(303,246,311852,1683090425,'0.0.0.0'),(304,246,544424,1683090593,'0.0.0.0'),(307,252,896952,1683102830,'0.0.0.0'),(308,252,304817,1683104432,'0.0.0.0'),(309,233,979273,1683104519,'0.0.0.0'),(310,253,424887,1683105763,'0.0.0.0'),(311,247,655677,1683106985,'0.0.0.0'),(312,247,394707,1683107603,'0.0.0.0'),(315,255,822775,1683167761,'0.0.0.0'),(316,256,405868,1683174839,'0.0.0.0'),(319,256,469537,1683175406,'0.0.0.0'),(320,256,680430,1683178626,'0.0.0.0'),(321,256,306265,1683178775,'0.0.0.0'),(322,256,100524,1683178814,'0.0.0.0'),(323,256,504313,1683178830,'0.0.0.0'),(325,256,596293,1683179047,'0.0.0.0'),(326,256,313644,1683179117,'0.0.0.0'),(327,256,737278,1683188774,'0.0.0.0'),(328,256,917679,1683188853,'0.0.0.0'),(329,256,130565,1683189022,'0.0.0.0'),(330,247,383597,1683192567,'0.0.0.0'),(331,247,272014,1683198485,'0.0.0.0'),(332,247,527506,1683198857,'0.0.0.0'),(333,247,436377,1683199273,'0.0.0.0'),(334,247,861004,1683199415,'0.0.0.0'),(335,247,975942,1683199762,'0.0.0.0'),(336,247,535798,1683200022,'0.0.0.0'),(337,247,745206,1683200188,'0.0.0.0'),(338,247,151194,1683202111,'0.0.0.0'),(339,247,816329,1683202676,'0.0.0.0'),(340,247,153416,1683202933,'0.0.0.0'),(341,247,940704,1683203215,'0.0.0.0'),(343,247,238093,1683203891,'0.0.0.0'),(345,247,981729,1683204434,'0.0.0.0'),(352,247,611502,1683259822,'0.0.0.0'),(357,257,191902,1683263756,'0.0.0.0'),(359,247,279531,1683265448,'0.0.0.0'),(361,247,450606,1683265868,'0.0.0.0'),(366,259,515400,1683267501,'0.0.0.0'),(373,260,457070,1683270621,'0.0.0.0'),(386,254,335988,1683300836,'0.0.0.0'),(388,268,357859,1683486788,'0.0.0.0'),(390,270,605082,1683527371,'0.0.0.0'),(391,271,720322,1683532001,'0.0.0.0'),(392,272,705745,1683535253,'0.0.0.0'),(393,230,279466,1683625230,'0.0.0.0'),(395,247,731459,1683778717,'0.0.0.0'),(400,267,967308,1683875020,'0.0.0.0'),(415,274,987028,1684401067,'0.0.0.0'),(419,274,775027,1684725990,'0.0.0.0'),(422,274,412543,1684753367,'0.0.0.0'),(427,274,644176,1684811969,'0.0.0.0'),(446,278,968875,1684918652,'0.0.0.0'),(447,279,487783,1684918888,'0.0.0.0'),(455,1,485152,1685291400,'0.0.0.0'),(456,1,197227,1685291543,'0.0.0.0'),(457,1,788717,1685291782,'0.0.0.0'),(458,1,181196,1685298147,'0.0.0.0'),(459,1,579206,1685298443,'0.0.0.0'),(460,1,382692,1685298674,'0.0.0.0'),(472,283,985827,1685447092,'0.0.0.0'),(476,281,197813,1685456465,'0.0.0.0'),(481,284,714571,1685466915,'0.0.0.0'),(483,281,627775,1685468895,'0.0.0.0'),(493,281,919110,1685524424,'0.0.0.0'),(500,286,177345,1685610053,'0.0.0.0'),(502,288,992927,1685613445,'0.0.0.0'),(503,289,267484,1685613848,'0.0.0.0'),(504,290,827116,1685615530,'0.0.0.0'),(505,291,952239,1685615658,'0.0.0.0'),(506,292,312877,1685615772,'0.0.0.0'),(511,293,881136,1685622796,'0.0.0.0'),(516,295,877378,1685687778,'0.0.0.0'),(519,296,568943,1685701918,'0.0.0.0'),(520,297,522380,1685702117,'0.0.0.0'),(521,273,855564,1685703407,'0.0.0.0'),(523,298,315408,1685705943,'0.0.0.0'),(524,299,712143,1685709199,'0.0.0.0'),(525,300,833813,1685713039,'0.0.0.0'),(526,295,305881,1685784883,'0.0.0.0'),(527,295,973901,1685784890,'0.0.0.0'),(528,295,857020,1685784987,'0.0.0.0'),(529,295,309295,1685785007,'0.0.0.0'),(530,295,271557,1685785023,'0.0.0.0'),(531,295,548174,1685785085,'0.0.0.0'),(532,295,646606,1685785329,'0.0.0.0'),(533,295,801350,1685786061,'0.0.0.0'),(534,295,239801,1685786068,'0.0.0.0'),(535,295,108944,1685786078,'0.0.0.0'),(536,295,856804,1685786090,'0.0.0.0'),(537,295,417460,1685786122,'0.0.0.0'),(538,295,983685,1685786316,'0.0.0.0'),(539,295,177627,1685786582,'0.0.0.0'),(540,295,225794,1685786814,'0.0.0.0'),(541,295,446910,1685786884,'0.0.0.0'),(542,295,803242,1685787016,'0.0.0.0'),(543,295,953921,1685787429,'0.0.0.0'),(544,295,992110,1685787689,'0.0.0.0'),(545,295,977610,1685787932,'0.0.0.0'),(546,295,737308,1685788595,'0.0.0.0'),(547,295,162204,1685788789,'0.0.0.0'),(548,295,501895,1685788924,'0.0.0.0'),(549,295,338987,1685789046,'0.0.0.0'),(550,295,123127,1685789658,'0.0.0.0'),(551,295,562324,1685789740,'0.0.0.0'),(552,295,247518,1685789940,'0.0.0.0'),(553,295,315621,1685790551,'0.0.0.0'),(554,295,602870,1685790678,'0.0.0.0'),(555,295,790680,1685790756,'0.0.0.0'),(556,295,705640,1685790869,'0.0.0.0'),(557,295,563198,1685791017,'0.0.0.0'),(558,295,644292,1685791447,'0.0.0.0'),(559,295,703981,1685791628,'0.0.0.0'),(560,295,601991,1685791779,'0.0.0.0'),(561,295,363226,1685793040,'0.0.0.0'),(562,295,498368,1685793337,'0.0.0.0'),(563,295,421043,1685793386,'0.0.0.0'),(564,295,852101,1685794342,'0.0.0.0'),(565,295,335053,1685795587,'0.0.0.0'),(566,295,896703,1685795845,'0.0.0.0'),(567,295,860313,1685796791,'0.0.0.0'),(568,295,982375,1685796951,'0.0.0.0'),(569,295,430942,1685797861,'0.0.0.0'),(570,295,592960,1685798080,'0.0.0.0'),(571,295,831004,1685798233,'0.0.0.0'),(572,295,526664,1685798601,'0.0.0.0'),(573,295,301358,1685798720,'0.0.0.0'),(574,295,702501,1685798802,'0.0.0.0'),(575,295,981300,1685799052,'0.0.0.0'),(576,295,777026,1685799175,'0.0.0.0'),(577,295,351447,1685799181,'0.0.0.0'),(578,295,244392,1685799304,'0.0.0.0'),(579,288,565968,1685864028,'0.0.0.0'),(580,288,612307,1685911514,'0.0.0.0'),(581,283,478701,1685935582,'0.0.0.0'),(587,295,119022,1685945736,'0.0.0.0'),(588,295,849581,1685945743,'0.0.0.0'),(589,295,512580,1685945822,'0.0.0.0'),(590,295,981570,1685945830,'0.0.0.0'),(592,295,859106,1685959081,'0.0.0.0'),(593,295,722535,1685959089,'0.0.0.0'),(594,295,813842,1685959090,'0.0.0.0'),(595,295,565002,1685959090,'0.0.0.0'),(596,295,885750,1685959091,'0.0.0.0'),(597,295,492557,1685959094,'0.0.0.0'),(598,295,133506,1685969423,'0.0.0.0'),(599,295,454797,1685969622,'0.0.0.0'),(600,287,972194,1685969664,'0.0.0.0'),(601,287,831687,1685969699,'0.0.0.0'),(603,295,423812,1685975130,'0.0.0.0'),(604,295,799005,1685975137,'0.0.0.0'),(606,295,976584,1685975979,'0.0.0.0'),(607,301,771907,1685976849,'0.0.0.0'),(609,287,284219,1685978981,'0.0.0.0'),(614,295,939447,1686031689,'0.0.0.0'),(616,287,548770,1686058530,'0.0.0.0'),(617,295,468295,1686058874,'0.0.0.0'),(619,302,908919,1686064758,'0.0.0.0'),(625,287,488048,1686126887,'0.0.0.0'),(626,303,842770,1686126951,'0.0.0.0'),(627,295,525805,1686129406,'0.0.0.0'),(628,295,222170,1686129503,'0.0.0.0'),(629,295,679565,1686129576,'0.0.0.0'),(630,295,429006,1686131360,'0.0.0.0'),(631,295,367546,1686131454,'0.0.0.0'),(632,304,420956,1686131858,'0.0.0.0'),(633,305,245040,1686132306,'0.0.0.0'),(634,295,556856,1686132594,'0.0.0.0'),(635,295,859129,1686132771,'0.0.0.0'),(636,306,900112,1686132894,'0.0.0.0'),(637,294,457243,1686144577,'0.0.0.0'),(652,308,678893,1686217985,'0.0.0.0'),(658,295,348551,1686225025,'0.0.0.0'),(670,312,867210,1686286033,'0.0.0.0'),(683,230,941821,1686551440,'0.0.0.0'),(697,309,595110,1686561520,'0.0.0.0'),(705,316,486800,1686641065,'0.0.0.0'),(707,316,357450,1686644151,'0.0.0.0'),(708,316,317978,1686644383,'0.0.0.0'),(709,316,408416,1686644522,'0.0.0.0'),(710,316,190560,1686644560,'0.0.0.0'),(711,316,723316,1686644575,'0.0.0.0'),(712,316,895812,1686644658,'0.0.0.0'),(713,316,101976,1686644806,'0.0.0.0'),(714,316,513366,1686645102,'0.0.0.0'),(725,315,387176,1686824708,'0.0.0.0'),(726,315,707423,1686824755,'0.0.0.0'),(727,315,182837,1686824776,'0.0.0.0'),(728,315,513709,1686825443,'0.0.0.0'),(733,319,537637,1686833835,'0.0.0.0'),(738,316,306118,1686835023,'0.0.0.0'),(741,316,713699,1686836254,'0.0.0.0'),(742,316,663732,1686837792,'0.0.0.0'),(743,316,324819,1686837927,'0.0.0.0'),(744,316,805100,1686838058,'0.0.0.0'),(745,316,463982,1686838392,'0.0.0.0'),(746,316,263120,1686839021,'0.0.0.0'),(747,316,576245,1686839059,'0.0.0.0'),(748,316,505658,1686839259,'0.0.0.0'),(749,316,100641,1686839373,'0.0.0.0'),(750,316,355988,1686839630,'0.0.0.0'),(751,316,857185,1686839748,'0.0.0.0'),(752,316,660529,1686840961,'0.0.0.0'),(753,316,423141,1686841120,'0.0.0.0'),(755,316,103010,1686849380,'0.0.0.0'),(756,316,240929,1686849457,'0.0.0.0'),(757,316,110607,1686849508,'0.0.0.0'),(758,316,302511,1686849760,'0.0.0.0'),(759,316,193857,1686850147,'0.0.0.0'),(760,316,985257,1686851151,'0.0.0.0'),(761,316,186236,1686898937,'0.0.0.0'),(762,316,682498,1686899373,'0.0.0.0'),(763,316,170084,1686899627,'0.0.0.0'),(764,316,945007,1686899746,'0.0.0.0'),(765,316,567135,1686900103,'0.0.0.0'),(766,316,509920,1686900535,'0.0.0.0'),(767,316,976099,1686900611,'0.0.0.0'),(768,316,912483,1686900670,'0.0.0.0'),(769,316,494057,1686901130,'0.0.0.0'),(770,316,791838,1686901257,'0.0.0.0'),(771,316,760275,1686901448,'0.0.0.0'),(791,316,847613,1687178620,'0.0.0.0'),(792,316,982841,1687178689,'0.0.0.0'),(796,295,818110,1687191173,'0.0.0.0'),(798,316,273162,1687193146,'0.0.0.0'),(799,316,422501,1687193353,'0.0.0.0'),(800,316,729787,1687193590,'0.0.0.0'),(801,316,565796,1687193738,'0.0.0.0'),(807,315,378211,1687252527,'0.0.0.0'),(808,315,894713,1687252750,'0.0.0.0'),(810,315,303395,1687252993,'0.0.0.0'),(818,316,986459,1687359194,'0.0.0.0'),(825,316,105312,1687769705,'0.0.0.0'),(831,316,927830,1687809482,'0.0.0.0'),(833,320,935136,1687870166,'0.0.0.0'),(845,321,162666,1688028410,'0.0.0.0'),(846,322,731493,1688029048,'0.0.0.0'),(859,317,159162,1689186085,'0.0.0.0'),(862,317,986978,1689226737,'0.0.0.0'),(867,323,831457,1689271275,'0.0.0.0'),(868,324,192888,1689272838,'0.0.0.0'),(869,325,881790,1689273012,'0.0.0.0'),(893,328,323691,1689934837,'0.0.0.0'),(906,315,641202,1690536943,'0.0.0.0'),(907,330,966046,1690537233,'0.0.0.0'),(908,331,580183,1690537342,'0.0.0.0'),(914,336,134503,1690617757,'0.0.0.0'),(916,282,988489,1690811934,'0.0.0.0'),(917,315,923789,1690812279,'0.0.0.0'),(918,282,750675,1690812424,'0.0.0.0'),(919,337,968901,1690812676,'0.0.0.0'),(920,337,438957,1690821249,'0.0.0.0'),(921,337,738821,1690849195,'0.0.0.0'),(922,337,310868,1690862908,'0.0.0.0'),(923,337,906570,1690862959,'0.0.0.0'),(925,337,746503,1690872657,'0.0.0.0'),(926,338,755624,1690872763,'0.0.0.0'),(931,340,155486,1691414975,'0.0.0.0'),(933,342,356287,1691419392,'0.0.0.0'),(934,343,815394,1691419461,'0.0.0.0'),(935,344,195627,1691419593,'0.0.0.0'),(936,345,151304,1691419834,'0.0.0.0'),(937,346,301844,1691420731,'0.0.0.0'),(938,347,341805,1691421052,'0.0.0.0'),(939,348,831507,1691421696,'0.0.0.0'),(940,349,614785,1691453793,'0.0.0.0'),(941,350,671940,1691453848,'0.0.0.0'),(942,351,406793,1691468157,'0.0.0.0'),(943,352,332219,1691468405,'0.0.0.0'),(945,352,728239,1691497732,'0.0.0.0'),(946,353,199090,1691547353,'0.0.0.0'),(947,354,991606,1691547443,'0.0.0.0'),(948,355,596065,1691576778,'0.0.0.0'),(949,356,216700,1691580000,'0.0.0.0'),(950,357,910382,1691601412,'0.0.0.0'),(951,358,789573,1691659147,'0.0.0.0'),(952,315,978954,1691659218,'0.0.0.0'),(953,359,296826,1691659251,'0.0.0.0'),(955,230,848071,1691659643,'0.0.0.0'),(956,360,833084,1691659698,'0.0.0.0'),(957,356,601216,1691663549,'0.0.0.0'),(958,337,784710,1692092482,'0.0.0.0'),(959,361,534820,1692092828,'0.0.0.0'),(960,356,447823,1692183204,'0.0.0.0'),(967,356,231869,1692336855,'0.0.0.0'),(968,356,417570,1692542408,'0.0.0.0'),(973,356,974369,1692680758,'0.0.0.0'),(974,362,421794,1692685302,'0.0.0.0'),(980,356,509335,1692767836,'0.0.0.0'),(982,356,381009,1692864864,'0.0.0.0'),(984,356,956338,1692965770,'0.0.0.0'),(985,356,323289,1693058095,'0.0.0.0'),(990,356,514264,1693314810,'0.0.0.0'),(997,356,191617,1693571319,'0.0.0.0'),(1002,356,344546,1693657831,'0.0.0.0'),(1003,356,653455,1693789161,'0.0.0.0'),(1008,356,230401,1693897889,'0.0.0.0'),(1015,356,851092,1694162667,'0.0.0.0'),(1017,356,118109,1694254987,'0.0.0.0'),(1018,356,383552,1694355666,'0.0.0.0'),(1021,357,872246,1694414148,'0.0.0.0'),(1022,351,711580,1694414513,'0.0.0.0'),(1023,351,995229,1694414566,'0.0.0.0'),(1024,357,276829,1694414588,'0.0.0.0'),(1025,351,707287,1694414700,'0.0.0.0'),(1026,357,695793,1694415969,'0.0.0.0'),(1031,1,585309,1694444995,'0.0.0.0'),(1034,315,464929,1694502362,'0.0.0.0'),(1036,364,274554,1694502664,'0.0.0.0'),(1037,307,550113,1694503183,'0.0.0.0'),(1038,356,122794,1694512552,'0.0.0.0'),(1042,356,437104,1694605759,'0.0.0.0'),(1047,315,520426,1694685155,'0.0.0.0'),(1048,356,577723,1701319535,'0.0.0.0'),(1053,1,618433,1701354700,'0.0.0.0'),(1054,1,117033,1701354775,'0.0.0.0'),(1055,1,233359,1701355144,'0.0.0.0'),(1056,1,107016,1701355720,'0.0.0.0'),(1057,1,706183,1701356511,'0.0.0.0'),(1058,1,846101,1701356628,'0.0.0.0'),(1059,1,927559,1701356963,'0.0.0.0'),(1060,1,940913,1701357092,'0.0.0.0'),(1065,1,942174,1701405432,'0.0.0.0'),(1066,1,230000,1701405475,'0.0.0.0'),(1067,1,492725,1701410104,'0.0.0.0'),(1069,365,257523,1701431595,'0.0.0.0'),(1079,366,256068,1701440416,'0.0.0.0'),(1082,366,526530,1701441337,'0.0.0.0'),(1083,367,805363,1701442400,'0.0.0.0'),(1084,368,821672,1701442530,'0.0.0.0'),(1097,366,596159,1701455154,'0.0.0.0'),(1098,366,872109,1701455350,'0.0.0.0'),(1099,366,764944,1701455358,'0.0.0.0'),(1100,366,577497,1701455643,'0.0.0.0'),(1101,366,919035,1701455829,'0.0.0.0'),(1102,366,408761,1701456330,'0.0.0.0'),(1103,366,113683,1701456967,'0.0.0.0'),(1104,366,240373,1701457205,'0.0.0.0'),(1105,366,806456,1701457257,'0.0.0.0'),(1106,366,311106,1701457521,'0.0.0.0'),(1107,366,993949,1701457596,'0.0.0.0'),(1108,366,301111,1701458423,'0.0.0.0'),(1109,369,196925,1701465662,'0.0.0.0'),(1111,366,662915,1701502803,'0.0.0.0'),(1112,366,104418,1701502930,'0.0.0.0'),(1113,366,139688,1701503052,'0.0.0.0'),(1114,366,308997,1701503101,'0.0.0.0'),(1118,366,494651,1701508011,'0.0.0.0'),(1119,366,250115,1701508097,'0.0.0.0'),(1120,366,287116,1701508201,'0.0.0.0'),(1122,370,324784,1701511262,'0.0.0.0'),(1127,370,343750,1701523009,'0.0.0.0'),(1129,370,127588,1701523172,'0.0.0.0'),(1131,371,420328,1701539887,'0.0.0.0'),(1132,370,753082,1701540312,'0.0.0.0'),(1133,370,421248,1701540417,'0.0.0.0'),(1134,370,100454,1701540510,'0.0.0.0'),(1135,370,984941,1701540791,'0.0.0.0'),(1139,373,361483,1701589605,'0.0.0.0'),(1140,374,980850,1701591466,'0.0.0.0'),(1141,375,849649,1701591487,'0.0.0.0'),(1142,376,185490,1701591570,'0.0.0.0'),(1143,377,363540,1701591622,'0.0.0.0'),(1144,378,924839,1701591640,'0.0.0.0'),(1145,379,501207,1701591913,'0.0.0.0'),(1146,380,315672,1701591932,'0.0.0.0'),(1147,381,439616,1701592057,'0.0.0.0'),(1148,382,684633,1701592087,'0.0.0.0'),(1149,383,215947,1701592486,'0.0.0.0'),(1150,384,171932,1701592633,'0.0.0.0'),(1151,385,357455,1701592643,'0.0.0.0'),(1152,386,693943,1701592784,'0.0.0.0'),(1153,387,239844,1701592796,'0.0.0.0'),(1154,388,394604,1701592846,'0.0.0.0'),(1155,389,742081,1701592900,'0.0.0.0'),(1156,390,766193,1701592909,'0.0.0.0'),(1157,391,758247,1701593034,'0.0.0.0'),(1158,392,173362,1701593225,'0.0.0.0'),(1159,393,877486,1701593246,'0.0.0.0'),(1160,394,531571,1701593435,'0.0.0.0'),(1161,395,461486,1701593475,'0.0.0.0'),(1162,396,720733,1701593547,'0.0.0.0'),(1163,397,429746,1701593565,'0.0.0.0'),(1164,398,548340,1701593622,'0.0.0.0'),(1165,399,866235,1701593934,'0.0.0.0'),(1166,400,860678,1701594392,'0.0.0.0'),(1167,401,595020,1701594400,'0.0.0.0'),(1168,402,463567,1701595039,'0.0.0.0'),(1169,403,244035,1701595341,'0.0.0.0'),(1170,404,701015,1701596140,'0.0.0.0'),(1171,370,120726,1701596263,'0.0.0.0'),(1173,405,333324,1701598765,'0.0.0.0'),(1174,370,327553,1701598892,'0.0.0.0'),(1175,370,653995,1701598970,'0.0.0.0'),(1176,370,837082,1701599176,'0.0.0.0'),(1180,370,594138,1701608715,'0.0.0.0'),(1183,369,288923,1701610427,'0.0.0.0'),(1186,370,507302,1701614141,'0.0.0.0'),(1192,407,617071,1701853206,'0.0.0.0'),(1193,407,526048,1701853224,'0.0.0.0'),(1194,407,484687,1701853466,'0.0.0.0'),(1196,409,397628,1701858011,'0.0.0.0'),(1197,409,476702,1701858112,'0.0.0.0'),(1198,409,995152,1701858114,'0.0.0.0'),(1199,410,331102,1701858138,'0.0.0.0'),(1200,410,744482,1701858205,'0.0.0.0'),(1202,411,370085,1701858305,'0.0.0.0'),(1208,356,589066,1701905942,'0.0.0.0'),(1211,410,342194,1701956458,'0.0.0.0'),(1212,410,844151,1701956489,'0.0.0.0'),(1213,410,814510,1701956525,'0.0.0.0'),(1215,1,440028,1702211286,'0.0.0.0'),(1218,412,556709,1702229214,'0.0.0.0'),(1219,412,243593,1702229234,'0.0.0.0'),(1220,412,291996,1702229244,'0.0.0.0'),(1221,412,648496,1702229303,'0.0.0.0'),(1223,1,652184,1702477719,'0.0.0.0'),(1224,1,628516,1702542308,'0.0.0.0'),(1225,1,384870,1702542308,'0.0.0.0'),(1226,1,356458,1702542308,'0.0.0.0'),(1227,1,511588,1702543287,'0.0.0.0'),(1228,1,240831,1702543870,'0.0.0.0'),(1229,1,483201,1702544922,'0.0.0.0'),(1230,1,846135,1702549070,'0.0.0.0'),(1231,1,515270,1702549660,'0.0.0.0'),(1232,1,573310,1702550906,'0.0.0.0'),(1233,413,334206,1702550958,'0.0.0.0'),(1234,413,396169,1702552013,'0.0.0.0'),(1235,413,744347,1702553078,'0.0.0.0'),(1236,413,388173,1702553183,'0.0.0.0'),(1237,413,915763,1702553251,'0.0.0.0'),(1238,413,216064,1702553955,'0.0.0.0'),(1239,413,588778,1702555463,'0.0.0.0'),(1240,414,624859,1702565115,'0.0.0.0'),(1241,415,259516,1702570118,'0.0.0.0'),(1242,416,702812,1702579863,'0.0.0.0'),(1243,417,644210,1702580090,'0.0.0.0'),(1244,356,895494,1702602017,'0.0.0.0'),(1245,356,813037,1702603304,'0.0.0.0'),(1247,418,540098,1702819039,'0.0.0.0'),(1248,419,603961,1702819538,'0.0.0.0'),(1249,420,871807,1702819710,'0.0.0.0'),(1252,418,333462,1702830485,'0.0.0.0'),(1253,418,801672,1702834322,'0.0.0.0'),(1255,423,178511,1702834610,'0.0.0.0'),(1256,423,291496,1702834635,'0.0.0.0'),(1257,423,769198,1702834658,'0.0.0.0'),(1258,423,683182,1702834965,'0.0.0.0'),(1264,1,493948,1702966367,'0.0.0.0'),(1265,1,126847,1702975704,'0.0.0.0'),(1266,426,363079,1702976008,'0.0.0.0'),(1267,1,494117,1702978084,'0.0.0.0'),(1269,356,395673,1703049995,'0.0.0.0'),(1270,356,504192,1703050551,'0.0.0.0'),(1272,427,898547,1703355097,'0.0.0.0'),(1274,356,591836,1703395477,'0.0.0.0'),(1275,356,355772,1703401141,'0.0.0.0'),(1276,356,986678,1703401507,'0.0.0.0'),(1277,356,868700,1703401599,'0.0.0.0'),(1279,356,652957,1703510269,'0.0.0.0'),(1282,428,296243,1703529686,'0.0.0.0'),(1284,356,430038,1703555211,'0.0.0.0'),(1285,356,850882,1703556154,'0.0.0.0'),(1286,429,864581,1703571936,'0.0.0.0'),(1287,429,162979,1703571964,'0.0.0.0'),(1288,356,527111,1703572042,'0.0.0.0'),(1290,356,800914,1703583377,'0.0.0.0'),(1291,429,136223,1703585205,'0.0.0.0'),(1292,429,461024,1703587224,'0.0.0.0'),(1293,430,871795,1703589321,'0.0.0.0'),(1294,431,971017,1703589364,'0.0.0.0'),(1295,432,500121,1703589559,'0.0.0.0'),(1296,432,991806,1703590136,'0.0.0.0'),(1297,433,222671,1703591213,'0.0.0.0'),(1298,432,527304,1703591492,'0.0.0.0'),(1299,429,201165,1703593380,'0.0.0.0'),(1300,434,507653,1703600156,'0.0.0.0'),(1301,435,715048,1703600626,'0.0.0.0'),(1302,435,351712,1703600657,'0.0.0.0'),(1303,435,450288,1703600770,'0.0.0.0'),(1304,435,914554,1703600874,'0.0.0.0'),(1307,432,583699,1703612487,'0.0.0.0'),(1308,432,570968,1703618019,'0.0.0.0'),(1315,429,455446,1703657593,'0.0.0.0'),(1316,429,949377,1703673848,'0.0.0.0'),(1319,433,922499,1703678998,'0.0.0.0'),(1320,429,304493,1703680528,'0.0.0.0'),(1322,432,518376,1703697099,'0.0.0.0'),(1324,429,207856,1703754206,'0.0.0.0'),(1325,429,731950,1703757639,'0.0.0.0'),(1326,433,547632,1703765669,'0.0.0.0'),(1328,356,938987,1703786149,'0.0.0.0'),(1329,356,938320,1703786405,'0.0.0.0'),(1331,356,624826,1703786899,'0.0.0.0'),(1332,439,282151,1703787276,'0.0.0.0'),(1333,433,257334,1703787280,'0.0.0.0'),(1334,429,919515,1703787487,'0.0.0.0'),(1335,432,367869,1703787508,'0.0.0.0'),(1336,429,478975,1703788428,'0.0.0.0'),(1337,429,846112,1703822408,'0.0.0.0'),(1339,230,768303,1703836919,'0.0.0.0'),(1345,356,300217,1703917280,'0.0.0.0'),(1346,429,592620,1703918215,'0.0.0.0'),(1347,356,401231,1703918368,'0.0.0.0'),(1348,429,794250,1703918845,'0.0.0.0'),(1349,356,862120,1703918936,'0.0.0.0'),(1350,429,527444,1703919024,'0.0.0.0'),(1351,230,963234,1703934257,'0.0.0.0'),(1352,230,398019,1703934788,'0.0.0.0'),(1353,1,779822,1703935358,'0.0.0.0'),(1356,441,342502,1703994583,'0.0.0.0'),(1357,441,320654,1703994694,'0.0.0.0'),(1358,441,880339,1703994938,'0.0.0.0'),(1370,356,899309,1704167870,'0.0.0.0'),(1371,429,714497,1704170388,'0.0.0.0'),(1372,230,151403,1704192006,'0.0.0.0'),(1375,444,825437,1704196996,'0.0.0.0'),(1376,444,356926,1704197003,'0.0.0.0'),(1377,444,860484,1704197007,'0.0.0.0'),(1378,444,308320,1704197009,'0.0.0.0'),(1384,356,707799,1704202506,'0.0.0.0'),(1386,356,126961,1704214775,'0.0.0.0'),(1387,429,810595,1704214976,'0.0.0.0'),(1388,356,514967,1704215962,'0.0.0.0'),(1389,429,468998,1704221332,'0.0.0.0'),(1390,356,655073,1704221498,'0.0.0.0'),(1391,429,498767,1704221927,'0.0.0.0'),(1392,356,741888,1704222276,'0.0.0.0'),(1393,429,745142,1704222729,'0.0.0.0'),(1394,356,380745,1704222783,'0.0.0.0'),(1395,356,492203,1704222850,'0.0.0.0'),(1396,429,538065,1704222883,'0.0.0.0'),(1397,429,309323,1704223137,'0.0.0.0'),(1398,356,929279,1704225324,'0.0.0.0'),(1399,429,252711,1704225415,'0.0.0.0'),(1402,356,292935,1704265298,'0.0.0.0'),(1403,356,336930,1704270022,'0.0.0.0'),(1404,356,829415,1704270203,'0.0.0.0'),(1405,429,731252,1704276182,'0.0.0.0'),(1406,356,799357,1704276881,'0.0.0.0'),(1407,356,822762,1704276929,'0.0.0.0'),(1408,429,794679,1704277404,'0.0.0.0'),(1409,429,242635,1704278021,'0.0.0.0'),(1410,356,547435,1704278076,'0.0.0.0'),(1412,230,231196,1704306434,'0.0.0.0'),(1414,356,309795,1704316099,'0.0.0.0'),(1415,445,423573,1704319736,'0.0.0.0'),(1416,356,375758,1704364425,'0.0.0.0'),(1417,429,377228,1704364641,'0.0.0.0'),(1418,442,910706,1704371099,'0.0.0.0'),(1419,442,132598,1704371167,'0.0.0.0'),(1420,442,213276,1704371208,'0.0.0.0'),(1421,442,828363,1704371547,'0.0.0.0'),(1422,442,661917,1704371783,'0.0.0.0'),(1423,442,216362,1704372049,'0.0.0.0'),(1424,442,132604,1704372739,'0.0.0.0'),(1425,442,485564,1704374122,'0.0.0.0'),(1426,356,480715,1704374173,'0.0.0.0'),(1427,446,879186,1704374217,'0.0.0.0'),(1428,442,652709,1704374341,'0.0.0.0'),(1429,442,832407,1704374690,'0.0.0.0'),(1430,442,238499,1704375064,'0.0.0.0'),(1431,356,518368,1704375203,'0.0.0.0'),(1432,447,373968,1704375832,'0.0.0.0'),(1433,443,544651,1704376183,'0.0.0.0'),(1434,443,924398,1704376226,'0.0.0.0'),(1435,438,660643,1704376338,'0.0.0.0'),(1436,438,207568,1704376455,'0.0.0.0'),(1443,230,879530,1704447508,'0.0.0.0'),(1444,429,885756,1704448893,'0.0.0.0'),(1445,356,935035,1704450397,'0.0.0.0'),(1446,429,491563,1704450538,'0.0.0.0'),(1447,356,174474,1704450637,'0.0.0.0'),(1448,356,732564,1704456575,'0.0.0.0'),(1449,429,416386,1704456584,'0.0.0.0'),(1450,429,583501,1704457461,'0.0.0.0'),(1451,429,215072,1704457532,'0.0.0.0'),(1452,356,671315,1704458729,'0.0.0.0'),(1453,356,783050,1704458971,'0.0.0.0'),(1454,429,858470,1704462504,'0.0.0.0'),(1455,356,347971,1704462857,'0.0.0.0'),(1456,429,786082,1704463017,'0.0.0.0'),(1457,356,328132,1704463096,'0.0.0.0'),(1458,429,533191,1704463309,'0.0.0.0'),(1459,356,288632,1704463412,'0.0.0.0'),(1460,429,821102,1704463892,'0.0.0.0'),(1461,356,929590,1704464120,'0.0.0.0'),(1462,429,758959,1704464198,'0.0.0.0'),(1463,356,375299,1704464456,'0.0.0.0'),(1464,429,286760,1704464781,'0.0.0.0'),(1466,356,443156,1704466111,'0.0.0.0'),(1467,429,501100,1704466148,'0.0.0.0'),(1468,429,808321,1704466266,'0.0.0.0'),(1469,356,567909,1704466273,'0.0.0.0'),(1470,429,595062,1704477761,'0.0.0.0'),(1471,429,130877,1704478046,'0.0.0.0'),(1472,356,863608,1704478476,'0.0.0.0'),(1473,429,572818,1704478729,'0.0.0.0'),(1474,356,212853,1704479045,'0.0.0.0'),(1475,429,905079,1704479306,'0.0.0.0'),(1476,356,318420,1704479478,'0.0.0.0'),(1477,429,402028,1704481112,'0.0.0.0'),(1478,356,971794,1704481202,'0.0.0.0'),(1479,448,391857,1704481348,'0.0.0.0'),(1480,448,835586,1704482859,'0.0.0.0'),(1481,356,451871,1704484063,'0.0.0.0'),(1482,448,116038,1704484174,'0.0.0.0'),(1483,448,975748,1704485412,'0.0.0.0'),(1484,356,629930,1704487243,'0.0.0.0'),(1485,448,998955,1704487373,'0.0.0.0'),(1489,450,469306,1704513783,'0.0.0.0'),(1490,356,780467,1704520565,'0.0.0.0'),(1492,356,536826,1704535469,'0.0.0.0'),(1493,230,655735,1704536871,'0.0.0.0'),(1495,429,841244,1704552902,'0.0.0.0'),(1501,429,824964,1704609186,'0.0.0.0'),(1503,230,535524,1704631039,'0.0.0.0'),(1504,356,776394,1704631786,'0.0.0.0'),(1505,356,968224,1704632513,'0.0.0.0'),(1507,453,559650,1704638787,'0.0.0.0'),(1508,454,612776,1704639311,'0.0.0.0'),(1510,356,444617,1704641088,'0.0.0.0'),(1512,356,195712,1704645338,'0.0.0.0'),(1513,429,881473,1704645412,'0.0.0.0'),(1514,429,435008,1704645794,'0.0.0.0'),(1516,356,466395,1704648437,'0.0.0.0'),(1517,356,768229,1704651162,'0.0.0.0'),(1518,429,586355,1704651607,'0.0.0.0'),(1519,429,964925,1704652370,'0.0.0.0'),(1520,356,803704,1704652903,'0.0.0.0'),(1521,356,864441,1704652969,'0.0.0.0'),(1522,429,943979,1704653221,'0.0.0.0'),(1523,356,318007,1704653320,'0.0.0.0'),(1527,356,255525,1704711733,'0.0.0.0'),(1529,230,294550,1704754999,'0.0.0.0'),(1530,230,288561,1704757717,'0.0.0.0'),(1531,230,474213,1704757772,'0.0.0.0'),(1532,356,235099,1704772286,'0.0.0.0'),(1533,455,455511,1704788209,'0.0.0.0'),(1534,356,124394,1704789996,'0.0.0.0'),(1535,429,850086,1704790190,'0.0.0.0'),(1536,356,593195,1704790281,'0.0.0.0'),(1537,356,813582,1704798407,'0.0.0.0'),(1538,442,272012,1704798607,'0.0.0.0'),(1541,429,791122,1704800023,'0.0.0.0'),(1542,356,418822,1704800083,'0.0.0.0'),(1543,356,904224,1704800238,'0.0.0.0'),(1544,429,349463,1704800539,'0.0.0.0'),(1545,429,811343,1704800799,'0.0.0.0'),(1546,429,242119,1704800818,'0.0.0.0'),(1547,356,332519,1704802196,'0.0.0.0'),(1548,429,264094,1704802334,'0.0.0.0'),(1549,356,455406,1704802388,'0.0.0.0'),(1550,356,413586,1704802487,'0.0.0.0'),(1551,429,202643,1704802512,'0.0.0.0'),(1553,356,977317,1704802811,'0.0.0.0'),(1554,356,610474,1704804013,'0.0.0.0'),(1555,429,556649,1704804084,'0.0.0.0'),(1556,356,686530,1704804911,'0.0.0.0'),(1557,429,516637,1704808386,'0.0.0.0'),(1558,356,733240,1704808456,'0.0.0.0'),(1559,429,718589,1704808679,'0.0.0.0'),(1561,356,329184,1704813450,'0.0.0.0'),(1562,456,657971,1704814294,'0.0.0.0'),(1563,356,871719,1704814329,'0.0.0.0'),(1564,456,877623,1704814417,'0.0.0.0'),(1566,456,862706,1704814824,'0.0.0.0'),(1567,429,600181,1704816121,'0.0.0.0'),(1568,356,659770,1704816240,'0.0.0.0'),(1569,429,241214,1704817017,'0.0.0.0'),(1570,356,668093,1704817092,'0.0.0.0'),(1571,438,745750,1704823907,'0.0.0.0'),(1572,456,106323,1704826197,'0.0.0.0'),(1573,230,713053,1704840654,'0.0.0.0'),(1574,448,201881,1704843225,'0.0.0.0'),(1575,356,549246,1704843278,'0.0.0.0'),(1576,448,117773,1704843436,'0.0.0.0'),(1577,356,483125,1704843562,'0.0.0.0'),(1578,448,780705,1704844835,'0.0.0.0'),(1579,457,424644,1704855874,'0.0.0.0'),(1580,230,679577,1704856058,'0.0.0.0'),(1581,458,896931,1704872034,'0.0.0.0'),(1582,356,695368,1704872678,'0.0.0.0'),(1583,438,194569,1704879889,'0.0.0.0'),(1584,459,940473,1704882445,'0.0.0.0'),(1585,460,220647,1704882632,'0.0.0.0'),(1586,461,111524,1704884522,'0.0.0.0'),(1587,429,359347,1704886274,'0.0.0.0'),(1588,356,764330,1704897011,'0.0.0.0'),(1589,438,605475,1704899253,'0.0.0.0'),(1590,429,779127,1704900223,'0.0.0.0'),(1591,448,582803,1704901738,'0.0.0.0'),(1592,429,370525,1704902322,'0.0.0.0'),(1593,429,492879,1704902408,'0.0.0.0'),(1594,448,581710,1704905536,'0.0.0.0'),(1595,356,582096,1704938726,'0.0.0.0'),(1596,448,564418,1704940810,'0.0.0.0'),(1597,356,595232,1704945292,'0.0.0.0'),(1598,356,718976,1704945322,'0.0.0.0'),(1599,429,298049,1704945812,'0.0.0.0'),(1600,356,527689,1704945881,'0.0.0.0'),(1601,429,384802,1704969021,'0.0.0.0'),(1602,356,862660,1704969052,'0.0.0.0'),(1603,438,145361,1704970517,'0.0.0.0'),(1604,462,132260,1704970617,'0.0.0.0'),(1605,429,332445,1704971268,'0.0.0.0'),(1606,356,533658,1704972170,'0.0.0.0'),(1607,429,384181,1704972986,'0.0.0.0'),(1608,429,545879,1704977225,'0.0.0.0'),(1609,356,309621,1704985846,'0.0.0.0'),(1610,456,729608,1704986781,'0.0.0.0'),(1611,230,663692,1704989098,'0.0.0.0'),(1612,463,745308,1705020946,'0.0.0.0'),(1613,230,398660,1705021650,'0.0.0.0'),(1614,464,881957,1705031121,'0.0.0.0'),(1615,356,734186,1705035190,'0.0.0.0'),(1616,438,810647,1705059088,'0.0.0.0'),(1617,465,671917,1705062100,'0.0.0.0'),(1618,466,125915,1705063998,'0.0.0.0'),(1619,467,823763,1705064262,'0.0.0.0'),(1620,468,490937,1705064367,'0.0.0.0'),(1621,469,110958,1705073225,'0.0.0.0'),(1622,429,727603,1705108869,'0.0.0.0'),(1623,356,628034,1705108968,'0.0.0.0'),(1624,356,484352,1705130737,'0.0.0.0'),(1625,438,171698,1705147883,'0.0.0.0'),(1626,356,516198,1705231797,'0.0.0.0'),(1627,356,625867,1705232511,'0.0.0.0'),(1628,356,551611,1705318831,'0.0.0.0'),(1629,356,257907,1705362835,'0.0.0.0'),(1630,356,826603,1705405388,'0.0.0.0'),(1631,356,529204,1705407267,'0.0.0.0'),(1632,438,212859,1705415371,'0.0.0.0'),(1633,438,588590,1705421264,'0.0.0.0'),(1634,438,429512,1705512930,'0.0.0.0'),(1635,438,114819,1705516090,'0.0.0.0'),(1636,356,699615,1705578169,'0.0.0.0'),(1637,356,965852,1705582946,'0.0.0.0'),(1638,356,162771,1705590940,'0.0.0.0'),(1639,356,959729,1705594898,'0.0.0.0'),(1640,438,913264,1705681371,'0.0.0.0'),(1641,438,886178,1705681968,'0.0.0.0'),(1642,438,983509,1705683931,'0.0.0.0'),(1643,356,570273,1705734998,'0.0.0.0'),(1645,438,550730,1705836706,'0.0.0.0'),(1646,438,316825,1705850231,'0.0.0.0'),(1647,438,824969,1705850972,'0.0.0.0'),(1648,438,588019,1705938473,'0.0.0.0'),(1649,438,348783,1705938906,'0.0.0.0'),(1650,464,370940,1705940078,'0.0.0.0'),(1651,464,312024,1705940486,'0.0.0.0'),(1652,356,166183,1705940972,'0.0.0.0'),(1653,438,170705,1705949159,'0.0.0.0'),(1655,356,990064,1705984276,'0.0.0.0'),(1657,438,990879,1706031825,'0.0.0.0'),(1658,471,687094,1706109694,'0.0.0.0'),(1659,356,106440,1706115233,'0.0.0.0'),(1660,429,798880,1706115343,'0.0.0.0'),(1663,472,114501,1706255900,'0.0.0.0'),(1664,472,614052,1706255959,'0.0.0.0'),(1666,473,407896,1706265644,'0.0.0.0'),(1667,474,270053,1706265909,'0.0.0.0'),(1670,356,850168,1706333663,'0.0.0.0'),(1671,429,720172,1706343098,'0.0.0.0'),(1673,356,572883,1706347523,'0.0.0.0'),(1674,438,467060,1706362426,'0.0.0.0'),(1676,477,960657,1706369421,'0.0.0.0'),(1677,356,342753,1706422483,'0.0.0.0'),(1678,356,593200,1706423081,'0.0.0.0'),(1679,356,776047,1706424233,'172.71.98.148'),(1680,429,599704,1706424305,'172.71.98.149'),(1681,429,326289,1706424331,'172.71.98.149'),(1682,356,498481,1706425930,'172.71.98.112'),(1683,438,337015,1706433239,'141.101.105.61'),(1684,429,431741,1706454956,'172.70.110.200'),(1685,438,123186,1706455031,'141.101.105.62'),(1686,356,243325,1706455065,'172.69.151.65'),(1687,356,262247,1706455288,'162.158.95.71'),(1688,429,411518,1706455299,'162.158.95.72'),(1689,429,109253,1706456534,'172.70.247.111'),(1690,429,412113,1706457634,'162.158.110.103'),(1691,429,200947,1706459133,'172.70.246.45'),(1692,356,983910,1706459235,'172.70.243.23'),(1693,438,493358,1706459981,'141.101.105.63'),(1694,438,535745,1706460180,'172.69.151.121'),(1695,478,635510,1706460527,'141.101.105.61'),(1696,438,807780,1706460581,'141.101.105.61'),(1697,438,744389,1706464025,'162.158.102.145'),(1699,464,996881,1706512311,'172.69.222.179'),(1700,464,295415,1706514284,'172.71.134.48'),(1702,479,431057,1706518058,'172.71.182.194'),(1703,480,939062,1706518116,'172.71.102.56'),(1704,481,596974,1706521274,'172.71.134.154'),(1705,438,448520,1706528152,'172.69.151.181'),(1708,482,151937,1706530651,'108.162.220.74'),(1709,483,713120,1706530769,'162.158.222.150'),(1711,481,613513,1706537934,'172.70.175.156'),(1712,481,969669,1706539540,'172.71.135.76'),(1713,481,290388,1706539956,'172.69.150.14'),(1714,481,483002,1706540131,'162.158.95.199'),(1715,429,331240,1706540794,'172.71.135.74'),(1716,356,221592,1706540824,'172.71.135.73'),(1717,481,223862,1706541447,'172.71.246.156'),(1718,484,419018,1706541690,'162.158.222.88'),(1719,438,220545,1706541739,'162.158.222.88'),(1720,484,491566,1706541770,'172.70.110.166'),(1721,481,876766,1706542375,'162.158.95.85'),(1722,481,450019,1706542515,'172.70.35.55'),(1723,356,920616,1706542647,'172.70.35.56'),(1724,438,707511,1706543051,'172.69.222.179'),(1725,481,967862,1706543288,'172.71.134.217'),(1726,356,978461,1706543915,'172.69.151.121'),(1727,481,416506,1706544232,'172.70.134.245'),(1728,356,786578,1706544390,'172.70.134.245'),(1729,481,544932,1706544508,'172.70.134.245'),(1730,482,126962,1706577323,'141.101.105.137'),(1732,482,713047,1706655819,'172.68.50.254'),(1733,482,891021,1706661437,'108.162.220.74'),(1734,438,826790,1706700083,'172.69.195.118'),(1735,438,905526,1706702116,'172.69.151.8'),(1736,485,341529,1706705621,'172.71.126.41'),(1737,486,821034,1706708509,'172.69.222.196'),(1738,487,153136,1706708811,'172.71.130.172'),(1739,481,825244,1706710028,'162.158.110.63'),(1740,482,947706,1706742495,'172.68.50.254'),(1741,488,816159,1706795660,'172.71.122.117'),(1742,429,967319,1706796041,'172.69.222.184'),(1743,482,512333,1706818998,'172.68.95.150'),(1744,481,393830,1706843948,'172.71.122.29'),(1745,464,835078,1706858975,'172.69.222.196'),(1746,438,268357,1706875336,'141.101.105.90'),(1747,482,877044,1706922735,'141.101.104.86'),(1748,356,846436,1706926697,'172.69.222.178'),(1749,429,790357,1706930079,'162.158.95.122'),(1750,356,393535,1706937095,'172.69.222.179'),(1751,481,814707,1706937937,'172.71.122.116'),(1752,438,618332,1706944169,'141.101.105.89'),(1753,489,947306,1706955479,'141.101.105.5'),(1754,490,830001,1706959222,'141.101.105.50'),(1755,464,722597,1706962496,'172.71.122.26'),(1756,438,682420,1706964112,'141.101.104.86'),(1757,356,506128,1706964518,'172.71.134.148'),(1758,438,231016,1706965409,'141.101.105.50'),(1759,438,578118,1706965513,'141.101.105.89'),(1760,491,205605,1706965579,'141.101.105.89'),(1761,438,614648,1706968605,'141.101.105.6'),(1762,492,245551,1706973015,'141.101.104.87'),(1763,438,199610,1706973083,'141.101.104.86'),(1764,482,770322,1706978987,'108.162.221.48'),(1765,482,252811,1706978999,'108.162.221.48'),(1766,482,660495,1706980755,'172.68.51.123'),(1767,482,728189,1706980851,'108.162.220.104'),(1768,482,971532,1707000308,'172.68.51.124'),(1769,356,833375,1707017205,'172.71.130.39'),(1770,429,532332,1707018061,'172.71.102.218'),(1771,481,154005,1707018796,'172.71.102.218'),(1772,481,376528,1707019108,'172.71.103.107'),(1773,481,787682,1707020230,'172.69.150.3'),(1774,356,427151,1707020395,'172.68.110.149'),(1775,482,400234,1707041722,'172.68.51.123'),(1776,464,722027,1707044028,'172.71.130.55'),(1777,493,891905,1707045017,'172.69.195.231'),(1778,438,993963,1707047667,'172.71.123.71'),(1779,494,288807,1707068073,'172.71.126.193'),(1780,495,621178,1707068608,'172.71.126.169'),(1781,496,793282,1707069040,'172.69.222.178'),(1782,497,654403,1707084461,'172.69.151.133'),(1783,498,418150,1707084688,'162.158.94.219'),(1784,499,241870,1707084911,'172.71.94.152'),(1785,438,463619,1707085782,'172.71.102.128'),(1787,501,284034,1707140108,'172.69.43.163'),(1788,481,709128,1707146170,'172.71.102.153'),(1790,464,827250,1707212084,'162.158.95.52'),(1792,464,829669,1707214548,'172.71.94.247'),(1793,503,131465,1707214601,'172.71.94.246'),(1794,356,745418,1707232764,'162.158.94.218'),(1795,356,297623,1707263807,'162.158.110.102'),(1796,438,979104,1707303793,'141.101.105.5'),(1797,504,462139,1707304376,'141.101.105.49'),(1798,356,141821,1707314283,'172.69.150.78'),(1800,464,633250,1707314605,'172.71.94.210'),(1801,505,562647,1707315214,'172.71.94.208'),(1803,507,973379,1707315326,'162.158.103.6'),(1804,508,461580,1707316549,'141.101.105.90'),(1806,438,210015,1707381798,'108.162.221.48'),(1807,509,305762,1707386823,'108.162.220.104'),(1808,356,924440,1707394656,'172.68.183.19'),(1809,482,419235,1707402855,'172.68.95.139'),(1810,464,139531,1707424401,'172.69.222.196'),(1811,482,202722,1707509317,'172.68.95.162'),(1812,438,859055,1707569024,'172.70.247.106'),(1813,438,730230,1707573459,'172.70.251.66'),(1814,438,223418,1707573508,'172.70.251.65'),(1815,438,269014,1707573539,'172.70.251.65'),(1816,482,395053,1707574688,'172.68.95.139'),(1817,438,791054,1707576017,'172.70.250.52'),(1818,464,776925,1707612268,'172.71.17.134'),(1819,356,428831,1707630157,'172.70.243.25'),(1820,482,492595,1707654088,'172.68.95.162'),(1821,482,978897,1707654270,'172.68.95.162'),(1822,438,170750,1707655664,'172.70.247.17'),(1823,510,598568,1707655686,'172.70.246.95'),(1824,429,184492,1707658723,'162.158.86.155'),(1825,356,531823,1707658831,'162.158.87.45'),(1826,429,167921,1707659004,'162.158.87.45'),(1827,356,433952,1707659070,'162.158.86.174'),(1828,438,309677,1707659083,'162.158.110.103'),(1829,429,896481,1707659127,'162.158.86.175'),(1830,482,984018,1707660566,'172.68.95.139'),(1831,356,420912,1707662230,'162.158.94.218'),(1832,356,149831,1707730006,'172.71.214.30'),(1833,356,838487,1707730128,'172.71.214.31'),(1834,464,168740,1707817494,'172.71.130.173'),(1835,356,401666,1707827795,'172.70.246.85'),(1836,356,565827,1707837545,'162.158.94.197'),(1837,438,282583,1707852045,'172.69.150.153'),(1838,511,785325,1707852150,'172.70.122.250'),(1839,438,637876,1707855048,'162.158.110.82'),(1840,438,744157,1707855150,'172.70.246.20'),(1841,512,927326,1707855196,'162.158.110.82'),(1842,356,911415,1707867848,'172.71.250.98'),(1843,448,438926,1707868007,'172.70.250.53'),(1844,356,251705,1707868230,'172.70.250.52'),(1845,356,809464,1707868490,'162.158.95.86'),(1846,429,504102,1707872511,'162.158.86.200'),(1847,356,886954,1707872618,'172.71.182.43'),(1848,429,720567,1707872703,'172.70.247.167'),(1849,429,894265,1707889500,'172.71.94.153'),(1850,429,266517,1707890080,'172.71.250.156'),(1851,429,726925,1707890755,'172.68.183.59'),(1852,429,719007,1707890791,'162.158.87.229'),(1853,356,514967,1707890886,'172.71.102.59'),(1854,356,213461,1707890948,'162.158.110.82'),(1855,429,645072,1707890984,'162.158.110.83'),(1856,438,135305,1707911268,'172.71.182.40'),(1857,513,538152,1707911324,'172.71.182.41'),(1858,514,477672,1707912648,'141.101.69.132'),(1859,438,429295,1707913317,'162.158.95.178'),(1860,515,565759,1707913695,'172.70.222.209'),(1861,438,895826,1707913713,'172.71.99.173'),(1862,516,772016,1707913772,'172.71.99.173'),(1863,438,767257,1707913794,'172.70.250.36'),(1864,438,662245,1707914922,'172.69.150.136'),(1865,464,548984,1707915373,'172.69.222.197'),(1866,517,893941,1707915559,'172.71.122.125'),(1867,464,275147,1707916186,'172.71.123.109'),(1868,438,512362,1708009526,'141.101.105.49'),(1870,429,283147,1708055837,'172.69.151.65'),(1871,356,987620,1708060548,'172.70.247.44'),(1872,356,970364,1708060597,'172.70.247.43'),(1873,429,212219,1708061141,'172.70.247.43'),(1874,356,520297,1708061196,'172.70.247.43'),(1875,356,415831,1708061276,'172.70.247.43'),(1876,438,945279,1708063432,'162.158.95.37'),(1877,429,654384,1708064338,'172.70.242.119'),(1878,356,515116,1708064376,'172.70.242.118'),(1879,429,343286,1708068778,'172.70.242.114'),(1880,356,960103,1708068815,'172.70.242.115'),(1881,429,226215,1708068921,'172.70.242.114'),(1882,429,822726,1708082703,'162.158.95.38'),(1883,356,290359,1708082750,'162.158.95.38'),(1884,429,961673,1708084768,'162.158.95.38'),(1885,448,978302,1708085369,'162.158.95.38'),(1886,356,250288,1708085504,'162.158.95.37'),(1887,448,233579,1708085574,'162.158.95.38'),(1888,429,900130,1708086417,'162.158.95.38'),(1889,356,967733,1708086494,'162.158.95.38'),(1890,429,478152,1708086654,'162.158.95.38'),(1891,448,745527,1708087341,'162.158.95.37'),(1892,356,963699,1708087410,'162.158.95.38'),(1893,448,179624,1708087684,'162.158.95.38'),(1894,429,240065,1708088298,'162.158.95.37'),(1895,448,425502,1708088363,'162.158.95.38'),(1896,464,130923,1708153053,'172.69.222.184'),(1897,518,798003,1708153189,'172.71.126.128'),(1898,519,243919,1708153918,'141.101.105.50'),(1899,438,164891,1708154497,'141.101.105.50'),(1900,520,539517,1708156449,'141.101.105.49'),(1901,438,956737,1708158145,'141.101.105.90'),(1902,448,373986,1708165217,'172.70.251.138'),(1903,429,197841,1708166229,'162.158.86.83'),(1904,464,269378,1708169106,'172.71.17.144'),(1905,356,243804,1708173089,'172.71.250.27'),(1906,521,812363,1708173196,'141.101.104.86'),(1907,429,835753,1708227802,'172.71.130.54'),(1908,464,516112,1708348108,'172.69.222.178'),(1909,522,539842,1708415095,'172.71.98.76'),(1910,356,599303,1708429662,'141.101.69.6'),(1911,464,328821,1708438219,'172.71.102.144'),(1912,505,754952,1708438303,'172.68.182.142'),(1913,523,996114,1708438314,'172.71.102.144'),(1914,524,203997,1708438332,'141.101.76.130'),(1916,438,429040,1708439815,'172.69.222.190'),(1917,525,187185,1708440219,'172.71.98.174'),(1919,356,777008,1708517654,'172.70.135.6'),(1920,438,277289,1708519026,'108.162.220.95'),(1921,438,573494,1708520545,'141.101.105.49'),(1922,356,573027,1708520934,'172.71.102.171'),(1923,356,518746,1708521649,'162.158.155.153'),(1924,438,171828,1708521906,'108.162.221.123'),(1925,438,321230,1708522133,'108.162.220.95'),(1926,438,429187,1708523231,'108.162.220.94'),(1927,438,636204,1708523643,'108.162.220.95'),(1928,438,329732,1708523668,'108.162.220.94'),(1929,356,870682,1708528025,'172.69.222.178'),(1930,464,636646,1708602159,'172.71.134.156'),(1931,464,640743,1708689873,'172.71.103.73'),(1932,438,601650,1708699423,'172.71.98.174'),(1933,356,727772,1708705252,'172.71.103.87'),(1934,356,873507,1708748605,'162.158.134.126'),(1935,356,328151,1708751148,'172.71.134.217'),(1936,356,971847,1708839424,'172.69.222.197'),(1937,356,955589,1708851738,'172.71.126.209'),(1938,356,219952,1708867750,'172.69.222.196'),(1939,281,349961,1708869915,'172.70.110.106'),(1941,526,123005,1708890132,'172.68.182.143'),(1943,438,308638,1708946679,'141.101.105.49'),(1944,438,103368,1708946999,'141.101.105.89'),(1945,527,397114,1708952132,'172.71.122.134'),(1946,356,783638,1708957762,'172.71.102.170'),(1947,356,786511,1708958188,'172.71.98.77'),(1948,356,524638,1708960602,'172.70.114.217'),(1949,528,660421,1708972866,'172.71.131.2'),(1950,529,722701,1708972937,'172.71.130.38'),(1951,464,492465,1708992880,'172.71.134.154'),(1952,464,500836,1708992917,'172.71.134.154'),(1953,356,787941,1708996389,'172.70.136.151'),(1954,356,665154,1709032441,'172.71.102.145'),(1955,464,831424,1709045804,'172.69.222.191'),(1956,438,756554,1709047244,'141.101.105.5'),(1957,356,493153,1709052611,'172.71.103.219'),(1958,438,596444,1709074864,'172.71.102.139'),(1959,438,524942,1709079470,'162.158.158.32'),(1960,356,761383,1709097163,'172.71.222.252'),(1961,464,473027,1709101032,'172.71.130.240'),(1962,356,604006,1709105137,'172.71.122.125'),(1963,356,167807,1709118850,'172.71.130.7'),(1964,505,270521,1709127547,'172.71.131.5'),(1965,505,511977,1709127655,'172.71.103.88'),(1966,530,210238,1709128161,'172.71.122.228'),(1967,464,277924,1709133703,'172.71.102.133'),(1968,506,194516,1709136916,'172.71.103.78'),(1969,506,248438,1709136931,'172.71.98.133'),(1970,506,350886,1709137031,'172.69.222.184'),(1973,482,977391,1709151830,'172.68.95.150'),(1974,356,540115,1709163487,'141.101.76.60'),(1975,356,548291,1709175129,'172.70.114.96'),(1976,429,811259,1709175511,'172.71.98.236'),(1977,429,908305,1709177136,'141.101.76.190'),(1978,429,937567,1709178026,'172.71.123.104'),(1979,532,283059,1709201720,'172.71.122.219'),(1980,532,826179,1709201751,'172.71.122.219'),(1981,532,670720,1709201808,'172.71.122.218'),(1982,533,637459,1709205190,'172.71.99.173'),(1983,534,780994,1709205288,'172.71.99.174'),(1984,356,378014,1709207083,'172.69.222.190'),(1985,534,912763,1709207230,'172.69.222.190'),(1986,534,778740,1709207564,'172.69.222.191'),(1987,356,515585,1709207642,'172.69.222.191'),(1988,429,384209,1709209513,'172.69.222.190'),(1989,356,819705,1709219275,'162.158.182.63'),(1990,438,978887,1709242141,'172.71.135.77'),(1991,535,331394,1709242780,'172.70.134.77'),(1992,438,835179,1709248058,'172.71.103.229'),(1993,356,209653,1709250807,'172.71.122.202'),(1994,429,848076,1709257040,'172.70.115.6'),(1995,356,789835,1709268335,'172.71.123.40'),(1996,356,240129,1709269283,'172.70.114.18'),(1997,429,658505,1709271597,'172.70.114.73'),(1998,356,758156,1709277619,'141.101.76.144'),(1999,356,803520,1709290261,'172.69.222.196'),(2000,438,599159,1709377399,'172.69.222.185'),(2001,536,142879,1709380503,'141.101.69.6'),(2002,464,311113,1709381181,'172.71.130.245'),(2003,537,167868,1709382002,'172.71.98.251'),(2004,356,111844,1709383705,'172.68.183.59'),(2005,538,813018,1709385544,'141.101.105.90'),(2006,438,616018,1709386821,'172.69.222.190'),(2007,464,567660,1709391615,'141.101.68.116'),(2008,438,880038,1709397929,'172.68.138.102'),(2009,438,199714,1709457645,'141.101.105.89'),(2010,505,235775,1709462723,'172.71.182.166'),(2011,539,315728,1709465234,'172.69.222.191'),(2012,356,895646,1709466976,'172.70.230.38'),(2013,429,870923,1709471803,'172.70.175.92'),(2014,540,542369,1709472914,'162.158.182.62'),(2015,541,356084,1709473123,'172.71.134.156'),(2016,281,691318,1709473289,'172.69.222.196'),(2017,542,488185,1709473403,'172.69.222.179'),(2018,534,845797,1709476658,'172.71.123.40'),(2019,534,541148,1709476855,'172.71.99.81'),(2020,356,793105,1709477405,'172.71.123.40'),(2021,534,696851,1709477811,'172.71.123.39'),(2022,356,956066,1709477902,'172.71.123.40'),(2023,356,704691,1709477958,'172.71.123.39'),(2024,534,340331,1709477964,'172.71.123.40'),(2025,543,471590,1709478025,'172.71.103.234'),(2026,534,222151,1709478055,'172.71.123.39'),(2027,544,664020,1709478329,'141.101.105.6'),(2028,356,184271,1709478527,'172.71.123.39'),(2029,356,952883,1709478823,'172.71.123.39'),(2030,534,452700,1709479143,'172.71.123.39'),(2031,545,111674,1709479811,'141.101.104.86'),(2032,541,666487,1709480659,'172.70.115.141'),(2033,546,131390,1709480673,'141.101.104.87'),(2034,541,478051,1709480886,'172.69.222.197'),(2035,356,735304,1709480955,'172.71.98.146'),(2036,534,351968,1709481010,'172.71.98.146'),(2037,547,522672,1709486092,'162.158.183.222'),(2038,470,788299,1709546320,'172.70.46.185'),(2039,438,963631,1709550440,'141.101.105.89'),(2040,356,135620,1709556525,'172.71.99.198'),(2041,356,245972,1709560972,'172.69.222.184'),(2042,534,725009,1709561038,'172.71.223.118'),(2043,356,481416,1709561059,'172.71.223.118'),(2044,356,533165,1709564040,'172.68.183.20'),(2045,356,175876,1709564668,'172.69.222.184'),(2046,429,594828,1709566298,'162.158.183.247'),(2047,356,865613,1709567279,'162.158.183.221'),(2048,464,323142,1709580921,'172.71.123.45'),(2049,356,324282,1709636841,'172.69.151.115'),(2050,541,780473,1709637007,'162.158.94.120'),(2051,502,640618,1709637819,'162.158.183.221'),(2052,502,449205,1709637877,'162.158.183.221'),(2053,502,962636,1709637884,'162.158.183.222'),(2054,502,639694,1709637945,'162.158.183.221'),(2055,464,317603,1709638257,'172.71.250.83'),(2056,525,918652,1709638321,'172.68.139.56'),(2057,356,681027,1709638496,'172.70.250.107'),(2058,548,617015,1709638571,'172.68.139.56'),(2059,281,786168,1709639135,'172.70.251.56'),(2060,541,961762,1709639408,'172.70.246.79'),(2061,429,396479,1709639588,'162.158.86.175'),(2062,356,575907,1709639855,'162.158.86.174'),(2063,549,970123,1709643948,'162.158.183.23'),(2064,429,157084,1709645730,'162.158.87.230'),(2065,356,678130,1709645831,'162.158.87.230'),(2066,356,409172,1709645952,'162.158.87.230'),(2067,356,902297,1709646227,'162.158.87.230'),(2068,356,909035,1709648489,'172.70.246.186'),(2069,356,998083,1709648498,'172.70.246.186'),(2070,356,508458,1709648571,'172.70.246.186'),(2071,356,516195,1709648598,'172.70.246.187'),(2072,356,162026,1709648951,'172.70.246.187'),(2073,356,788419,1709649015,'172.70.246.187'),(2074,356,758130,1709649684,'172.70.242.252'),(2075,356,725862,1709649815,'172.70.242.253'),(2076,356,880984,1709650393,'172.70.247.168'),(2077,356,800928,1709652695,'172.70.247.33'),(2078,438,392562,1709672326,'172.69.150.236'),(2079,356,221174,1709681603,'172.71.246.26'),(2080,356,100101,1709725097,'162.158.95.33'),(2081,356,619989,1709728805,'162.158.94.253'),(2082,429,821483,1709731416,'172.71.246.161'),(2083,356,563417,1709733957,'172.70.251.169'),(2084,429,182895,1709734034,'172.70.251.169'),(2085,356,784965,1709734238,'172.70.251.169'),(2086,429,457341,1709734306,'172.70.251.170'),(2087,356,148939,1709734393,'172.70.251.169'),(2088,429,327765,1709734443,'172.70.251.170'),(2089,356,892478,1709734609,'172.70.251.169'),(2090,550,640422,1709736327,'162.158.94.94'),(2091,551,562247,1709736562,'172.68.183.14'),(2092,552,628689,1709736666,'162.158.183.247'),(2093,553,108404,1709736722,'172.68.182.143'),(2094,429,908089,1709738523,'172.69.150.142'),(2095,356,721091,1709739420,'172.69.150.142'),(2096,554,446918,1709748131,'172.68.192.165'),(2097,555,261459,1709748153,'172.68.192.164'),(2098,556,978669,1709748266,'162.158.110.165'),(2099,356,743800,1709777178,'172.69.151.164'),(2100,356,879143,1709778843,'172.70.247.34'),(2101,356,850585,1709778861,'172.70.247.33'),(2102,356,445805,1709779387,'162.158.86.175'),(2103,356,929667,1709782192,'172.70.242.71'),(2104,356,450564,1709783669,'162.158.86.155'),(2105,356,200042,1709786492,'172.70.251.65'),(2106,356,332064,1709786946,'172.69.151.136'),(2107,356,717483,1709804837,'172.70.251.138'),(2108,356,618343,1709804878,'172.70.250.88'),(2109,557,271073,1709804923,'172.71.123.39'),(2110,541,673872,1709815525,'162.158.94.141'),(2111,356,370371,1709818677,'172.70.242.70'),(2112,429,474106,1709818721,'172.70.242.70'),(2113,429,681187,1709822833,'162.158.183.24'),(2114,429,955222,1709823342,'172.70.250.217'),(2115,557,989349,1709823438,'162.158.94.140'),(2116,557,481617,1709823501,'162.158.94.141'),(2118,429,543262,1709823700,'172.70.250.217'),(2119,429,768433,1709823734,'172.70.250.216'),(2121,438,714116,1709829978,'172.71.250.66'),(2123,356,427203,1709881228,'162.158.86.205'),(2124,429,430365,1709881266,'162.158.86.204'),(2125,356,638607,1709881347,'162.158.86.205'),(2126,356,776305,1709890759,'172.70.247.27'),(2127,558,123186,1709891797,'172.69.151.97'),(2128,558,293146,1709892519,'141.101.105.49'),(2129,559,376692,1709892620,'141.101.104.87'),(2130,438,333801,1709892649,'172.69.151.98'),(2131,356,542966,1709896260,'172.70.247.102'),(2132,438,199395,1709901997,'141.101.105.89'),(2133,560,372166,1709907151,'172.70.251.151'),(2134,560,767405,1709907487,'141.101.105.50'),(2135,438,929142,1709907982,'162.158.95.84'),(2136,356,461027,1709964196,'162.158.95.187'),(2137,356,100911,1709980754,'172.70.242.153'),(2138,464,425050,1709982085,'172.71.122.125'),(2139,560,758372,1709990600,'172.70.243.92'),(2140,438,438640,1709990782,'141.101.105.5'),(2141,560,299785,1709991490,'172.70.243.113'),(2142,561,225359,1710078398,'172.71.126.188'),(2143,562,392278,1710078436,'172.71.130.151'),(2144,438,676633,1710080604,'162.158.94.252'),(2145,438,331209,1710080856,'141.101.105.89'),(2146,356,201388,1710082839,'172.71.246.37'),(2147,438,330019,1710084213,'141.101.105.5'),(2148,429,471475,1710085056,'172.71.246.16'),(2149,356,383702,1710085201,'172.71.246.17'),(2150,429,736469,1710085549,'172.71.246.16'),(2151,356,999436,1710085614,'172.71.246.16'),(2152,356,918328,1710085720,'172.71.246.16'),(2153,429,560733,1710085732,'172.71.246.16'),(2154,429,345223,1710086557,'172.71.246.16'),(2155,356,844823,1710086985,'172.71.246.16'),(2156,429,989762,1710087253,'172.71.246.17'),(2157,356,228308,1710087352,'172.71.246.16'),(2158,429,111369,1710087767,'172.71.246.16'),(2159,356,816400,1710088050,'172.71.246.16'),(2160,429,695133,1710088093,'172.71.246.16'),(2161,563,833010,1710149328,'172.71.102.59'),(2162,541,711454,1710149838,'172.69.150.160'),(2163,356,382595,1710156830,'172.70.243.233'),(2164,525,679183,1710168108,'172.68.139.102'),(2165,525,121828,1710168128,'172.68.139.101'),(2166,525,964455,1710168128,'172.68.139.101'),(2167,525,403503,1710168128,'172.68.139.102'),(2168,525,746970,1710168128,'172.68.139.102'),(2169,525,202626,1710168128,'172.68.139.102'),(2170,525,943378,1710168129,'172.68.139.101'),(2171,525,686174,1710168129,'172.68.139.101'),(2172,525,278002,1710168129,'172.68.139.102'),(2173,525,942903,1710168129,'172.68.139.102'),(2174,525,292574,1710168140,'172.68.139.102'),(2175,525,798862,1710168144,'172.68.139.102'),(2176,525,514200,1710168144,'172.68.139.101'),(2177,525,698842,1710168148,'172.68.139.102'),(2179,563,161429,1710168713,'162.158.111.49'),(2181,464,984049,1710253031,'172.69.222.185'),(2182,557,281463,1710253657,'172.69.222.196'),(2183,557,108640,1710253785,'172.69.222.184'),(2184,438,547371,1710273869,'162.158.110.45'),(2185,247,536133,1710334056,'172.68.207.167'),(2187,464,127841,1710352443,'162.158.95.34'),(2188,438,734365,1710352985,'141.101.105.90'),(2191,565,676238,1710401867,'141.101.98.105'),(2193,557,616657,1710408560,'172.71.130.195'),(2194,560,476085,1710416019,'162.158.110.32'),(2195,438,676892,1710416173,'172.70.250.107'),(2196,470,878609,1710434872,'172.71.242.99'),(2198,438,217758,1710436572,'162.158.95.199'),(2199,557,211483,1710441393,'172.69.222.191'),(2200,464,830199,1710494097,'172.71.122.134'),(2202,557,114012,1710495226,'172.71.130.150'),(2204,464,235876,1710496027,'141.101.69.85'),(2206,464,709573,1710496491,'172.71.130.150'),(2207,356,337523,1710498227,'172.69.150.51'),(2208,438,464990,1710498633,'172.71.135.74'),(2209,560,324987,1710500677,'172.70.246.180'),(2210,474,839325,1710500851,'172.69.150.51'),(2211,438,814277,1710502060,'172.68.195.166'),(2212,464,549204,1710502211,'141.101.69.6'),(2213,541,730107,1710502578,'172.68.194.135'),(2214,566,443744,1710504127,'162.158.94.175'),(2215,567,731779,1710504178,'162.158.94.174'),(2217,356,321966,1710580895,'172.70.247.106'),(2218,560,884578,1710590487,'172.71.134.157'),(2219,356,613329,1710668323,'172.70.250.107'),(2220,356,768925,1710668394,'172.70.250.206'),(2221,438,716786,1710668971,'141.101.105.49'),(2222,438,548618,1710669129,'141.101.105.89'),(2223,356,385092,1710672301,'162.158.111.190'),(2224,464,987048,1710689449,'172.71.122.135'),(2225,356,318592,1710760183,'162.158.111.54'),(2226,438,935529,1710767180,'141.101.105.49'),(2227,356,884287,1710768311,'172.70.246.180'),(2228,438,127871,1710770398,'172.70.250.107'),(2229,569,708443,1710770897,'172.69.150.73'),(2230,541,559536,1710775440,'172.69.151.203'),(2232,525,461632,1710776022,'172.68.138.211'),(2233,464,888394,1710776883,'172.69.151.227'),(2234,356,814853,1710782163,'172.70.250.117'),(2236,570,922792,1710847010,'162.158.110.201'),(2237,438,998130,1710854158,'141.101.104.94'),(2238,438,520919,1710860248,'108.162.220.94'),(2239,438,992891,1710860346,'172.70.243.95'),(2240,464,883031,1710865055,'162.158.87.230'),(2241,525,950488,1710865158,'172.68.138.239'),(2242,356,117823,1710895670,'108.162.226.13'),(2243,356,620750,1710907107,'172.70.136.142'),(2245,438,682184,1711029361,'141.101.105.49'),(2246,464,655487,1711192462,'162.158.95.131'),(2247,464,481813,1711364217,'172.71.184.14'),(2248,438,355887,1711437953,'172.68.11.66'),(2250,464,190357,1711443694,'172.71.130.65'),(2251,356,117979,1711444381,'172.71.103.88'),(2252,572,934048,1711445245,'172.70.246.79'),(2253,438,746291,1711451626,'141.101.104.86'),(2254,438,144624,1711451820,'141.101.105.89'),(2255,356,687333,1711468751,'162.158.222.177'),(2256,429,650588,1711471447,'162.158.183.24'),(2257,356,953631,1711498545,'172.68.11.146'),(2258,525,706197,1711522060,'172.71.183.141'),(2259,464,716580,1711531943,'162.158.87.231'),(2260,464,562276,1711533802,'172.71.99.185'),(2261,541,712517,1711536530,'162.158.183.92'),(2262,438,726122,1711550545,'141.101.104.87'),(2263,571,427256,1711617110,'172.71.183.146'),(2267,429,839553,1711618722,'162.158.182.141'),(2268,429,228855,1711618811,'162.158.182.140'),(2269,541,617634,1711619413,'162.158.183.24'),(2270,464,883068,1711619553,'172.70.246.84'),(2271,573,545551,1711619605,'172.68.10.33'),(2272,573,654649,1711620754,'162.158.183.226'),(2273,356,155565,1711624324,'162.158.134.121'),(2274,429,650329,1711624425,'162.158.134.121'),(2275,438,374137,1711637360,'141.101.105.6'),(2276,356,618590,1711710957,'172.71.94.120'),(2279,464,405288,1711784696,'172.68.11.66'),(2280,356,939137,1711900766,'172.68.139.12'),(2281,464,943312,1711902827,'172.68.138.20'),(2282,356,323764,1711929426,'172.68.10.25'),(2283,438,981643,1711956249,'141.101.105.6'),(2284,356,716200,1711970704,'172.71.182.158'),(2285,356,251515,1711971320,'172.68.10.28'),(2286,464,184145,1711990822,'172.68.194.146'),(2288,438,907927,1712060943,'141.101.105.49'),(2289,438,166716,1712073011,'141.101.105.90'),(2291,438,480708,1712165374,'141.101.104.87'),(2292,356,386382,1712302177,'162.158.182.14'),(2293,356,125043,1712313016,'162.158.182.15'),(2294,356,525003,1712313043,'172.71.102.48'),(2295,438,891534,1712317541,'172.68.243.18'),(2296,464,988861,1712334225,'172.68.193.140'),(2299,438,208036,1712492171,'172.68.138.27'),(2300,560,283595,1712494479,'141.101.104.87'),(2302,438,885252,1712568975,'172.68.138.238'),(2303,438,648514,1712568982,'172.68.138.239'),(2304,438,963145,1712569012,'172.68.138.238'),(2305,438,307655,1712570057,'172.68.138.211'),(2306,438,964099,1712570088,'172.68.138.210'),(2307,438,889495,1712570341,'172.68.138.211'),(2308,356,429463,1712572353,'162.158.134.52'),(2309,438,360782,1712572607,'172.68.138.211'),(2310,356,585094,1712573849,'162.158.182.92'),(2311,356,456001,1712576616,'162.158.182.141'),(2312,438,657962,1712577085,'172.68.138.48'),(2313,438,298563,1712581835,'141.101.104.87'),(2314,438,672600,1712581848,'141.101.104.86'),(2315,438,688675,1712581889,'141.101.104.87'),(2316,438,193849,1712582324,'141.101.105.5'),(2317,438,782533,1712582471,'141.101.105.49'),(2318,438,157513,1712582979,'141.101.105.5'),(2319,356,218541,1712584825,'172.70.47.151'),(2320,438,753063,1712587053,'172.68.138.20'),(2321,438,287632,1712666526,'162.158.183.226'),(2322,356,535241,1712670814,'172.71.94.43'),(2323,356,804475,1712670844,'172.71.94.42'),(2324,356,443835,1712670952,'172.71.94.43'),(2325,502,300337,1712686330,'172.71.94.121'),(2326,438,121360,1712702089,'172.71.184.21'),(2327,438,318619,1712706718,'172.71.184.20'),(2328,356,433326,1712710250,'172.71.184.20'),(2329,464,845567,1712742109,'172.71.182.153'),(2331,356,961609,1712746371,'172.71.184.17'),(2332,482,536875,1712774328,'172.68.124.155'),(2333,356,171635,1712833601,'172.68.243.18'),(2334,356,990300,1712833677,'172.71.184.20'),(2335,356,678644,1712834011,'172.68.243.69'),(2336,438,417433,1712860078,'172.71.99.175'),(2337,356,933409,1712876727,'172.71.184.14'),(2338,356,550900,1712879240,'172.68.11.143'),(2339,356,297812,1712992382,'162.158.182.15'),(2340,356,532566,1713005040,'172.71.184.16'),(2341,464,634562,1713035667,'172.68.243.70'),(2342,356,835163,1713079116,'162.158.183.226'),(2343,438,736163,1713095610,'172.68.138.71'),(2344,438,265440,1713173906,'108.162.220.94'),(2345,464,453468,1713177403,'172.71.94.135'),(2346,464,720843,1713717090,'172.68.10.6'),(2347,356,549105,1713956490,'162.158.183.226'),(2348,464,715642,1714319110,'172.68.243.70'),(2349,464,670589,1714380774,'172.71.94.93'),(2350,560,893322,1715250856,'141.101.104.86'),(2351,438,954732,1715271982,'108.162.221.124'),(2352,464,374793,1715333814,'172.70.243.233'),(2353,464,717600,1715333819,'172.70.243.234'),(2354,464,464687,1715333830,'172.70.243.234'),(2355,576,244142,1715333870,'172.70.243.233'),(2356,577,734222,1715333893,'172.70.243.233'),(2357,578,681704,1715333917,'172.70.243.234'),(2358,464,757838,1715344517,'172.68.10.24'),(2359,502,912947,1715594498,'162.158.134.219'),(2360,579,790319,1716385762,'172.71.102.145'),(2361,579,477195,1716385783,'172.71.102.145'),(2363,438,705017,1716552544,'172.70.247.27'),(2364,438,201436,1716753862,'172.68.50.109'),(2368,464,354814,1716833970,'172.71.94.60'),(2369,560,455788,1716839051,'172.68.50.108'),(2371,438,842745,1716842433,'172.68.51.17'),(2376,438,661953,1716894508,'172.70.251.169'),(2377,438,237367,1716895452,'172.68.192.198'),(2378,464,575306,1716899505,'172.70.35.6'),(2380,438,184969,1716919097,'162.158.134.25'),(2381,580,498864,1716919708,'162.158.238.231'),(2382,464,759606,1716923307,'162.158.239.87'),(2389,464,584960,1717011057,'141.101.76.151'),(2390,464,899705,1717012697,'172.68.10.119'),(2391,474,640802,1717013485,'162.158.239.73'),(2392,464,269496,1717013635,'172.69.50.183'),(2397,464,865308,1717081166,'172.71.250.139'),(2398,474,567349,1717081195,'172.70.250.127'),(2402,438,369164,1717174260,'108.162.221.161'),(2404,356,827379,1717335089,'162.158.222.85'),(2405,356,232319,1717397388,'162.158.222.26'),(2407,438,594063,1717407774,'172.68.193.182'),(2410,438,727088,1717582344,'172.70.246.94'),(2411,438,190384,1717588233,'172.69.150.178'),(2412,438,449428,1717589922,'172.68.192.199'),(2413,356,261468,1717646053,'172.68.10.146'),(2414,438,264112,1717663023,'108.162.220.94'),(2416,438,617887,1717677830,'172.68.50.45'),(2417,438,146663,1717681213,'172.68.50.196'),(2418,438,236669,1717692579,'108.162.221.162'),(2419,438,299688,1717697093,'172.68.50.45'),(2420,474,604471,1717750758,'172.70.242.250'),(2421,356,434582,1717817656,'172.68.10.43'),(2423,356,610774,1717833002,'172.71.90.65'),(2425,438,671345,1717857461,'172.68.50.45'),(2426,474,954783,1717859686,'172.71.182.171'),(2427,583,884202,1717867128,'172.69.150.179'),(2428,579,314202,1717884721,'141.101.99.76'),(2430,464,517755,1717936057,'172.69.150.178'),(2431,356,754085,1717984685,'172.68.10.111'),(2433,583,282807,1718019076,'162.158.86.205'),(2436,438,709556,1718023172,'108.162.221.123'),(2437,356,760554,1718032548,'141.101.76.62'),(2438,583,574602,1718033937,'162.158.95.52'),(2441,438,121389,1718040208,'108.162.221.162'),(2442,583,917640,1718040645,'162.158.111.125'),(2443,438,296913,1718042718,'172.68.50.31'),(2444,583,937367,1718043096,'172.69.150.237'),(2445,464,295092,1718043664,'162.158.110.230'),(2446,464,634362,1718043856,'141.101.105.49'),(2447,583,953907,1718044573,'172.71.99.135'),(2448,583,745198,1718045219,'141.101.104.87'),(2449,438,917732,1718049152,'141.101.105.6'),(2450,356,908052,1718080741,'172.71.184.14'),(2451,583,941068,1718083783,'172.68.10.112'),(2452,356,248781,1718084017,'172.69.50.183'),(2453,580,385277,1718087491,'172.70.46.152'),(2454,580,620788,1718087502,'172.70.46.152'),(2455,580,798413,1718087544,'172.70.46.153'),(2456,580,947340,1718087552,'172.70.46.153'),(2457,581,155368,1718087570,'172.70.46.152'),(2458,580,808217,1718115442,'162.158.95.32'),(2459,580,467681,1718115518,'172.71.184.19'),(2460,580,923920,1718115635,'172.71.90.65'),(2461,580,529226,1718115646,'172.70.46.186'),(2462,580,353134,1718115751,'172.69.195.3'),(2463,580,970814,1718115769,'172.68.10.23'),(2464,580,813123,1718115811,'172.69.192.215'),(2465,580,388229,1718115829,'172.68.10.23'),(2466,580,372513,1718115852,'162.158.95.170'),(2467,584,349945,1718115871,'172.69.192.214'),(2468,582,378861,1718115910,'162.158.95.170'),(2469,584,548139,1718115931,'172.69.192.215'),(2470,582,728764,1718115931,'162.158.95.170'),(2471,584,516703,1718115991,'172.69.192.215'),(2472,557,446881,1718116030,'172.70.243.189'),(2473,557,121091,1718116090,'172.70.243.190'),(2474,438,145456,1718116140,'162.158.233.61'),(2475,557,830374,1718116150,'172.70.243.189'),(2476,438,918569,1718116163,'172.70.46.231'),(2477,557,764094,1718116210,'172.70.243.189'),(2478,557,685863,1718116270,'172.70.243.189'),(2479,557,330818,1718116330,'172.70.243.190'),(2480,557,683017,1718116390,'172.70.243.189'),(2481,557,410009,1718116451,'172.70.243.190'),(2482,557,781612,1718116511,'172.70.243.189'),(2483,557,890172,1718116571,'172.70.243.190'),(2484,557,284094,1718116631,'172.70.243.189'),(2485,557,121328,1718116691,'172.70.243.190'),(2486,557,330017,1718116751,'172.70.243.190'),(2487,557,325691,1718116811,'172.70.243.190'),(2488,557,496617,1718116921,'162.158.95.98'),(2489,557,395648,1718116981,'162.158.95.97'),(2490,464,742118,1718116988,'172.70.250.234'),(2491,557,431890,1718117041,'172.70.247.106'),(2492,464,201266,1718117102,'172.70.247.106'),(2493,464,783451,1718117508,'162.158.111.126'),(2494,582,695863,1718119466,'172.71.183.145'),(2495,464,273547,1718119476,'162.158.110.88'),(2496,464,908670,1718119490,'162.158.110.89'),(2497,580,407018,1718119514,'172.71.183.145'),(2498,557,334069,1718119516,'162.158.110.89'),(2499,464,143527,1718121139,'172.69.150.148'),(2501,582,521139,1718188022,'172.68.243.54'),(2502,502,156890,1718189318,'172.69.192.193'),(2505,585,534466,1718193218,'172.70.47.25'),(2506,579,311345,1718195016,'172.68.193.185'),(2507,438,949773,1718198804,'108.162.220.94'),(2508,474,237005,1718199188,'108.162.221.124'),(2509,464,457004,1718199842,'172.70.242.205'),(2510,464,729633,1718201640,'172.68.10.113'),(2511,464,860853,1718220708,'172.68.50.119'),(2512,464,283495,1718274501,'172.70.247.178'),(2513,585,981844,1718279062,'172.71.102.36'),(2514,464,938892,1718281318,'108.162.221.162'),(2515,586,604944,1718285741,'172.69.192.193'),(2516,356,226923,1718286401,'172.71.103.95'),(2517,464,881473,1718287227,'108.162.221.123'),(2518,464,339970,1718289479,'172.69.151.153'),(2519,464,336734,1718290218,'172.70.250.29'),(2520,582,154963,1718290295,'172.71.102.170'),(2521,464,480012,1718290749,'172.71.102.37'),(2522,464,817637,1718293039,'172.68.243.45'),(2523,587,614478,1718297744,'172.70.47.48'),(2524,464,897106,1718337587,'162.158.110.24'),(2525,579,901710,1718361187,'172.68.192.213'),(2526,502,520812,1718361298,'172.68.10.144'),(2527,579,974772,1718361918,'172.69.151.122'),(2528,588,863209,1718363826,'172.68.10.67'),(2529,464,422929,1718450568,'172.70.247.167'),(2530,464,938214,1718451093,'172.70.243.35'),(2531,464,455476,1718451110,'172.70.243.35'),(2532,438,703650,1718453270,'172.70.46.32'),(2533,438,978741,1718454040,'172.71.103.47'),(2534,589,989620,1718455338,'172.71.130.155'),(2535,464,571466,1718481807,'172.71.118.80'),(2536,590,145439,1718532220,'172.71.134.193'),(2537,464,790784,1718545597,'172.71.103.205'),(2538,591,833174,1718545664,'172.71.103.205'),(2539,438,640232,1718546336,'172.69.150.149'),(2540,589,128994,1718546415,'172.69.150.148'),(2541,589,170634,1718546927,'162.158.87.25'),(2542,592,961268,1718575321,'172.71.250.60'),(2543,593,478329,1718608331,'108.162.220.95'),(2544,464,529820,1718697123,'172.71.184.15'),(2545,594,116152,1718697228,'172.71.184.14'),(2548,464,612608,1718978912,'172.71.250.153'),(2549,464,373606,1719213178,'172.71.184.19'),(2550,464,968439,1719236676,'172.68.139.28'),(2551,464,196451,1719309956,'172.68.50.70'),(2552,464,889155,1719339226,'172.71.102.11'),(2553,464,709297,1719431431,'172.71.183.143'),(2554,580,326101,1719502205,'172.70.243.172'),(2555,464,557834,1719510274,'172.70.247.2'),(2556,580,421764,1719510714,'172.68.243.45'),(2557,580,230452,1719510928,'172.68.10.69'),(2558,464,222309,1719588965,'172.68.194.171');
/*!40000 ALTER TABLE `auth_code` ENABLE KEYS */;
UNLOCK TABLES;

--
-- Table structure for table `auth_item`
--

DROP TABLE IF EXISTS `auth_item`;
/*!40101 SET @saved_cs_client     = @@character_set_client */;
/*!40101 SET character_set_client = utf8 */;
CREATE TABLE `auth_item` (
  `name` varchar(64) NOT NULL,
  `type` smallint(6) NOT NULL,
  `description` text DEFAULT NULL,
  `rule_name` varchar(64) DEFAULT NULL,
  `data` blob DEFAULT NULL,
  `created_at` int(11) DEFAULT NULL,
  `updated_at` int(11) DEFAULT NULL,
  PRIMARY KEY (`name`),
  KEY `rule_name` (`rule_name`),
  KEY `idx-auth_item-type` (`type`),
  CONSTRAINT `auth_item_ibfk_1` FOREIGN KEY (`rule_name`) REFERENCES `auth_rule` (`name`) ON DELETE SET NULL ON UPDATE CASCADE
) ENGINE=InnoDB DEFAULT CHARSET=utf8 COLLATE=utf8_unicode_ci;
/*!40101 SET character_set_client = @saved_cs_client */;

--
-- Dumping data for table `auth_item`
--

LOCK TABLES `auth_item` WRITE;
/*!40000 ALTER TABLE `auth_item` DISABLE KEYS */;
INSERT INTO `auth_item` VALUES ('/admin/*',2,NULL,NULL,NULL,1658759228,1658759228),('/debug/*',2,NULL,NULL,NULL,1658759238,1658759238),('/gii/*',2,NULL,NULL,NULL,1658759241,1658759241),('/rbac/*',2,NULL,NULL,NULL,1658759234,1658759234),('admin',1,NULL,NULL,NULL,1658759189,1658759189),('adminPermission',2,NULL,NULL,NULL,1658759180,1658759180),('client',1,NULL,NULL,NULL,1658759197,1658759197);
/*!40000 ALTER TABLE `auth_item` ENABLE KEYS */;
UNLOCK TABLES;

--
-- Table structure for table `auth_item_child`
--

DROP TABLE IF EXISTS `auth_item_child`;
/*!40101 SET @saved_cs_client     = @@character_set_client */;
/*!40101 SET character_set_client = utf8 */;
CREATE TABLE `auth_item_child` (
  `parent` varchar(64) NOT NULL,
  `child` varchar(64) NOT NULL,
  PRIMARY KEY (`parent`,`child`),
  KEY `child` (`child`),
  CONSTRAINT `auth_item_child_ibfk_1` FOREIGN KEY (`parent`) REFERENCES `auth_item` (`name`) ON DELETE CASCADE ON UPDATE CASCADE,
  CONSTRAINT `auth_item_child_ibfk_2` FOREIGN KEY (`child`) REFERENCES `auth_item` (`name`) ON DELETE CASCADE ON UPDATE CASCADE
) ENGINE=InnoDB DEFAULT CHARSET=utf8 COLLATE=utf8_unicode_ci;
/*!40101 SET character_set_client = @saved_cs_client */;

--
-- Dumping data for table `auth_item_child`
--

LOCK TABLES `auth_item_child` WRITE;
/*!40000 ALTER TABLE `auth_item_child` DISABLE KEYS */;
INSERT INTO `auth_item_child` VALUES ('admin','adminPermission'),('adminPermission','/admin/*'),('adminPermission','/debug/*'),('adminPermission','/gii/*'),('adminPermission','/rbac/*');
/*!40000 ALTER TABLE `auth_item_child` ENABLE KEYS */;
UNLOCK TABLES;

--
-- Table structure for table `auth_rule`
--

DROP TABLE IF EXISTS `auth_rule`;
/*!40101 SET @saved_cs_client     = @@character_set_client */;
/*!40101 SET character_set_client = utf8 */;
CREATE TABLE `auth_rule` (
  `name` varchar(64) NOT NULL,
  `data` blob DEFAULT NULL,
  `created_at` int(11) DEFAULT NULL,
  `updated_at` int(11) DEFAULT NULL,
  PRIMARY KEY (`name`)
) ENGINE=InnoDB DEFAULT CHARSET=utf8 COLLATE=utf8_unicode_ci;
/*!40101 SET character_set_client = @saved_cs_client */;

--
-- Dumping data for table `auth_rule`
--

LOCK TABLES `auth_rule` WRITE;
/*!40000 ALTER TABLE `auth_rule` DISABLE KEYS */;
/*!40000 ALTER TABLE `auth_rule` ENABLE KEYS */;
UNLOCK TABLES;

--
-- Table structure for table `auth_tokens`
--

DROP TABLE IF EXISTS `auth_tokens`;
/*!40101 SET @saved_cs_client     = @@character_set_client */;
/*!40101 SET character_set_client = utf8 */;
CREATE TABLE `auth_tokens` (
  `id` int(11) NOT NULL AUTO_INCREMENT,
  `user_id` bigint(20) DEFAULT NULL,
  `token` varchar(255) DEFAULT NULL,
  `fcm_token` varchar(255) DEFAULT NULL,
  `expired_at` int(11) DEFAULT NULL,
  PRIMARY KEY (`id`)
) ENGINE=InnoDB AUTO_INCREMENT=1583 DEFAULT CHARSET=utf8mb4 COLLATE=utf8mb4_general_ci;
/*!40101 SET character_set_client = @saved_cs_client */;

--
-- Dumping data for table `auth_tokens`
--

LOCK TABLES `auth_tokens` WRITE;
/*!40000 ALTER TABLE `auth_tokens` DISABLE KEYS */;
INSERT INTO `auth_tokens` VALUES (5,284,'51A8q_89A9cZJ4eH2ijGJYLVthMVRyoE','null',NULL),(6,285,'M-OViDzX5UY8iJOC1Hn7TMnVIM7LRMQ4','null',NULL),(7,281,'VwocNB60jUz2nj67JnVQrX9v3P14xcof','null',NULL),(8,281,'FWkTQ0Y_fb9KeQ5qbkpSgu1_YqF9157H','null',NULL),(9,281,'mf0WLx2upevGwofEh_aRB9cZK64AQJyf','null',NULL),(10,281,'Gy-rFUj2SY1H3Qh8rMrYk75bSP57O5WY','null',NULL),(11,1,'Qnq0PsE6PH_afcSCE3FlhuRAcJ3erari','null',NULL),(12,1,'iDB5j6HDkK6CIik7qBCbWmeZJVmjsm3h','null',NULL),(26,281,'AkM7UCxh2EhX3l2JGHEx8aW5gdbIRXp2',NULL,NULL),(32,287,'nYNCfwAk0V9Fff2IF5DeJbL9HkF5iRDU',NULL,NULL),(33,287,'SQhcPU2ScBlc8bMiY62VCzAnFEwQIlim',NULL,NULL),(34,287,'ByWIDOJ5_Teqd5jY1rPU-B60Mz8hJH1e',NULL,NULL),(35,287,'TNnCJMWgcJxFIP2qZxvf_TNva69QRrqd',NULL,NULL),(36,287,'kuFN-Kt7GPImiv5QO-3btSEi654nfkwq',NULL,NULL),(38,295,'IdSiNoLtm_nxQoWREkRMPfjO0fGl6gLd',NULL,NULL),(41,295,'NA7Istngk2Bd6lZPWyv0ow8cNSfL8gNx',NULL,NULL),(58,283,'trC7d1Z9DMY-38x52XtEWndrfjoA3SJR','fVx7Wq5pRV-_8BY7qz43A4:APA91bEJtTBxOeipWUx9n9tkbxuA1Mfn6zeUHm0DSa_iMj7-aN8fgUWz5gKWaqowMAuUHT3BzLI2iymMcwY9bziynl2ewwTLZhjOmqALNvHz2F4ApBPZIl-M80KA_xiY6h3ZkJNlvc6e',NULL),(59,283,'5tjTIk2mIxS737cQOdfB6xacsOtspmN6','fVx7Wq5pRV-_8BY7qz43A4:APA91bEJtTBxOeipWUx9n9tkbxuA1Mfn6zeUHm0DSa_iMj7-aN8fgUWz5gKWaqowMAuUHT3BzLI2iymMcwY9bziynl2ewwTLZhjOmqALNvHz2F4ApBPZIl-M80KA_xiY6h3ZkJNlvc6e',1686209507),(60,283,'kSGjsV1LX1NqF1usvaENMEOL53MtBOD7','fVx7Wq5pRV-_8BY7qz43A4:APA91bEJtTBxOeipWUx9n9tkbxuA1Mfn6zeUHm0DSa_iMj7-aN8fgUWz5gKWaqowMAuUHT3BzLI2iymMcwY9bziynl2ewwTLZhjOmqALNvHz2F4ApBPZIl-M80KA_xiY6h3ZkJNlvc6e',1686211251),(61,247,'OurG54GcArEZSO_Fxg8C0vEgOpPLZKcH','fVx7Wq5pRV-_8BY7qz43A4:APA91bEJtTBxOeipWUx9n9tkbxuA1Mfn6zeUHm0DSa_iMj7-aN8fgUWz5gKWaqowMAuUHT3BzLI2iymMcwY9bziynl2ewwTLZhjOmqALNvHz2F4ApBPZIl-M80KA_xiY6h3ZkJNlvc6e',1686211409),(62,283,'QqUGli1C8DEKvdp94CT8Vm4Kesu45OxZ','fVx7Wq5pRV-_8BY7qz43A4:APA91bEJtTBxOeipWUx9n9tkbxuA1Mfn6zeUHm0DSa_iMj7-aN8fgUWz5gKWaqowMAuUHT3BzLI2iymMcwY9bziynl2ewwTLZhjOmqALNvHz2F4ApBPZIl-M80KA_xiY6h3ZkJNlvc6e',1686211524),(64,294,'7wX1QwgA8WrDjrjtQfCaNy7KLaOnQ8R0','fVx7Wq5pRV-_8BY7qz43A4:APA91bEJtTBxOeipWUx9n9tkbxuA1Mfn6zeUHm0DSa_iMj7-aN8fgUWz5gKWaqowMAuUHT3BzLI2iymMcwY9bziynl2ewwTLZhjOmqALNvHz2F4ApBPZIl-M80KA_xiY6h3ZkJNlvc6e',1686231078),(67,283,'4InB7C4OiMk8VxYQxn1OTiE6M8wjIMHV','dNXw8fKRSc-OCr2Zj8r5Q3:APA91bGrs9vPfIm71seCk-XtfvLJXQy7XwRXaBRvjPKoytYrJDc42DXPM6b7sjoLa_IVYephz2zrQnfVnV7H8MSeliQe6vw7YMsZWIJfINpM5kOOFWdcuGADBNLkIQotGamwZRNR1WqW',1686298627),(72,283,'QkuVulyPcu2Uocs_yx0KiN2UFo4QZN92','fVx7Wq5pRV-_8BY7qz43A4:APA91bEJtTBxOeipWUx9n9tkbxuA1Mfn6zeUHm0DSa_iMj7-aN8fgUWz5gKWaqowMAuUHT3BzLI2iymMcwY9bziynl2ewwTLZhjOmqALNvHz2F4ApBPZIl-M80KA_xiY6h3ZkJNlvc6e',1686302019),(90,247,'GCdVHHjzaSfA5LAt6_47zPeBvQU4qr3V','fVx7Wq5pRV-_8BY7qz43A4:APA91bEJtTBxOeipWUx9n9tkbxuA1Mfn6zeUHm0DSa_iMj7-aN8fgUWz5gKWaqowMAuUHT3BzLI2iymMcwY9bziynl2ewwTLZhjOmqALNvHz2F4ApBPZIl-M80KA_xiY6h3ZkJNlvc6e',1686369500),(93,273,'LP2QZjkuOvtPYgrUFeWJS-Rpc4-CUko-','cSv0tDfOQbiaKuS2rVvTms:APA91bEXytuBtbwvZNerLhzMCUun6EPyYmVXW9i2gOifC_bBYE91O9HYL0DHKWIYC2u_RcMnBRHW7O6OQaAkeN8nzWS985rARnfPjENP3vcz2VEVxE_1Lm4F7uOcqJl9AvBLO0G7Omyg',1686372232),(113,294,'EmSyrtI94RHdlTysqUfgF9P23KDs3x73','fVx7Wq5pRV-_8BY7qz43A4:APA91bEJtTBxOeipWUx9n9tkbxuA1Mfn6zeUHm0DSa_iMj7-aN8fgUWz5gKWaqowMAuUHT3BzLI2iymMcwY9bziynl2ewwTLZhjOmqALNvHz2F4ApBPZIl-M80KA_xiY6h3ZkJNlvc6e',1686647045),(118,309,'HIkNKyMJDliVzwhHe4u2lGXK7KP8rHgB','fVx7Wq5pRV-_8BY7qz43A4:APA91bEJtTBxOeipWUx9n9tkbxuA1Mfn6zeUHm0DSa_iMj7-aN8fgUWz5gKWaqowMAuUHT3BzLI2iymMcwY9bziynl2ewwTLZhjOmqALNvHz2F4ApBPZIl-M80KA_xiY6h3ZkJNlvc6e',1686647788),(121,316,'9SUJa6PUguxh9K5BjmEmTwm7TyKxkbsx',NULL,1686684542),(122,316,'vx_bPDob6ZeNjIjTHXYNlvPreGwB8Msk',NULL,1686685115),(126,316,'IkU6RchUVPowGI-4Wm2lpOlZVVOn4GyD',NULL,1686727791),(129,247,'FKc3DVQHSCVsc3qwysCmqw86INrminKT','ee6ZUS2YRAiKLiQWRUggF-:APA91bGd1lNy3NlcZ9cRtjESt1Ld13JGUmEJ1i0uqDKHfB4ana4drbOQxUt7eKCa5sx8DOGrICV8VJXCakmMXPg7VSxzgol3TBZycMARgAz5R1YVegehmVMvcA7Gf70qbX_jdJzdgljW',1686807223),(134,318,'9A2IeClF-fyW0wm7KrRCp_a0po8AFJPa','ee6ZUS2YRAiKLiQWRUggF-:APA91bGd1lNy3NlcZ9cRtjESt1Ld13JGUmEJ1i0uqDKHfB4ana4drbOQxUt7eKCa5sx8DOGrICV8VJXCakmMXPg7VSxzgol3TBZycMARgAz5R1YVegehmVMvcA7Gf70qbX_jdJzdgljW',1686896287),(141,318,'i5kXj8LihJQRmOMjnLN5C_zk-ZPfxqID','duTu6-IqRYaNC3EcwwI-um:APA91bHcnMgdV4Qrq3Uc0BeVFw6T4-0ZdS6s-d1z4MA4MxxdZKGzJnesv4EQUwo41gmKqVqYwtE1gjLpHVzt_PWYmX0WL0rPeDKFeVv5awn5SuXN8bqZunsAQZbp4Ee8JrOCcOdUUfWi',1686920355),(142,247,'YvS8kplb7VhiO9wSxeUnBRMt9Q9ln1iL','duTu6-IqRYaNC3EcwwI-um:APA91bHcnMgdV4Qrq3Uc0BeVFw6T4-0ZdS6s-d1z4MA4MxxdZKGzJnesv4EQUwo41gmKqVqYwtE1gjLpHVzt_PWYmX0WL0rPeDKFeVv5awn5SuXN8bqZunsAQZbp4Ee8JrOCcOdUUfWi',1686920419),(146,317,'1PFCxjXr1vzKB2ScE_pZpyA-VC14dkMi','duTu6-IqRYaNC3EcwwI-um:APA91bHcnMgdV4Qrq3Uc0BeVFw6T4-0ZdS6s-d1z4MA4MxxdZKGzJnesv4EQUwo41gmKqVqYwtE1gjLpHVzt_PWYmX0WL0rPeDKFeVv5awn5SuXN8bqZunsAQZbp4Ee8JrOCcOdUUfWi',1686921712),(148,316,'AV-9J914VIy2VIJMEVvU6gp4f-zjP2fp',NULL,1686988203),(149,317,'8e48TQfsiLGEtXOjiJ4m_bBCV-3oOsyK','duTu6-IqRYaNC3EcwwI-um:APA91bHcnMgdV4Qrq3Uc0BeVFw6T4-0ZdS6s-d1z4MA4MxxdZKGzJnesv4EQUwo41gmKqVqYwtE1gjLpHVzt_PWYmX0WL0rPeDKFeVv5awn5SuXN8bqZunsAQZbp4Ee8JrOCcOdUUfWi',1686991435),(150,316,'w-kjlfBIq7qP2qWf6Y8mW5t6CtOzWuNh',NULL,1686996061),(151,316,'xDMUP2b-AtDb55EgMcpnonuORAs_mW-k',NULL,1686996223),(152,316,'SI85H_vG8k3RDD1FTNnzFxQiZpaXZK7q',NULL,1687001146),(153,316,'DvVN0E02D0MY6Ju-yuLjZJYXfywMdTFH',NULL,1687002193),(154,316,'waOpYHSP5aUPrNQpfZONhH7tP0miJRTn',NULL,1687002792),(155,316,'q0tuoZwnqFl_gYIIQ1jMcNyxblPqiZtt',NULL,1687002842),(156,316,'G55FkfsyFI197KE-_t4xLYVGWNuhJ3fA',NULL,1687003616),(157,316,'APHSm_1KOgtbe0XsOts65yTbgp8uGO2w',NULL,1687003831),(158,316,'OrulDz5tn6zs2vtuE4lxO_jZepChP84j',NULL,1687003982),(159,316,'ea12MzQaT6WcXlTs058XnXirXItJgsMY',NULL,1687005262),(160,316,'tbfGkVsBc59XyUjlH2wGYVEPeEgAPA44',NULL,1687005495),(161,316,'30t4eSI5-RKoJ0TzC1B5m-Pwgg1fvX5V',NULL,1687259867),(162,316,'egGAQTMOfq91ebD7YLscmvtCltRBZWyY',NULL,1687260172),(163,316,'1IDXsQOZAaOCXJ-Lj5LZik_ZAhTzXLfi',NULL,1687260396),(164,316,'DiM1-siyiy0j6dcrGS_IemsSn1LjPVN1',NULL,1687260597),(165,316,'3gLGYagnTlciLo8eeSvdmEJKJ4UG-y-X',NULL,1687262257),(166,316,'4pjWP3XT6xev25_Sfmf7DB9d8LKy-JTT',NULL,1687263385),(167,316,'_y1JXYxf9pnmP5CqFp0Qr005gBSi4tfF',NULL,1687265197),(168,316,'kzc1Vystm3pFvxn63lqgZmyOyf0Jubt7',NULL,1687265316),(169,316,'hW2F7pjcfXtlMwuyMLFeSbCOUl4LUN90',NULL,1687265345),(170,320,'WnN4jlDkYBefTAT-xPAae0CI9hqCZZ3_',NULL,1687277699),(171,316,'oMLTMxG2nU1dQymSAY1DGAmT95AIzhEz',NULL,1687284616),(177,315,'C4q_x4_oy-bqyVQYGjjF_2cOKOhszL96',NULL,1687339547),(178,317,'9DnRW5Y5xuuRNlGxpg7bpQ1UKSdvmVwA','ee6ZUS2YRAiKLiQWRUggF-:APA91bGd1lNy3NlcZ9cRtjESt1Ld13JGUmEJ1i0uqDKHfB4ana4drbOQxUt7eKCa5sx8DOGrICV8VJXCakmMXPg7VSxzgol3TBZycMARgAz5R1YVegehmVMvcA7Gf70qbX_jdJzdgljW',1687345167),(179,316,'wJr8Qhtawn33TFeX9l5CSCXEOuYbaw2I',NULL,1687349460),(180,315,'N-xW0yMAiJ61DuAhaVtqZ5fnUJI4c7PE',NULL,1687422075),(181,317,'WEHK4-QC1S1OHFbrYjXk0q7J8FxVhdmV','ee6ZUS2YRAiKLiQWRUggF-:APA91bH2gG4pdEscRDdAP_6N4gKhhMcmcN0wWFdaapN82vMMLW0Md9-ma_MRz86kkve6ErPdWypqUOFVwUQbrWJTCajGRE0uhX5Kho5d-mI3y6Z-2eBhTDsi6EwtIBn3Q7Uc7X-QZaTp',1687434759),(182,316,'CfZr9dAkokn4btA9KMKWTaPmtk_rz8bu',NULL,1687437062),(183,316,'pmZ69vEtRQso5Y3uVmEurAZ95-aqlMU7',NULL,1687445560),(184,316,'jm5VQK64tLi0qWZt1WzzInZBiv8CX12e',NULL,1687445645),(185,316,'hQZG-4zBm6SYz27lVyAkKCM7e0ey_g_i',NULL,1687446186),(186,317,'xhu6mzwy9MVDzyOya3970JjywJgeUU5G','ee6ZUS2YRAiKLiQWRUggF-:APA91bH2gG4pdEscRDdAP_6N4gKhhMcmcN0wWFdaapN82vMMLW0Md9-ma_MRz86kkve6ErPdWypqUOFVwUQbrWJTCajGRE0uhX5Kho5d-mI3y6Z-2eBhTDsi6EwtIBn3Q7Uc7X-QZaTp',1687531538),(187,315,'VrhvphWsS-2UqSeoGz-y5hlxL1sWZziv',NULL,1687587428),(188,316,'kAl03D0VaQjkuYPFIdoxxyQuBoE33cUT',NULL,1687609343),(189,316,'cXxWBgl1-OpxhDWZawDK2ApmSdW_EFs-',NULL,1687854060),(190,316,'xaFWw6XEER_bv_8JV-0783VOVWz9LnuL',NULL,1687856153),(191,316,'7dhnisbkX_1Vp0kaW5nGQPRTknLZTvxU',NULL,1687856263),(192,316,'DNeRqCfJdin3imIgN9S2K8MfAQuL3JxZ',NULL,1687856367),(193,317,'tkFbXNB6FcrOkKswtv59UlDlILBvcmes','ee6ZUS2YRAiKLiQWRUggF-:APA91bH2gG4pdEscRDdAP_6N4gKhhMcmcN0wWFdaapN82vMMLW0Md9-ma_MRz86kkve6ErPdWypqUOFVwUQbrWJTCajGRE0uhX5Kho5d-mI3y6Z-2eBhTDsi6EwtIBn3Q7Uc7X-QZaTp',1687863142),(194,317,'eZN8xqxirXDHPtbgbTH3QUuxk53s5v9Z','ee6ZUS2YRAiKLiQWRUggF-:APA91bH2gG4pdEscRDdAP_6N4gKhhMcmcN0wWFdaapN82vMMLW0Md9-ma_MRz86kkve6ErPdWypqUOFVwUQbrWJTCajGRE0uhX5Kho5d-mI3y6Z-2eBhTDsi6EwtIBn3Q7Uc7X-QZaTp',1687863229),(195,316,'0M17Fa-KJ8Nlj3LdeyMzYi5COpPQ3sZk',NULL,1687895936),(196,320,'lLIDa9Vz-2JZM6Z2VRQPMEKwvX0EjSbk',NULL,1687956655),(197,316,'gndxarW7EuQOE8BtGmVaccLXTH2djKk1',NULL,1688020881),(198,320,'0nGSuiSi1HULqkxTV1Ap3-ffSdNje1mK',NULL,1688044545),(199,320,'HAIRlMyUqFfR6G_YjB8sxhb911LVhxMb',NULL,1688045744),(200,320,'LVRg5LpyaGz-0qrSotLqxWkj0xxJNeP-',NULL,1688045809),(201,320,'-PpsXo-U5ffMKCKkVzgV58s6m5Rhwxn_',NULL,1688045921),(202,320,'3TpYeuHFQL_77BCzOJibHEQYRk6Zc2rk',NULL,1688046041),(203,316,'8LNXQgMxoZLm_r4gVk9IypLZ_glSZcDW',NULL,1688046191),(204,320,'HuuxlelmoXYM8GWaso4eatg5Lt8x8s1v',NULL,1688047035),(205,320,'0a0Fka4HAnKWMYLvfNuDXZvRgpc73BSm',NULL,1688047179),(206,315,'eJofD0-xUCYaHVuXMpvIe9_ZOOtyaNoF',NULL,1688098356),(207,320,'xKoKtIPPQecyuBlr5toX7Vm5b11Ww5M6',NULL,1688116515),(208,317,'41LZ2Ic6dN4ug-E9xsAxPnDosWbDnYGS','e-2eRN3rRbmI-Fx5uoXTg6:APA91bGYqV0046JCkjvqvtz513wTtb9MONFjYP5yXy1H2tvPRvCYfUzQCLfuCiNzBWv746JYSiecC_Ke1lmsUfOUPYO6EuZo3qX__PYcak5Y3DFVHSl_EpO7n5Z5pSsqRfmQiM6OhQNK',1688215047),(209,315,'DgChVickxy3YEzLHI_6Y1TOUisIdAyPz',NULL,1688532076),(210,315,'GupMMgAEto4-dLaHHRLwDq6uym8Vtugn',NULL,1688532188),(211,317,'0mx-gSRQyNKlWzKFmpCDLBC1vjIQSAgY','e-2eRN3rRbmI-Fx5uoXTg6:APA91bGYqV0046JCkjvqvtz513wTtb9MONFjYP5yXy1H2tvPRvCYfUzQCLfuCiNzBWv746JYSiecC_Ke1lmsUfOUPYO6EuZo3qX__PYcak5Y3DFVHSl_EpO7n5Z5pSsqRfmQiM6OhQNK',1688559495),(212,317,'tmI_mp7ke3EG6GzJsYb-MdyAPAW7Mxe0','e-2eRN3rRbmI-Fx5uoXTg6:APA91bGYqV0046JCkjvqvtz513wTtb9MONFjYP5yXy1H2tvPRvCYfUzQCLfuCiNzBWv746JYSiecC_Ke1lmsUfOUPYO6EuZo3qX__PYcak5Y3DFVHSl_EpO7n5Z5pSsqRfmQiM6OhQNK',1688648284),(213,317,'4GSxP3_1mM1OLThau812EiF0H-vOOcI_','e-2eRN3rRbmI-Fx5uoXTg6:APA91bGYqV0046JCkjvqvtz513wTtb9MONFjYP5yXy1H2tvPRvCYfUzQCLfuCiNzBWv746JYSiecC_Ke1lmsUfOUPYO6EuZo3qX__PYcak5Y3DFVHSl_EpO7n5Z5pSsqRfmQiM6OhQNK',1688747561),(214,315,'8GHhQbCfvqAJkLEUd6sSmj8nBNZmxjv1',NULL,1688802453),(215,317,'urHbHnea20jo_yGyLY04MwcVyFvhLvTS','e-2eRN3rRbmI-Fx5uoXTg6:APA91bGYqV0046JCkjvqvtz513wTtb9MONFjYP5yXy1H2tvPRvCYfUzQCLfuCiNzBWv746JYSiecC_Ke1lmsUfOUPYO6EuZo3qX__PYcak5Y3DFVHSl_EpO7n5Z5pSsqRfmQiM6OhQNK',1688920409),(216,315,'ObI01GBFl5zBSkDXKduuIwl0UDIAlYhb',NULL,1688961492),(217,317,'3OiB-wznokqe5F5oSRmINKhQ43gu7Dfo','e-2eRN3rRbmI-Fx5uoXTg6:APA91bGYqV0046JCkjvqvtz513wTtb9MONFjYP5yXy1H2tvPRvCYfUzQCLfuCiNzBWv746JYSiecC_Ke1lmsUfOUPYO6EuZo3qX__PYcak5Y3DFVHSl_EpO7n5Z5pSsqRfmQiM6OhQNK',1689053230),(218,317,'5o5VT8ucTwA0T5N6uI4ryqBdmYgmkzOZ','e-2eRN3rRbmI-Fx5uoXTg6:APA91bGYqV0046JCkjvqvtz513wTtb9MONFjYP5yXy1H2tvPRvCYfUzQCLfuCiNzBWv746JYSiecC_Ke1lmsUfOUPYO6EuZo3qX__PYcak5Y3DFVHSl_EpO7n5Z5pSsqRfmQiM6OhQNK',1689165597),(219,317,'yXdurkd4IAqrjk-ufQUQpT8gseEdryWP','e-2eRN3rRbmI-Fx5uoXTg6:APA91bGYqV0046JCkjvqvtz513wTtb9MONFjYP5yXy1H2tvPRvCYfUzQCLfuCiNzBWv746JYSiecC_Ke1lmsUfOUPYO6EuZo3qX__PYcak5Y3DFVHSl_EpO7n5Z5pSsqRfmQiM6OhQNK',1689272742),(220,317,'cJx6ro7VeOr6I0H-eXv4U5DEGHtfTDIh','e-2eRN3rRbmI-Fx5uoXTg6:APA91bGYqV0046JCkjvqvtz513wTtb9MONFjYP5yXy1H2tvPRvCYfUzQCLfuCiNzBWv746JYSiecC_Ke1lmsUfOUPYO6EuZo3qX__PYcak5Y3DFVHSl_EpO7n5Z5pSsqRfmQiM6OhQNK',1689273607),(221,317,'ZC9sBYJh4Jk3IJEIgUbEkHy5dFhgktdw','e-2eRN3rRbmI-Fx5uoXTg6:APA91bGYqV0046JCkjvqvtz513wTtb9MONFjYP5yXy1H2tvPRvCYfUzQCLfuCiNzBWv746JYSiecC_Ke1lmsUfOUPYO6EuZo3qX__PYcak5Y3DFVHSl_EpO7n5Z5pSsqRfmQiM6OhQNK',1689314150),(222,317,'qGLaUdXBo9WHP1NlgxzEOtFUZEOHOHhi','e-2eRN3rRbmI-Fx5uoXTg6:APA91bGYqV0046JCkjvqvtz513wTtb9MONFjYP5yXy1H2tvPRvCYfUzQCLfuCiNzBWv746JYSiecC_Ke1lmsUfOUPYO6EuZo3qX__PYcak5Y3DFVHSl_EpO7n5Z5pSsqRfmQiM6OhQNK',1689318031),(223,317,'uwS9HO0IBajetJ50oBMy1NFK_f7Jhnlr','e-2eRN3rRbmI-Fx5uoXTg6:APA91bGYqV0046JCkjvqvtz513wTtb9MONFjYP5yXy1H2tvPRvCYfUzQCLfuCiNzBWv746JYSiecC_Ke1lmsUfOUPYO6EuZo3qX__PYcak5Y3DFVHSl_EpO7n5Z5pSsqRfmQiM6OhQNK',1689318387),(226,327,'Z06K8y0-jPdWUinRfLlV5fRuxr9hlZtI','e-2eRN3rRbmI-Fx5uoXTg6:APA91bGYqV0046JCkjvqvtz513wTtb9MONFjYP5yXy1H2tvPRvCYfUzQCLfuCiNzBWv746JYSiecC_Ke1lmsUfOUPYO6EuZo3qX__PYcak5Y3DFVHSl_EpO7n5Z5pSsqRfmQiM6OhQNK',1689394314),(233,328,'3969b7R8jGeQYe6mm3Uutobfj04-JwmD','e-2eRN3rRbmI-Fx5uoXTg6:APA91bGYqV0046JCkjvqvtz513wTtb9MONFjYP5yXy1H2tvPRvCYfUzQCLfuCiNzBWv746JYSiecC_Ke1lmsUfOUPYO6EuZo3qX__PYcak5Y3DFVHSl_EpO7n5Z5pSsqRfmQiM6OhQNK',1689439808),(237,328,'st06cUaMmK-PyG2-5LJODB3BR8gX5-ZB','e-2eRN3rRbmI-Fx5uoXTg6:APA91bGYqV0046JCkjvqvtz513wTtb9MONFjYP5yXy1H2tvPRvCYfUzQCLfuCiNzBWv746JYSiecC_Ke1lmsUfOUPYO6EuZo3qX__PYcak5Y3DFVHSl_EpO7n5Z5pSsqRfmQiM6OhQNK',1689443070),(240,328,'8mt_pDpSHDzDM_x53NxBx0DpyAvkn4mY','e-2eRN3rRbmI-Fx5uoXTg6:APA91bGYqV0046JCkjvqvtz513wTtb9MONFjYP5yXy1H2tvPRvCYfUzQCLfuCiNzBWv746JYSiecC_Ke1lmsUfOUPYO6EuZo3qX__PYcak5Y3DFVHSl_EpO7n5Z5pSsqRfmQiM6OhQNK',1689678083),(241,315,'OXBdrY51fDi0oNwY9vyhg2DjIYu4X_He','e4DWmniBRLG-z8RvLFUElI:APA91bGUYIC2WKbo5qqh7MruWqm7h0R880_kgvrDrsU090OQEWLC1hOD10K3lQdEyJHQJOScummDI8m7Owz3cgfCty36LRqcCVLaSD14GuNI0xrcINMYg-n5_xGJQyzH4ns6woFYGOSO',1689738599),(242,315,'-EvFavveurbLsrAlErS6hcMhrt6pGFxl',NULL,1689739092),(244,328,'g96E_zfQ0utei1MgzQF_prvIutDxsibw','e-2eRN3rRbmI-Fx5uoXTg6:APA91bGYqV0046JCkjvqvtz513wTtb9MONFjYP5yXy1H2tvPRvCYfUzQCLfuCiNzBWv746JYSiecC_Ke1lmsUfOUPYO6EuZo3qX__PYcak5Y3DFVHSl_EpO7n5Z5pSsqRfmQiM6OhQNK',1689751099),(248,328,'GdsWoVSxbnj6Y-8qnd8gXQVUqFSr_7i_','e-2eRN3rRbmI-Fx5uoXTg6:APA91bGYqV0046JCkjvqvtz513wTtb9MONFjYP5yXy1H2tvPRvCYfUzQCLfuCiNzBWv746JYSiecC_Ke1lmsUfOUPYO6EuZo3qX__PYcak5Y3DFVHSl_EpO7n5Z5pSsqRfmQiM6OhQNK',1690021333),(250,328,'A9TjGsYkX0aTwyda9B5_sQK0915kCW28','cWV8lsdHTc6XWLjeglG7Fx:APA91bEKALVq0AHtRb-6qGI4SPk4NL2MS26r6XAikCqtSuVTq1Z3bq6l_YkSByCBlWzaGYGZQBjh46YPCXSZboxx700is92hDQRwpgK1UAdNrMVh_YMnwvo0nKAN0q5kkWSyi8nehUFT',1690025838),(251,315,'htmHYL8UfPugLZ4uVsGVcC-ZrJz5I-aZ',NULL,1690027607),(253,328,'Kqhd33qgTLXGWtYgWjInP0PN2fJX8ozu','e-2eRN3rRbmI-Fx5uoXTg6:APA91bGYqV0046JCkjvqvtz513wTtb9MONFjYP5yXy1H2tvPRvCYfUzQCLfuCiNzBWv746JYSiecC_Ke1lmsUfOUPYO6EuZo3qX__PYcak5Y3DFVHSl_EpO7n5Z5pSsqRfmQiM6OhQNK',1690032337),(254,328,'1DRrM09zkwej84QedfbDWwJXwoObQITQ','e-2eRN3rRbmI-Fx5uoXTg6:APA91bGYqV0046JCkjvqvtz513wTtb9MONFjYP5yXy1H2tvPRvCYfUzQCLfuCiNzBWv746JYSiecC_Ke1lmsUfOUPYO6EuZo3qX__PYcak5Y3DFVHSl_EpO7n5Z5pSsqRfmQiM6OhQNK',1690262441),(256,315,'DUkz-9W76UtLyi1qrvEpVlGhjSJtUjZk','dGdkxPg_QfmfVilhaIsiWm:APA91bGw_XlxSsKO2h1bhKyuc91bwcP4p4ejjkBgJwZ3QnUqMemgOUclharyqjalBzx6Dr9ro82nVULaYu47HCFGecjXbaHnZgA5zLYrLX7tuJEtbDfhh_vachbxTyOJvda8PXiO27o6',1690342431),(257,315,'QFfxo8OIIqd0pXtS2Jl0q7gCvfpxsJqB',NULL,1690342638),(258,328,'92vUIwaGQXNuArNzh1190liHdUTzSZ4v','e-2eRN3rRbmI-Fx5uoXTg6:APA91bGYqV0046JCkjvqvtz513wTtb9MONFjYP5yXy1H2tvPRvCYfUzQCLfuCiNzBWv746JYSiecC_Ke1lmsUfOUPYO6EuZo3qX__PYcak5Y3DFVHSl_EpO7n5Z5pSsqRfmQiM6OhQNK',1690344413),(259,315,'I8ANb_eqpdAwfGxjfwQx0dPuhDZWWBgX','cvZpg3qKTD-uXkpuhsIg1j:APA91bFhu3HNZBWbqq58XmVBsCeaz8ZKbPAfAZYi1Z1FLNJryelAxzEi6GK2oQsukzfSh9jHe_83fOOePUb_YjrdBJ-8rvpc0djQeQuiqa1zzHtFTCRZHtCJQq1cEEE_wI7zgtsoMQ42',1690347332),(260,332,'9KO2EfAR4U307WowkMMnYKidDV0r6oAz','d065mLT3RKuRLM-DE7LHww:APA91bEk18_FZyikyCqU1IDuyoDhMtmrszO3YyA28lOCE5ujLvhKyalw_OfsSpnt_bg6qpobydtmbxPxyEEkfWh8lzwig60TAZGAx2NkcN-ncm6ncFlt59HKA_bdE7w_sVLwGrM06cF6',1690623922),(261,333,'EKhr--usKliQoHvku_y9NpRvgJZ3a1R0','d065mLT3RKuRLM-DE7LHww:APA91bEk18_FZyikyCqU1IDuyoDhMtmrszO3YyA28lOCE5ujLvhKyalw_OfsSpnt_bg6qpobydtmbxPxyEEkfWh8lzwig60TAZGAx2NkcN-ncm6ncFlt59HKA_bdE7w_sVLwGrM06cF6',1690624186),(262,315,'mH_vyJCQOPb9uQ-S44dYzHnOwLJXnx9e','d065mLT3RKuRLM-DE7LHww:APA91bEk18_FZyikyCqU1IDuyoDhMtmrszO3YyA28lOCE5ujLvhKyalw_OfsSpnt_bg6qpobydtmbxPxyEEkfWh8lzwig60TAZGAx2NkcN-ncm6ncFlt59HKA_bdE7w_sVLwGrM06cF6',1690624340),(263,334,'8wBh-3l8CWXLcz13Oy14WCG_Bt2JNn7n','e-2eRN3rRbmI-Fx5uoXTg6:APA91bGYqV0046JCkjvqvtz513wTtb9MONFjYP5yXy1H2tvPRvCYfUzQCLfuCiNzBWv746JYSiecC_Ke1lmsUfOUPYO6EuZo3qX__PYcak5Y3DFVHSl_EpO7n5Z5pSsqRfmQiM6OhQNK',1690702326),(264,335,'euPJni-DwRQQglb5nwTBYUF103M55pKx','d_hCnbXbTkmCpFS1tL2Gte:APA91bEcs6oRENwA5PwOuAp73fKd8AgVVM5qjtyhIyq67-BPrkXCJnkq6wZ_J7y1dVe-o-u41HuND6Ri0OGJYhfSz_MakA9grM9iD_kgP7KCQKz7V__trH52j4ysprouItlCaUzaXmMw',1690703504),(267,337,'YhxTL0TW5BMHVg3CDKqQDuxnMBA-psvD',NULL,1690958316),(268,337,'5ikoBbv8RStNVbOSbuT-WDuc13gopCSb',NULL,1690958346),(270,338,'hHsqsvVbRj0ItmgJ45GRs8lS8fveqZEr','d_hCnbXbTkmCpFS1tL2Gte:APA91bEcs6oRENwA5PwOuAp73fKd8AgVVM5qjtyhIyq67-BPrkXCJnkq6wZ_J7y1dVe-o-u41HuND6Ri0OGJYhfSz_MakA9grM9iD_kgP7KCQKz7V__trH52j4ysprouItlCaUzaXmMw',1690959167),(271,338,'yK6nJSSnvs1jjigAr9NWLJqDXVrmcKb4','d_hCnbXbTkmCpFS1tL2Gte:APA91bEcs6oRENwA5PwOuAp73fKd8AgVVM5qjtyhIyq67-BPrkXCJnkq6wZ_J7y1dVe-o-u41HuND6Ri0OGJYhfSz_MakA9grM9iD_kgP7KCQKz7V__trH52j4ysprouItlCaUzaXmMw',1690959185),(272,339,'421CLJ15hC7oEk3So_MbTR2ZvfxChLl9','cYU7zHmVTeyJvlNqjVSewC:APA91bFN6cRGF_omYWhH-VHDs8SWOmOL-i_KZLoAiVBVKr4cZKHYqlkD8QUF0Nl1PHmqyAZjjARB5AT1m9mqZu4hwfSuiffuJ_wPG9Bk9aFYxweQL_JIubcXDNwVcZ0xyRLpXfbr85F3',1690968317),(273,339,'DFBt4r54bHyyv-KzCctj5AweiPI34-us','cYU7zHmVTeyJvlNqjVSewC:APA91bFN6cRGF_omYWhH-VHDs8SWOmOL-i_KZLoAiVBVKr4cZKHYqlkD8QUF0Nl1PHmqyAZjjARB5AT1m9mqZu4hwfSuiffuJ_wPG9Bk9aFYxweQL_JIubcXDNwVcZ0xyRLpXfbr85F3',1690968423),(274,337,'qbZuAD-coApazksAjAQFB96gaCcakX-b',NULL,1691048742),(275,339,'1m8_hAL7JzOiJseWgRgTnIcMjg7Xwab3','cYU7zHmVTeyJvlNqjVSewC:APA91bFN6cRGF_omYWhH-VHDs8SWOmOL-i_KZLoAiVBVKr4cZKHYqlkD8QUF0Nl1PHmqyAZjjARB5AT1m9mqZu4hwfSuiffuJ_wPG9Bk9aFYxweQL_JIubcXDNwVcZ0xyRLpXfbr85F3',1691142328),(276,1,'blOpTqEApv3O_2k4owEQlDrlVTFtjXOD',NULL,1691180570),(277,341,'Gv1W5otGrJ3BhS8OU0odovwyiqPTQ9uG','cYU7zHmVTeyJvlNqjVSewC:APA91bFN6cRGF_omYWhH-VHDs8SWOmOL-i_KZLoAiVBVKr4cZKHYqlkD8QUF0Nl1PHmqyAZjjARB5AT1m9mqZu4hwfSuiffuJ_wPG9Bk9aFYxweQL_JIubcXDNwVcZ0xyRLpXfbr85F3',1691502021),(278,347,'HByEFUPmdqBhL7f3KtsmLLIq5sqLUpgc','cYU7zHmVTeyJvlNqjVSewC:APA91bFN6cRGF_omYWhH-VHDs8SWOmOL-i_KZLoAiVBVKr4cZKHYqlkD8QUF0Nl1PHmqyAZjjARB5AT1m9mqZu4hwfSuiffuJ_wPG9Bk9aFYxweQL_JIubcXDNwVcZ0xyRLpXfbr85F3',1691508047),(279,347,'-0nhiXm_6ZGAVJojxIitQBh3CheHn-Oz','cYU7zHmVTeyJvlNqjVSewC:APA91bFN6cRGF_omYWhH-VHDs8SWOmOL-i_KZLoAiVBVKr4cZKHYqlkD8QUF0Nl1PHmqyAZjjARB5AT1m9mqZu4hwfSuiffuJ_wPG9Bk9aFYxweQL_JIubcXDNwVcZ0xyRLpXfbr85F3',1691508053),(280,347,'2m9iMmyqiDIIjiaqjJfaaELN8uzY3J9j','cYU7zHmVTeyJvlNqjVSewC:APA91bFN6cRGF_omYWhH-VHDs8SWOmOL-i_KZLoAiVBVKr4cZKHYqlkD8QUF0Nl1PHmqyAZjjARB5AT1m9mqZu4hwfSuiffuJ_wPG9Bk9aFYxweQL_JIubcXDNwVcZ0xyRLpXfbr85F3',1691508056),(281,347,'D8DaSQdm9Lw4ekiOs1oysw5s5amVDpbr','cYU7zHmVTeyJvlNqjVSewC:APA91bFN6cRGF_omYWhH-VHDs8SWOmOL-i_KZLoAiVBVKr4cZKHYqlkD8QUF0Nl1PHmqyAZjjARB5AT1m9mqZu4hwfSuiffuJ_wPG9Bk9aFYxweQL_JIubcXDNwVcZ0xyRLpXfbr85F3',1691508058),(282,348,'FqAuz0vUEl_u4rzNTxMY5m2NRJgEhu4n','cYU7zHmVTeyJvlNqjVSewC:APA91bFN6cRGF_omYWhH-VHDs8SWOmOL-i_KZLoAiVBVKr4cZKHYqlkD8QUF0Nl1PHmqyAZjjARB5AT1m9mqZu4hwfSuiffuJ_wPG9Bk9aFYxweQL_JIubcXDNwVcZ0xyRLpXfbr85F3',1691508100),(286,315,'ermJopm9QKW4aA3eOL1F1AyhWJq0O046',NULL,1691560824),(290,315,'rhk5Auh9gtncxdve_oMqMNz1UUIWK2e_',NULL,1691745953),(291,356,'iRvVmR6Q78fI0T5D0ivavT5Kceb4H245','cYU7zHmVTeyJvlNqjVSewC:APA91bFN6cRGF_omYWhH-VHDs8SWOmOL-i_KZLoAiVBVKr4cZKHYqlkD8QUF0Nl1PHmqyAZjjARB5AT1m9mqZu4hwfSuiffuJ_wPG9Bk9aFYxweQL_JIubcXDNwVcZ0xyRLpXfbr85F3',1691749954),(292,337,'10MptQ8YGY81RU_kPBcK7qz9527MICeX','d_hCnbXbTkmCpFS1tL2Gte:APA91bEcs6oRENwA5PwOuAp73fKd8AgVVM5qjtyhIyq67-BPrkXCJnkq6wZ_J7y1dVe-o-u41HuND6Ri0OGJYhfSz_MakA9grM9iD_kgP7KCQKz7V__trH52j4ysprouItlCaUzaXmMw',1692178913),(293,337,'aOldxJaZRTNN-S20DVczu-7xdIAxj2pG','d_hCnbXbTkmCpFS1tL2Gte:APA91bEcs6oRENwA5PwOuAp73fKd8AgVVM5qjtyhIyq67-BPrkXCJnkq6wZ_J7y1dVe-o-u41HuND6Ri0OGJYhfSz_MakA9grM9iD_kgP7KCQKz7V__trH52j4ysprouItlCaUzaXmMw',1692179094),(294,337,'T0BWXn42sUBaJ1XO8z0QQXdZvK_qssoQ','d_hCnbXbTkmCpFS1tL2Gte:APA91bEcs6oRENwA5PwOuAp73fKd8AgVVM5qjtyhIyq67-BPrkXCJnkq6wZ_J7y1dVe-o-u41HuND6Ri0OGJYhfSz_MakA9grM9iD_kgP7KCQKz7V__trH52j4ysprouItlCaUzaXmMw',1692179096),(295,337,'K763ALxs53OreBPvq4eLaNSTm7FiE2C_','d_hCnbXbTkmCpFS1tL2Gte:APA91bEcs6oRENwA5PwOuAp73fKd8AgVVM5qjtyhIyq67-BPrkXCJnkq6wZ_J7y1dVe-o-u41HuND6Ri0OGJYhfSz_MakA9grM9iD_kgP7KCQKz7V__trH52j4ysprouItlCaUzaXmMw',1692179098),(296,361,'K_Fu8YkQPZ6fzAN6OD7obPzIp5WK0kpC','cN9gjah3RgG12XX0IesxDv:APA91bECr72KZytV-tKildZN65JWCMyuENGuT_QJ2tmI9fpUhk6wZv18rtuUzoCBn26YJ5TUD7AOTXfgkaEmIzWWVEpz6WiuWi5u7qxv_-UwPXNDNtCLCEy0R9ugfhK7BN6-PsFer6AO',1692179243),(297,356,'nYBkf-B2KGrTLg5ty8S6DVvjfjYM75HG','cYU7zHmVTeyJvlNqjVSewC:APA91bFN6cRGF_omYWhH-VHDs8SWOmOL-i_KZLoAiVBVKr4cZKHYqlkD8QUF0Nl1PHmqyAZjjARB5AT1m9mqZu4hwfSuiffuJ_wPG9Bk9aFYxweQL_JIubcXDNwVcZ0xyRLpXfbr85F3',1692269609),(298,247,'y44NgCkSqpmO2Z-1SbCieS9XQnR3vzkB','e-2eRN3rRbmI-Fx5uoXTg6:APA91bGYqV0046JCkjvqvtz513wTtb9MONFjYP5yXy1H2tvPRvCYfUzQCLfuCiNzBWv746JYSiecC_Ke1lmsUfOUPYO6EuZo3qX__PYcak5Y3DFVHSl_EpO7n5Z5pSsqRfmQiM6OhQNK',1692418679),(299,283,'rCHXHjdGD3PKv7vqWmexet805AodKyNp','fooPlxvESi2-_V-IiUd-QR:APA91bFrP7heT97CiVHyd-7MFOriXhbIGuJdzmWvWdVpzwSgogGpdufg3AyPYEcRR3cu7RytXubnw53--wlfkW8jVD4Xq2wb2-Cl4W6u0hY8XAlg9I4QFjCnyiWlUBQ1D8h1XSjGSV_B',1692420385),(300,294,'jDt7IBVcOeO_I1Dsg2f5Er3am-3n2Q_5','fooPlxvESi2-_V-IiUd-QR:APA91bFrP7heT97CiVHyd-7MFOriXhbIGuJdzmWvWdVpzwSgogGpdufg3AyPYEcRR3cu7RytXubnw53--wlfkW8jVD4Xq2wb2-Cl4W6u0hY8XAlg9I4QFjCnyiWlUBQ1D8h1XSjGSV_B',1692420602),(302,307,'1dbh_mccgN0Tak2B30kyvipAwrz7KW9m','fooPlxvESi2-_V-IiUd-QR:APA91bFrP7heT97CiVHyd-7MFOriXhbIGuJdzmWvWdVpzwSgogGpdufg3AyPYEcRR3cu7RytXubnw53--wlfkW8jVD4Xq2wb2-Cl4W6u0hY8XAlg9I4QFjCnyiWlUBQ1D8h1XSjGSV_B',1692420783),(303,315,'wOu6BKd-S3hMoBm9DgdF7Tc4uS7fcPBO','d_hCnbXbTkmCpFS1tL2Gte:APA91bEcs6oRENwA5PwOuAp73fKd8AgVVM5qjtyhIyq67-BPrkXCJnkq6wZ_J7y1dVe-o-u41HuND6Ri0OGJYhfSz_MakA9grM9iD_kgP7KCQKz7V__trH52j4ysprouItlCaUzaXmMw',1692421407),(304,356,'V_1789TilzKGpQaunjUiM1i3iMTv3Xu2','cYU7zHmVTeyJvlNqjVSewC:APA91bFN6cRGF_omYWhH-VHDs8SWOmOL-i_KZLoAiVBVKr4cZKHYqlkD8QUF0Nl1PHmqyAZjjARB5AT1m9mqZu4hwfSuiffuJ_wPG9Bk9aFYxweQL_JIubcXDNwVcZ0xyRLpXfbr85F3',1692423261),(305,356,'sy1pZdTw2mMwhuC-TqDo8_uZXo3bp9CN','cYU7zHmVTeyJvlNqjVSewC:APA91bFN6cRGF_omYWhH-VHDs8SWOmOL-i_KZLoAiVBVKr4cZKHYqlkD8QUF0Nl1PHmqyAZjjARB5AT1m9mqZu4hwfSuiffuJ_wPG9Bk9aFYxweQL_JIubcXDNwVcZ0xyRLpXfbr85F3',1692628813),(306,307,'A3jEYb1JiERCTyTRLMqYNCOh8B7YFCFt','fooPlxvESi2-_V-IiUd-QR:APA91bFrP7heT97CiVHyd-7MFOriXhbIGuJdzmWvWdVpzwSgogGpdufg3AyPYEcRR3cu7RytXubnw53--wlfkW8jVD4Xq2wb2-Cl4W6u0hY8XAlg9I4QFjCnyiWlUBQ1D8h1XSjGSV_B',1692678778),(307,315,'JSB-ZCYyCmdd4YjoNaMNxyIyPczxPPRv','eu5mfCTPQ6OmLQv39PmMTj:APA91bF4KD31NGV-SVLYEzO79ZZA8lU509d-vdJm-MW8nOoIhGRj_mCxyo-J-t28XXqVKETPAvFiZYXrCY6aVXL_SS_bsaEPBNyD610zXe6t9ZppKfDyRajaX5PbqqrwI41xeF8yRS-s',1692697135),(308,315,'pXHwuanHAgVVCi8qffHnXMdifTjI0-yp',NULL,1692697370),(310,356,'uJmAV3DplHPgCLIBUtPlBvRidPu4IvlM','cYU7zHmVTeyJvlNqjVSewC:APA91bFN6cRGF_omYWhH-VHDs8SWOmOL-i_KZLoAiVBVKr4cZKHYqlkD8QUF0Nl1PHmqyAZjjARB5AT1m9mqZu4hwfSuiffuJ_wPG9Bk9aFYxweQL_JIubcXDNwVcZ0xyRLpXfbr85F3',1692767163),(311,307,'DMkXjYqHuLxL4ybV-E59WHUxPrnNgBtA','fooPlxvESi2-_V-IiUd-QR:APA91bFrP7heT97CiVHyd-7MFOriXhbIGuJdzmWvWdVpzwSgogGpdufg3AyPYEcRR3cu7RytXubnw53--wlfkW8jVD4Xq2wb2-Cl4W6u0hY8XAlg9I4QFjCnyiWlUBQ1D8h1XSjGSV_B',1692771959),(312,315,'ENSstPq4OgLdY5Q96MHY3iCPBHKrre0l','e3AlfD5hS06Az4SVdBaegI:APA91bFsociCkyg_-5YPncTSiAmWxl42eREYcqBBPAXDR_mcO2NAEZjvbsIPdwdRLmUlRdEGliEyGcu6gyiruCOeoDhcn4wNTBGWr68uVLhvX7eYYOS1BBFWpOSrCgVNHudPF0uujak5',1692780368),(313,315,'kv6nNgTadTx_uBgkoO5b3ZreL5vS2vpZ','eym2DeFrQFiiiwrVIzPLUN:APA91bGUGCEPucJ6OFLt8D3hxL1_sr8fSr3AHd-53Ou6xJM93z7QlGUBPOKuZXI8IhMTPO1ta3y7XRed-iZdmmDai9KxGSYwFXzBUjsdCpMcW3TyrW7C8KzLBqJHOsoKVj-JC0GDAo8M',1692848578),(314,315,'EM2FYcyzS_Mkl-3w9fBKquX7cXszgmzI',NULL,1692848937),(315,315,'xRTIBlRxe9BltKvgrDuzd7zDOWI0_5-G','fGW8BQ2KQPeoMjqubXkkST:APA91bFpMkmUibaT-Jz7dC-8-CvP4oqWUaCixFGzxbX5RlHFamcm1Owh5D9vbDh0LxlWmq_p-Wze9uCXjwWKDt8UgTVXcSQrZFimvLn52Lx8pX6NxHkueJdunTY7h-YD6YBGm1pe-tKL',1692852856),(316,356,'ErzfroCGsZXDVxof5OGUpBpYVSLj8CrO','cYU7zHmVTeyJvlNqjVSewC:APA91bFN6cRGF_omYWhH-VHDs8SWOmOL-i_KZLoAiVBVKr4cZKHYqlkD8QUF0Nl1PHmqyAZjjARB5AT1m9mqZu4hwfSuiffuJ_wPG9Bk9aFYxweQL_JIubcXDNwVcZ0xyRLpXfbr85F3',1692854241),(317,307,'Beqirv1xSEycDjld9LxUHN1ZjAKEVbGw','fooPlxvESi2-_V-IiUd-QR:APA91bFrP7heT97CiVHyd-7MFOriXhbIGuJdzmWvWdVpzwSgogGpdufg3AyPYEcRR3cu7RytXubnw53--wlfkW8jVD4Xq2wb2-Cl4W6u0hY8XAlg9I4QFjCnyiWlUBQ1D8h1XSjGSV_B',1692866794),(318,356,'1qyiMHImwGJkkosIAdcRcNqvfSBVi6Jg','cYU7zHmVTeyJvlNqjVSewC:APA91bFN6cRGF_omYWhH-VHDs8SWOmOL-i_KZLoAiVBVKr4cZKHYqlkD8QUF0Nl1PHmqyAZjjARB5AT1m9mqZu4hwfSuiffuJ_wPG9Bk9aFYxweQL_JIubcXDNwVcZ0xyRLpXfbr85F3',1692951268),(319,307,'ocQMrFnc6uQ7txihRwxPq7kXz2P1yEpx','fooPlxvESi2-_V-IiUd-QR:APA91bFrP7heT97CiVHyd-7MFOriXhbIGuJdzmWvWdVpzwSgogGpdufg3AyPYEcRR3cu7RytXubnw53--wlfkW8jVD4Xq2wb2-Cl4W6u0hY8XAlg9I4QFjCnyiWlUBQ1D8h1XSjGSV_B',1692967844),(320,356,'2PZ0EaUf8BpSbFfuDW0fp8I56RFFgcfP','cYU7zHmVTeyJvlNqjVSewC:APA91bFN6cRGF_omYWhH-VHDs8SWOmOL-i_KZLoAiVBVKr4cZKHYqlkD8QUF0Nl1PHmqyAZjjARB5AT1m9mqZu4hwfSuiffuJ_wPG9Bk9aFYxweQL_JIubcXDNwVcZ0xyRLpXfbr85F3',1693052175),(321,356,'fEE8tP3wu9xIn-MIMJfD4yyzlNCbvyXL','cYU7zHmVTeyJvlNqjVSewC:APA91bFN6cRGF_omYWhH-VHDs8SWOmOL-i_KZLoAiVBVKr4cZKHYqlkD8QUF0Nl1PHmqyAZjjARB5AT1m9mqZu4hwfSuiffuJ_wPG9Bk9aFYxweQL_JIubcXDNwVcZ0xyRLpXfbr85F3',1693144500),(322,307,'g2O6nR7QNeiisumXkin2D0H35RyvseXQ','fooPlxvESi2-_V-IiUd-QR:APA91bFrP7heT97CiVHyd-7MFOriXhbIGuJdzmWvWdVpzwSgogGpdufg3AyPYEcRR3cu7RytXubnw53--wlfkW8jVD4Xq2wb2-Cl4W6u0hY8XAlg9I4QFjCnyiWlUBQ1D8h1XSjGSV_B',1693288872),(323,315,'8Vf246RY4a-MS0NSB7i2k1pbjY7MZsoF',NULL,1693315391),(324,315,'hdKa5g7xX7E3vO2SOhshu-ENhY7eO0Kx',NULL,1693374102),(325,307,'ShqjlFqdPItbeBm6-3465Mn2yDZ7LPoS','fooPlxvESi2-_V-IiUd-QR:APA91bFrP7heT97CiVHyd-7MFOriXhbIGuJdzmWvWdVpzwSgogGpdufg3AyPYEcRR3cu7RytXubnw53--wlfkW8jVD4Xq2wb2-Cl4W6u0hY8XAlg9I4QFjCnyiWlUBQ1D8h1XSjGSV_B',1693376721),(326,356,'C1f7kdseT6CGYxwhce0jbHbAt4rfJ2Ql','cYU7zHmVTeyJvlNqjVSewC:APA91bFN6cRGF_omYWhH-VHDs8SWOmOL-i_KZLoAiVBVKr4cZKHYqlkD8QUF0Nl1PHmqyAZjjARB5AT1m9mqZu4hwfSuiffuJ_wPG9Bk9aFYxweQL_JIubcXDNwVcZ0xyRLpXfbr85F3',1693401215),(327,309,'yfG89z9Qn3wL-hPpr2LtCl143WTJFXZ1','cWV8lsdHTc6XWLjeglG7Fx:APA91bEKALVq0AHtRb-6qGI4SPk4NL2MS26r6XAikCqtSuVTq1Z3bq6l_YkSByCBlWzaGYGZQBjh46YPCXSZboxx700is92hDQRwpgK1UAdNrMVh_YMnwvo0nKAN0q5kkWSyi8nehUFT',1693408179),(328,307,'3tPOh84FHJx7jM28YgQrT7HxukTs1FZb','fooPlxvESi2-_V-IiUd-QR:APA91bFrP7heT97CiVHyd-7MFOriXhbIGuJdzmWvWdVpzwSgogGpdufg3AyPYEcRR3cu7RytXubnw53--wlfkW8jVD4Xq2wb2-Cl4W6u0hY8XAlg9I4QFjCnyiWlUBQ1D8h1XSjGSV_B',1693468286),(329,307,'-Z4ZeUMVGOtJQWC1W27kWJm0t6ARA9aQ','fooPlxvESi2-_V-IiUd-QR:APA91bFrP7heT97CiVHyd-7MFOriXhbIGuJdzmWvWdVpzwSgogGpdufg3AyPYEcRR3cu7RytXubnw53--wlfkW8jVD4Xq2wb2-Cl4W6u0hY8XAlg9I4QFjCnyiWlUBQ1D8h1XSjGSV_B',1693560319),(330,315,'J9tLlThuYrjgQU1lN4GKXsc478ZKqkaq','egjkmgB5QYmBOaJTsN9jDW:APA91bFAs1eqrxdfjnPevfuTiUirbLM24ll-qeV37s4RJ1C_yCGqSENN_LSib0ZMwTS75CwzEGxJp0CfMdhttd8gPn9WcsmKQGZNEnU18LsSAuGHgRXoFdTqlNSXfBwKC1bgKyKhdzmP',1693566441),(331,315,'14NVyZc5rWuf738VMHyuZv-L_vvefi7e','egjkmgB5QYmBOaJTsN9jDW:APA91bFAs1eqrxdfjnPevfuTiUirbLM24ll-qeV37s4RJ1C_yCGqSENN_LSib0ZMwTS75CwzEGxJp0CfMdhttd8gPn9WcsmKQGZNEnU18LsSAuGHgRXoFdTqlNSXfBwKC1bgKyKhdzmP',1693566504),(332,307,'omW9TnXq4VPTE-lKIPUk2jv45_P91o-r','fooPlxvESi2-_V-IiUd-QR:APA91bFrP7heT97CiVHyd-7MFOriXhbIGuJdzmWvWdVpzwSgogGpdufg3AyPYEcRR3cu7RytXubnw53--wlfkW8jVD4Xq2wb2-Cl4W6u0hY8XAlg9I4QFjCnyiWlUBQ1D8h1XSjGSV_B',1693638968),(333,356,'FhY5_w4yCqi4hSq4NoXbsKZKgi3d80oe','cYU7zHmVTeyJvlNqjVSewC:APA91bFN6cRGF_omYWhH-VHDs8SWOmOL-i_KZLoAiVBVKr4cZKHYqlkD8QUF0Nl1PHmqyAZjjARB5AT1m9mqZu4hwfSuiffuJ_wPG9Bk9aFYxweQL_JIubcXDNwVcZ0xyRLpXfbr85F3',1693657724),(334,307,'jcTAOlPnVNpyubtso8YLkuo0BWLeAAu9','fooPlxvESi2-_V-IiUd-QR:APA91bFrP7heT97CiVHyd-7MFOriXhbIGuJdzmWvWdVpzwSgogGpdufg3AyPYEcRR3cu7RytXubnw53--wlfkW8jVD4Xq2wb2-Cl4W6u0hY8XAlg9I4QFjCnyiWlUBQ1D8h1XSjGSV_B',1693730310),(335,328,'Tp3Ns6HfTCXSF1zTLjkY_oHzNIAY_zzo','cWV8lsdHTc6XWLjeglG7Fx:APA91bEKALVq0AHtRb-6qGI4SPk4NL2MS26r6XAikCqtSuVTq1Z3bq6l_YkSByCBlWzaGYGZQBjh46YPCXSZboxx700is92hDQRwpgK1UAdNrMVh_YMnwvo0nKAN0q5kkWSyi8nehUFT',1693738615),(336,309,'7lHveTyP-1NidZuJAsX2OEfTOXyrzrWY','cWV8lsdHTc6XWLjeglG7Fx:APA91bEKALVq0AHtRb-6qGI4SPk4NL2MS26r6XAikCqtSuVTq1Z3bq6l_YkSByCBlWzaGYGZQBjh46YPCXSZboxx700is92hDQRwpgK1UAdNrMVh_YMnwvo0nKAN0q5kkWSyi8nehUFT',1693738735),(337,317,'UIi0xLBtxLzOeN6nXcqoGf0w1qw9O9EK','cWV8lsdHTc6XWLjeglG7Fx:APA91bEKALVq0AHtRb-6qGI4SPk4NL2MS26r6XAikCqtSuVTq1Z3bq6l_YkSByCBlWzaGYGZQBjh46YPCXSZboxx700is92hDQRwpgK1UAdNrMVh_YMnwvo0nKAN0q5kkWSyi8nehUFT',1693738975),(338,356,'DsrvI3lENF5Rn4jQR4OIYMJhyk9ATPOQ','cYU7zHmVTeyJvlNqjVSewC:APA91bFN6cRGF_omYWhH-VHDs8SWOmOL-i_KZLoAiVBVKr4cZKHYqlkD8QUF0Nl1PHmqyAZjjARB5AT1m9mqZu4hwfSuiffuJ_wPG9Bk9aFYxweQL_JIubcXDNwVcZ0xyRLpXfbr85F3',1693744235),(339,356,'RGQKPFeP_otq38QRZVOzHpxWeJPOaEWA','cYU7zHmVTeyJvlNqjVSewC:APA91bFN6cRGF_omYWhH-VHDs8SWOmOL-i_KZLoAiVBVKr4cZKHYqlkD8QUF0Nl1PHmqyAZjjARB5AT1m9mqZu4hwfSuiffuJ_wPG9Bk9aFYxweQL_JIubcXDNwVcZ0xyRLpXfbr85F3',1693875566),(340,307,'0iqs9g4opnBitwzMS_seOY21blqGlLD_','fooPlxvESi2-_V-IiUd-QR:APA91bFrP7heT97CiVHyd-7MFOriXhbIGuJdzmWvWdVpzwSgogGpdufg3AyPYEcRR3cu7RytXubnw53--wlfkW8jVD4Xq2wb2-Cl4W6u0hY8XAlg9I4QFjCnyiWlUBQ1D8h1XSjGSV_B',1693891901),(341,317,'MqFLggnMudIyJCBEMcpJarkt-N_2HVYn','cWV8lsdHTc6XWLjeglG7Fx:APA91bEKALVq0AHtRb-6qGI4SPk4NL2MS26r6XAikCqtSuVTq1Z3bq6l_YkSByCBlWzaGYGZQBjh46YPCXSZboxx700is92hDQRwpgK1UAdNrMVh_YMnwvo0nKAN0q5kkWSyi8nehUFT',1693893829),(342,307,'9Ryhz5bL41VdM_hEvsd5pu36onklRKR_','fooPlxvESi2-_V-IiUd-QR:APA91bFrP7heT97CiVHyd-7MFOriXhbIGuJdzmWvWdVpzwSgogGpdufg3AyPYEcRR3cu7RytXubnw53--wlfkW8jVD4Xq2wb2-Cl4W6u0hY8XAlg9I4QFjCnyiWlUBQ1D8h1XSjGSV_B',1693914400),(343,307,'7dK5yLPx_dyk7SZd8lHZpy73dmgMsRCS','fooPlxvESi2-_V-IiUd-QR:APA91bFrP7heT97CiVHyd-7MFOriXhbIGuJdzmWvWdVpzwSgogGpdufg3AyPYEcRR3cu7RytXubnw53--wlfkW8jVD4Xq2wb2-Cl4W6u0hY8XAlg9I4QFjCnyiWlUBQ1D8h1XSjGSV_B',1693918637),(344,356,'x9LavPOCHRfbpOj12mXZT8kSpiL17gs3','cYU7zHmVTeyJvlNqjVSewC:APA91bFN6cRGF_omYWhH-VHDs8SWOmOL-i_KZLoAiVBVKr4cZKHYqlkD8QUF0Nl1PHmqyAZjjARB5AT1m9mqZu4hwfSuiffuJ_wPG9Bk9aFYxweQL_JIubcXDNwVcZ0xyRLpXfbr85F3',1693984293),(345,315,'iBrghKYscU14L_APCkfk9RuE8A30OfsL','ccl1M6TNQQW0jJhv3CcTaf:APA91bG-3wOGvof4bWo2JWj37WGHektL0RuJMMFZbdRPQBLougBEPMs27ipIMXwZIu0LQf5qgv5Fjnbykt0sWDozIjKlHEt2TtwrMsE8KSAYVQDfKmM0d57PvjTft9v59vFfH1xMrMqt',1693989648),(346,315,'b_0YqvS3THg4AOuTWrNSpCEjbnTjMB6t','eEqMDnKyQ_6fMEyRQ5ghLT:APA91bGEKgO6bopnLgh_Ddx7HRzcssVlMAU08t0of03IxwdLdyi4R0SBQ1Ib2Yt76EQQKFeilw0asQJE9-pR4xjeRRqjkAk1FjxbEEUYRA4XW7oJToHjZcIQF2_NqwPDmg7NflUMxu-n',1693990083),(347,317,'yj6E0QXwm7ttSVsDzprrCC4ZiIWmNtqN','cWV8lsdHTc6XWLjeglG7Fx:APA91bEKALVq0AHtRb-6qGI4SPk4NL2MS26r6XAikCqtSuVTq1Z3bq6l_YkSByCBlWzaGYGZQBjh46YPCXSZboxx700is92hDQRwpgK1UAdNrMVh_YMnwvo0nKAN0q5kkWSyi8nehUFT',1694000927),(348,307,'qAGstXWve9L5LEToQxyTb34ZywMDVQGZ','fooPlxvESi2-_V-IiUd-QR:APA91bFrP7heT97CiVHyd-7MFOriXhbIGuJdzmWvWdVpzwSgogGpdufg3AyPYEcRR3cu7RytXubnw53--wlfkW8jVD4Xq2wb2-Cl4W6u0hY8XAlg9I4QFjCnyiWlUBQ1D8h1XSjGSV_B',1694005550),(349,307,'LmvZx2MtCKw8Nu7YP5kgDTi7au-GaOFi','fooPlxvESi2-_V-IiUd-QR:APA91bFrP7heT97CiVHyd-7MFOriXhbIGuJdzmWvWdVpzwSgogGpdufg3AyPYEcRR3cu7RytXubnw53--wlfkW8jVD4Xq2wb2-Cl4W6u0hY8XAlg9I4QFjCnyiWlUBQ1D8h1XSjGSV_B',1694143568),(350,307,'TclDVHk_cFD2LikClUGXJoOBrHeX4qk9','fooPlxvESi2-_V-IiUd-QR:APA91bFrP7heT97CiVHyd-7MFOriXhbIGuJdzmWvWdVpzwSgogGpdufg3AyPYEcRR3cu7RytXubnw53--wlfkW8jVD4Xq2wb2-Cl4W6u0hY8XAlg9I4QFjCnyiWlUBQ1D8h1XSjGSV_B',1694234246),(351,356,'SsPsJLrqowB8Gk5Ufiazp9vEP4LEOgnY','cYU7zHmVTeyJvlNqjVSewC:APA91bFN6cRGF_omYWhH-VHDs8SWOmOL-i_KZLoAiVBVKr4cZKHYqlkD8QUF0Nl1PHmqyAZjjARB5AT1m9mqZu4hwfSuiffuJ_wPG9Bk9aFYxweQL_JIubcXDNwVcZ0xyRLpXfbr85F3',1694249072),(352,317,'SdkZPOFBsmYQjKj5PlLuS1W5GgL4TQLD','cWV8lsdHTc6XWLjeglG7Fx:APA91bEKALVq0AHtRb-6qGI4SPk4NL2MS26r6XAikCqtSuVTq1Z3bq6l_YkSByCBlWzaGYGZQBjh46YPCXSZboxx700is92hDQRwpgK1UAdNrMVh_YMnwvo0nKAN0q5kkWSyi8nehUFT',1694249763),(353,356,'K_G_KitNY5r6yKeVw8YcwKjRkPYYZ6ts','fwQRsYqTRlqPREmf6O9ETF:APA91bG22ycjel58hjiuRiW5GG5OHVFaI2EUSSjFwZoMfLEG9rKZPbj84ldhHUSbFpayzlsJo-TaxxZSP2mcXMZXmdhG2V-zcyipyXkDQLnbm9GhTIEJXmcSbyUzRKeQhHZpPEvuE4LN',1694341393),(355,307,'s65VkDOtbUiOHSLufHU5Nq19esl5l2xh','cVBn4ow7SCmcacZfP2zs7k:APA91bFiD6sqayRsRxBExxz-d5kcVxhSmvfBF-6m57EidCG3ZHq80zEBCxm2IrTREsAVFlBe7QjYks06LyDNHp82K3dB9Tis5ip3qyr8jxMtrr6JAGLGqsXissT1260qJqOQibmu65H6',1694488972),(356,317,'SR6fSDKNMWcTvKfmcwo3msn7V73PZJK5','cWV8lsdHTc6XWLjeglG7Fx:APA91bEKALVq0AHtRb-6qGI4SPk4NL2MS26r6XAikCqtSuVTq1Z3bq6l_YkSByCBlWzaGYGZQBjh46YPCXSZboxx700is92hDQRwpgK1UAdNrMVh_YMnwvo0nKAN0q5kkWSyi8nehUFT',1694489551),(361,357,'ROKfdbcQAdld2hiWvkdFFs65grz727B0','cYU7zHmVTeyJvlNqjVSewC:APA91bFN6cRGF_omYWhH-VHDs8SWOmOL-i_KZLoAiVBVKr4cZKHYqlkD8QUF0Nl1PHmqyAZjjARB5AT1m9mqZu4hwfSuiffuJ_wPG9Bk9aFYxweQL_JIubcXDNwVcZ0xyRLpXfbr85F3',1694502373),(362,315,'Tg34bKaEC218FfLdriBG0QmU39WVhesX','c1Xe20XJR4evS0uPGfxAEl:APA91bG6utgoAG_xBVSy2r2XvV1n4jiPqA5xqB7kXyDXDxiHofuCRQhele9YZAfDmSs78m8CgdKPaBT2TsD7yX61u7zD7CxxmmjtnnaJxy-fDNwWukIxxbaENZidTDRZZeFwqKyObb_h',1694514875),(363,315,'w8Q08hzeFyA-pvJETWCyx54TYI9dIEXo','e_l7VEctQxiPICfy2O2Cnw:APA91bGM6JI8jbhKiQRqqNUgaED3x4GkNwIqneFo_6-4jkrKJm-qQzd5S-LDD1JX8anvhIi0s591jiMm2T6hon45h-i7vmIG6MX9vMpUMyn2OsC6amZr9GjutHRvAiebTmoWCbKeIgzU',1694523169),(364,1,'Ud2GsE8OunucQLsOv2xQbBn48HeEbZyZ',NULL,1694530430),(365,363,'-IFq_DWcveaLD-fxJp5Wm6piKruqwiD5',NULL,1694530648),(366,230,'pTIMSSuh2hEuorc4QL3bd_LCuTaDzXsn','cFl1fUd1STmBIo6LvJEyU9:APA91bHMOqg-TCzgwvIeoTor9l1hNtdlvzGrW343PHP2_vSUSQ7Is2_5OUCAFn87aHBds14okBo9gFqFnR51uqbT_ns3sv7ngFYaMBLwfoTcrLTsTdLljSVgQOC2nvYuABC7dmcvepS4',1694588412),(370,356,'eHgS4e6enNkmFZcmxTNXuOkGoit6d6EJ','cYU7zHmVTeyJvlNqjVSewC:APA91bFN6cRGF_omYWhH-VHDs8SWOmOL-i_KZLoAiVBVKr4cZKHYqlkD8QUF0Nl1PHmqyAZjjARB5AT1m9mqZu4hwfSuiffuJ_wPG9Bk9aFYxweQL_JIubcXDNwVcZ0xyRLpXfbr85F3',1694598956),(371,307,'qVGqhkLPYwTRZUV7wapQz9W1b1I7UikF','cVBn4ow7SCmcacZfP2zs7k:APA91bFiD6sqayRsRxBExxz-d5kcVxhSmvfBF-6m57EidCG3ZHq80zEBCxm2IrTREsAVFlBe7QjYks06LyDNHp82K3dB9Tis5ip3qyr8jxMtrr6JAGLGqsXissT1260qJqOQibmu65H6',1694599992),(372,317,'ZTbDA9FxZuQDrzZOLRTIj4isfBXa-eTS','cWV8lsdHTc6XWLjeglG7Fx:APA91bEKALVq0AHtRb-6qGI4SPk4NL2MS26r6XAikCqtSuVTq1Z3bq6l_YkSByCBlWzaGYGZQBjh46YPCXSZboxx700is92hDQRwpgK1UAdNrMVh_YMnwvo0nKAN0q5kkWSyi8nehUFT',1694600266),(373,307,'xeupAnlURnM-M9j0N5fswTAggg1CIOMv','cVBn4ow7SCmcacZfP2zs7k:APA91bFiD6sqayRsRxBExxz-d5kcVxhSmvfBF-6m57EidCG3ZHq80zEBCxm2IrTREsAVFlBe7QjYks06LyDNHp82K3dB9Tis5ip3qyr8jxMtrr6JAGLGqsXissT1260qJqOQibmu65H6',1694605983),(374,356,'YK90N1OoI_hAjqdjApWpA6d11CjtB76R','cYU7zHmVTeyJvlNqjVSewC:APA91bFN6cRGF_omYWhH-VHDs8SWOmOL-i_KZLoAiVBVKr4cZKHYqlkD8QUF0Nl1PHmqyAZjjARB5AT1m9mqZu4hwfSuiffuJ_wPG9Bk9aFYxweQL_JIubcXDNwVcZ0xyRLpXfbr85F3',1694692163),(375,307,'0X4F0a8ZDjkbOOquJMaIFhRJUOTBRtoh','cVBn4ow7SCmcacZfP2zs7k:APA91bFiD6sqayRsRxBExxz-d5kcVxhSmvfBF-6m57EidCG3ZHq80zEBCxm2IrTREsAVFlBe7QjYks06LyDNHp82K3dB9Tis5ip3qyr8jxMtrr6JAGLGqsXissT1260qJqOQibmu65H6',1694747817),(376,307,'S_As451KtIGv77P1NXaxHL1ywq8wu-X7','cVBn4ow7SCmcacZfP2zs7k:APA91bFiD6sqayRsRxBExxz-d5kcVxhSmvfBF-6m57EidCG3ZHq80zEBCxm2IrTREsAVFlBe7QjYks06LyDNHp82K3dB9Tis5ip3qyr8jxMtrr6JAGLGqsXissT1260qJqOQibmu65H6',1694761337),(377,315,'IDZxOcilAJy9GDxQEyEhoov_lMDM5O2h','e45JY-pAQOe625wk_AK0t6:APA91bEFtKke0eIK6gszO_970uCsORN-aPGajqljw_v6pLWCIAcjktvbQdQzrrnmn0emdacaFJEXla6Ds8qDFubVKg7AU9hglhXn-YkIXdHqMwMSTDjLT5EIFviCwbp12hAQg5x6hFTs',1694770199),(378,230,'vwsQiy7ORrKc-H7PUkdVHC_XRpMuQAvW','crYNWbpaTSWLHXLeTtORty:APA91bEjqrRyDCLieH7nXKWSvPm0jF2LaFAUUHMc9dI2Dhdwza1_OEYVtIgQsUdMk6K0E9iBLWxleFlvHXnwSFiQTOMc9fDWOekP-0cePlNM7u0-ReWpV6fu96DQed1COcw6icj3Z-ZD',1694771098),(379,315,'sFYf2p_SaYS5nJ-bdUt2IztPun40sWv2','crYNWbpaTSWLHXLeTtORty:APA91bEjqrRyDCLieH7nXKWSvPm0jF2LaFAUUHMc9dI2Dhdwza1_OEYVtIgQsUdMk6K0E9iBLWxleFlvHXnwSFiQTOMc9fDWOekP-0cePlNM7u0-ReWpV6fu96DQed1COcw6icj3Z-ZD',1694771558),(380,356,'b-TvfxFBS_t78UiQomgXWX-tQVviATgt','cYU7zHmVTeyJvlNqjVSewC:APA91bFN6cRGF_omYWhH-VHDs8SWOmOL-i_KZLoAiVBVKr4cZKHYqlkD8QUF0Nl1PHmqyAZjjARB5AT1m9mqZu4hwfSuiffuJ_wPG9Bk9aFYxweQL_JIubcXDNwVcZ0xyRLpXfbr85F3',1701405938),(381,315,'ivJs4qhSLDPeL7Biav7viilmx2wZUpfj',NULL,1701434933),(382,315,'IDkGJkNny96MgWjQx145OvYNk6exeooK',NULL,1701435094),(383,315,'7Gbr8F1h3Nnt_PMpS9O6a_K496basZ4v',NULL,1701435252),(384,315,'gREBanqGcJw6HOAOkzJBn1KqO5hQz1jH',NULL,1701435303),(385,1,'BNR1MdJBoC5pw8xd1FPY_hAPRpfbaoIO',NULL,1701441111),(386,1,'NgEvCvEQ21Fjh0ALY3DAAaEUoGIfzatD',NULL,1701441179),(387,1,'Ocy624uiY-NPUeqsd4nlFzGDwH12RgUK',NULL,1701441547),(388,1,'zRatby00HneSZpQRJabFbfrvPWm-IE_6',NULL,1701442125),(389,1,'LQBVcUZVRjbVcGiDjQw5Tw4Zo4Pn_vHy',NULL,1701442915),(390,1,'dqNOQ1OUcbC0c7jSTL65mnxb53lsozCl',NULL,1701443032),(391,1,'cU1AsJ2mPaznoB6Dl9sCUOdmJxtjNjJM',NULL,1701443378),(392,1,'E7-OX-E-MpM8gd0tjrRj7CgqPKX9tfjk',NULL,1701443498),(393,315,'zwEKNmQx66sFZn4zRhLi8p9RmKYp8tjn',NULL,1701490070),(394,315,'QYpTLPdFj53aRTjZTlnem49X8hhm6fsm',NULL,1701490115),(395,315,'CcM2Sy8j3iQb3DRN4heNpxkeLdc6sLRR',NULL,1701490279),(396,315,'_RAtVT-5W9dig79E4bCNUy_pDMhAXsVM',NULL,1701491479),(397,1,'WZFvl-L_DmhQvQOwrogWEB7WD3L-lWnB',NULL,1701491837),(398,1,'86GPnF6rT9gqHiAH9dvY8as3h7nnpfW7',NULL,1701491878),(399,1,'lDi8uDS1ror5jFwZ2xo2tL8nj3KB3S73',NULL,1701496509),(400,315,'lbyej_JR-VJI5oEkL3EMXbE19rkceT6d',NULL,1701498579),(424,369,'WIzH7SgQ9KM2b52wjN2_2wSIiB4sCiVx',NULL,1701552071),(439,370,'eeOmGVE1TVB8-xEN5kE-AtNz5fq7_7El',NULL,1701627005),(440,370,'qPf0_IP1T0rPA5KKmv7MQF5uvq3ygnDs',NULL,1701627011),(441,370,'wTLeewF8OgN10g0-4OSKafF6jQw4aX_I',NULL,1701627024),(442,370,'8EsKM-7IXJ0KrFTM42IyB6Qv7kTIhKpw',NULL,1701627040),(443,370,'XGjBnjvnWn-KXiDZk4tB_yfGHXggfm9i',NULL,1701627199),(444,369,'bO-lx0L8xq0av3F81tA0Rkrgk43YGEw3',NULL,1701671676),(451,370,'7O-JHnsxQy6ep9DGphAa3zMX_mBzWPbp',NULL,1701693927),(456,370,'9Jg4s7z13sFhfCT34ymt7kvPm1djSW_I',NULL,1701700660),(460,406,'AdKEFeCoGk1LdMLQBALvCPz7eobC5NL8',NULL,1701789064),(461,408,'3JSxiny-eiYyFC1ABuYflN2UvwZ5Tnz2',NULL,1701940054),(462,411,'aWG1GAWTcZBovbeJE5bBLV0q0NVcpAKI',NULL,1701944673),(463,411,'96j_58iOW7avT5TSykLkr7Kqfx9Vm1ZN',NULL,1701944750),(464,411,'6VzeM_-i_dURdg-R3jYZCK_acGf6m0EY',NULL,1701944793),(465,411,'gtJFieJllQk1uHbDka9Yc5YXW-9I-hNX',NULL,1701944873),(467,369,'NyY5xdB1SMRDikf-SPFyrAs4wn-oRB07',NULL,1701971920),(468,356,'_raconnjsECDCHqhafUSRXjBlWW8sTu5',NULL,1701992348),(469,411,'AMRjgazl-Pv7gMU6Vhr5VdgAXI817bf3',NULL,1702033743),(471,411,'-paQ9w2CPg2s08CXaibQAsF-FjY6Wfwz',NULL,1702042960),(472,1,'ZCZngOZ2jO-gYd5t72-vUot5UAzeUPw9',NULL,1702297690),(473,412,'o3M-mp8UK3tpkzXfieIMk4Ghjqj-TlEI',NULL,1702315475),(474,412,'NHlqodzgoyj9YBMvJm8cJXm7KfJaEcoe',NULL,1702315604),(475,412,'S0a1p29Ql7IaX3CHSnxzQvc5eQfayWvh',NULL,1702317295),(476,1,'ozNfsq0wJz9wtbFxlYhLPy7a0Ifj6wNb',NULL,1702635474),(477,1,'phla58BYGFRLy03DKVCdOfQgIraf2mke',NULL,1702636064),(478,1,'oS7WxNkEKI0sp1D0miffYZcw3p2ultmJ',NULL,1702637310),(487,414,'1SBS-_g0d2UBb2noBDwKwtyh6NzeunAP',NULL,1702651519),(488,415,'mElqViDbDLgS5TT42VPnc_W700pTwgQr',NULL,1702656525),(489,417,'m-fVgIN-ptmckHOBauMJreW0Mw8VGjjo',NULL,1702666528),(490,356,'VMVoJViBPbkk38Kq4JQ1t_tLHc2ZY9Da',NULL,1702688422),(491,356,'qFl31oGQnRoMaDix7KVQ8XYiRfl4BlCN',NULL,1702689708),(492,281,'EDjpEGef-_vUUxXmf9X0CX9pTJ3B7jri',NULL,1702735506),(493,421,'Y5JqdgTAs8l41bpNxlEAcZzwviNkXZ7i',NULL,1702906901),(494,422,'ZmO5MZhBqwTNwxXeS3gNmHP1FDLpJuv_',NULL,1702907273),(495,423,'nj-9IE04xVczmgMI4ITs-i7jzeLCaUdL',NULL,1702920958),(496,423,'cA1BwyHdgK1Z5qAha64zLeW8EZcSQhmd',NULL,1702921639),(497,423,'sJS0aY87SZGjgxVt22JkpLDbJQ9i2KIg',NULL,1702921888),(500,425,'X5JIwJLUd_LhDWuMSTq_SHVyOUGwvJBh',NULL,1702997602),(501,1,'noyDn2ge7sebYmYQab0hPXoxDLUrwfVH',NULL,1703052771),(502,1,'HU8AGLd6v_6MX6JqD9HW1e91tbExXnZC',NULL,1703062107),(503,426,'2pQacjSbwmnDy83o-09bAj-hybC3GCYi','cS5_qXPDQB2cPdsvUlVs6l:APA91bE2MmMFc4aSQxP1ExfFOf3m3FRjI6fHK81iSov3VLwn9AASofACvK44_WEr5aMrIeKwISCK1NZxWU6s8trDWlfS5ryPvHnlUu6fViYIT20dpbKI60-PRqyl_JzYyfRsJD-IV67e',1703062412),(504,1,'qURHo2taMB6sM1qoVTp7vH4anQALICHV',NULL,1703064487),(505,427,'crmN6vQ4LjQRTAnkBza4RqHklIQjY0UK',NULL,1703086217),(506,356,'4PscW-v9Qo79goxxP1oMP_VMJOodOBPG',NULL,1703136399),(507,356,'_n00Dic_Aq2fzwu4tmvB-YDfTkpi_7m-',NULL,1703136956),(508,427,'flIUuvWRkqp1hQ5CSyQalhndAK-CVREV',NULL,1703173217),(510,356,'2WxS9q7SIrgm7bQPsw_ztGp9ofr3GOlQ',NULL,1703481882),(511,356,'0ghzFvu9ceZlKRCoV22CtiXV365U3Ov0',NULL,1703487545),(512,356,'1SX17WWq0nuYkAySAw3wMVnghytmjeau',NULL,1703487911),(513,356,'ezJMq0KHevkNxjcKyyfE9dR9KENBTl82',NULL,1703488003),(514,428,'C0Q3q8Jy1DJrWiWzD5K68Yx9ZiE63xhk',NULL,1703509501),(515,356,'bL3vmUrlWC4pJRBy4896FRr9fCbeqzsF',NULL,1703596674),(516,428,'tLfyemKmZKC47qwCZD8L5z-dasUxvJLi',NULL,1703602544),(517,428,'_1NZTaw6o-axmmG7KkhOpjhgmyMJozAH',NULL,1703602664),(519,356,'55qsjnsjQjF4fRmiUhG-CfLLnaICA4a0',NULL,1703641615),(520,356,'sL4FgPiBJWKE5L_xzqeb4k4_BhGc3mYG',NULL,1703642558),(522,429,'cBgTCjdduO8X0OxrPpe4VlCCz-B-S4fu',NULL,1703658368),(523,356,'DbNfiB6t-Y14GMy7stq5Ut5CyIe9x6pk','cYU7zHmVTeyJvlNqjVSewC:APA91bFN6cRGF_omYWhH-VHDs8SWOmOL-i_KZLoAiVBVKr4cZKHYqlkD8QUF0Nl1PHmqyAZjjARB5AT1m9mqZu4hwfSuiffuJ_wPG9Bk9aFYxweQL_JIubcXDNwVcZ0xyRLpXfbr85F3',1703658445),(525,356,'Rdbpv6X2tyASQZ4BB-zo4mV7mujSmo4P',NULL,1703669780),(526,429,'a-wjM5j3EpnylTQ5tectwOp3KjrdqIpI',NULL,1703671609),(527,429,'ATeQRxvpZlWbwYco6UiqqVhg2rdu-_2m',NULL,1703673627),(528,433,'QreRXhlCaHL7CSFjx4VW9tWRzc74He20',NULL,1703677823),(529,432,'fJhm-4MkBKh9MmqER7zoZtaSAOLRPEDr',NULL,1703677899),(530,429,'4u7GdpIYHPy3MfyBGI0WZ1hVV_3u_nJ4',NULL,1703679783),(532,435,'v1HJLkmJkG0Zjfh7PohcQaslfROniFZx',NULL,1703690721),(535,435,'VWuvaLDKBxXkEiQacc1LFQKVA9C6OF3G',NULL,1703712620),(536,435,'ko5MPp1dZdR6hqAnurffHenSHyiTYggH',NULL,1703713233),(537,435,'lV7HN0IcjBuJ_2Tasq6YpT6DH6SmDaGn',NULL,1703713434),(538,435,'ThY1oE7VKJWWOFIh5HgxzvY2w5Js7nNP',NULL,1703713495),(539,435,'ioqdZavtmAT-lojIxNQgdvfjJQkPxILz',NULL,1703714015),(540,435,'AURIfUuKo1XEzhG9X7ATY7PulysMfIJF',NULL,1703715188),(541,429,'WM0igrdE-Q2BQIjr1OuhkZPHv6CPsCPt',NULL,1703743998),(542,429,'v7pjD-CANDIwFc8XaouictEkxJOZGbhR',NULL,1703760252),(544,437,'d9nJ7vzvpX7He15cCZwkXTlYoNgjoXb9',NULL,1703764948),(545,433,'liAzca71cr42p4-1qXmvmoJeMtRqBMvy',NULL,1703765408),(546,429,'ABS9wyFi3qcps2bjEuuHuJS4bBErbIvt',NULL,1703766932),(547,437,'465A-hBZW_QQqD-skCEXYsHuIrhCKuSx',NULL,1703780494),(548,432,'tQCv6pUJQ9OFn3YNUH7UpwnoWeytrrTr',NULL,1703783504),(550,429,'AaEUUy39G231QkLy6Iyxnz-kqyKYwbuE',NULL,1703840609),(551,429,'j_sS3qmvC0w5wZeWx3Xks4x5xrziVt7V',NULL,1703844044),(552,433,'ojew3p6YGjFjXue5cqoFw2bIro4vrICF',NULL,1703852075),(554,356,'xzPTqQ2vsKFd3qC8wJageBDvC6Xfn5vJ',NULL,1703872553),(555,356,'y4rZoGLn1CfXrc6HXFvo45LMIRv7vPFf',NULL,1703872808),(556,438,'NGxYrecc4-a_mozaTNtz0SEWfHtTDuCf',NULL,1703873108),(558,433,'Cs1uJncfIRqviNE6AYeo8BzYO0kxrkBq',NULL,1703873686),(560,432,'-ocpUJbjqkjam6IQGdJOKnWv3yKNlVwz',NULL,1703873914),(561,429,'B283lfkSAelg1EzivFQiNBKETwFs2sIB',NULL,1703874833),(562,429,'-xrPSNI0jDImVSqr-ZsOg4Cm13M_uORX','cYU7zHmVTeyJvlNqjVSewC:APA91bFN6cRGF_omYWhH-VHDs8SWOmOL-i_KZLoAiVBVKr4cZKHYqlkD8QUF0Nl1PHmqyAZjjARB5AT1m9mqZu4hwfSuiffuJ_wPG9Bk9aFYxweQL_JIubcXDNwVcZ0xyRLpXfbr85F3',1703908812),(563,438,'6UJ4v3gqL26r5JqiwsxSbG-bpH-xjAdu',NULL,1703923126),(564,230,'waSqXFwnf-N48TJC8aWkNJBQCu3EwUZp',NULL,1703923326),(568,438,'Mi-L3Mf8Ka5fcFXqb5egDGk1OkZH18ia',NULL,1703954927),(569,440,'5mCXMwE95WhyWvhAHB1RZtDRqluCjYRX',NULL,1703962344),(574,356,'XvnK1CCbGOebyampMRwIMbsI_nl9o6T4','cYU7zHmVTeyJvlNqjVSewC:APA91bFN6cRGF_omYWhH-VHDs8SWOmOL-i_KZLoAiVBVKr4cZKHYqlkD8QUF0Nl1PHmqyAZjjARB5AT1m9mqZu4hwfSuiffuJ_wPG9Bk9aFYxweQL_JIubcXDNwVcZ0xyRLpXfbr85F3',1704005340),(575,429,'Q_L6Z0L5BdLmO_q4i08O1rkPWJAgq5MA',NULL,1704005427),(577,230,'3dNg8GbXZzMEU0kTTLcKA6zeR2J7jGej',NULL,1704021192),(578,1,'OmZoKAIgigjomvNi_I0214HidKccAH57',NULL,1704021763),(579,438,'AZYJFv5cGim_FvU97VADB7RGPl6MMhbA',NULL,1704041623),(580,438,'UyFcDfL9P8yFDMHMWr2mTxTjlBo5glod',NULL,1704065231),(581,442,'PRZwpFZ46H7QDSW35MFcouaZdpotTk-M',NULL,1704081748),(582,438,'z5C09Vp8ThQvA8iZAoH1dpAizRpSdewx',NULL,1704082763),(583,438,'mHoBiKeAEpdGqqWn3hKn62uM-SbUvgem',NULL,1704084272),(585,443,'a_nf41eetyq4JMjv3GjlTwEVGJoOD6nO',NULL,1704221652),(592,356,'qc55Q4HSm4RtqQqOx1G3ly6yyUIilblb',NULL,1704254274),(594,230,'olGBdK6-ynBnGPz8F2R3WkVGomK_ywk-',NULL,1704278410),(595,438,'WqRFlnrpwo78UDvpS2nAmdkkVoy_gnJ1',NULL,1704281875),(596,438,'bodopUgK501kWK8UkZNLP0ld5bPhQg-c',NULL,1704282736),(597,438,'4zZkXTYCrmE5UIM_fCRUFp4b5g-SDLog',NULL,1704285548),(598,438,'AxVuFTdvOrrFnCDAAKSHx4nxWMQ2fjbN',NULL,1704285627),(599,438,'f1lDQMop7ZRj_PRE0D4B-RkeWwuPoMpX',NULL,1704285703),(600,438,'sSHPyMb3wThWA93-yi_k4EroB-h8MfHq',NULL,1704285818),(601,438,'r56neuR6xcYqVK0QGQGDvR1W86HH2M-Z',NULL,1704285926),(602,356,'gYNP6o9s5gJJYSxpv-GvEwJghPkp5W_t',NULL,1704288910),(603,438,'3C4BsI9bHh_0dSqfCRVOH6jUEfl49uNQ',NULL,1704290003),(614,429,'Y9RZOhvGQ6W0bVXQTWSU2kJBFdUIAR2B',NULL,1704309286),(617,429,'PZTIz6ZQAXzdcF2P262YNdIGiBYHIg_5',NULL,1704311819),(618,443,'VEOvk64DIajaS6YFETW8JmQARUliSq3u',NULL,1704316917),(619,442,'xQZEm82HHKZaASxHiWU6ruIqozOc6dpz',NULL,1704336950),(620,356,'nr4g4wuhGjiSgCUh8qWXtIKYxu7K-AaR',NULL,1704351702),(621,356,'rCCv4xl5EZtDqXZ-sBuOh7_nR_V6BfFE',NULL,1704356426),(622,356,'pSKUK__ZXHallmETPm8wlFcEb832djLe','cYU7zHmVTeyJvlNqjVSewC:APA91bFN6cRGF_omYWhH-VHDs8SWOmOL-i_KZLoAiVBVKr4cZKHYqlkD8QUF0Nl1PHmqyAZjjARB5AT1m9mqZu4hwfSuiffuJ_wPG9Bk9aFYxweQL_JIubcXDNwVcZ0xyRLpXfbr85F3',1704356606),(623,429,'mZzOjNhIGoUqQtt2_9iuhS48PNYnACZa',NULL,1704362586),(624,356,'ro5yjmQu6QN3ru9QPR_hzcGt33uc0hlg',NULL,1704363285),(625,356,'ynAXIJySkGlwSJGbqyN1qaUS6hU56jRl',NULL,1704363332),(626,429,'cf9CzlxXE7TYC-KBt0SmhvFy0TZxlf3S',NULL,1704363807),(627,429,'Rqy4eQpRplMhlTrt_A5GzeeRm27Qurda',NULL,1704364425),(628,356,'9gpTVf8U-GQsDLG10zJNsgkHWHVvpZLT',NULL,1704364480),(629,438,'Q0kXKQa1Ybao-Cpfxe3wLuhPWBL-id-a',NULL,1704376516),(630,230,'0hJ1q228ynBfld6zstowN32FQ8WTC1Fs',NULL,1704392840),(631,438,'VNapJQMsxWI9ZmdJcjHhM3vcwdB6GKEa',NULL,1704400002),(632,356,'NmpTdJab-eX7sVJnqG_cwj9GRoyj8G14',NULL,1704402503),(633,356,'gFPFztYKB618ryULPxQ81NRACuUhxRv5',NULL,1704450828),(634,429,'iWwFkGbfkiWJSvReAFHugQyvYCo9jLeW',NULL,1704451044),(635,356,'vJXFSg9F9Uq9qm7hF-yA3rKDNrbyb4--',NULL,1704460576),(638,438,'eYUWjvUzlk_l31Xos4cUyU640v0tTt4E',NULL,1704464458),(639,438,'weFDvk3jEVkj2Nnlx71_knDnGSqb7flb',NULL,1704476747),(640,442,'hi5Wdf3QdVx17Smzso2rQZt3chEpXKVd',NULL,1704485469),(641,442,'KQBXLSROrt4MkPoThSDkLo5MgU9Ahk7r',NULL,1704489459),(642,438,'YJbvOO39O_9-LinB4AR2quoEmI_UbNh6',NULL,1704489916),(643,230,'pqIUf415cEMJa54yKRodmAhjLmfwbb-W',NULL,1704533916),(649,429,'qn9H3XtuJmd_fvg2QzYvsDR1Z73X6cHe',NULL,1704543865),(650,429,'BZ8XY0iN06oW_WomL-dk_WUyjg3Sz9yu',NULL,1704543936),(651,356,'G2hkQ_cUcvaEkWZabTJ0LWYHS6_AF_bz',NULL,1704545133),(669,429,'aRGHQvp3HGAQnNy9L4f5208BIrX7mYGF',NULL,1704564450),(678,448,'5d1CEo8ImkyBU_KCUMeYHdV_S2q828lM',NULL,1704569263),(685,438,'j2LT079ZCz7li5Unfn28hX3F2dwDw3Tr',NULL,1704582484),(686,449,'o5__7hPqbLxKN36hRSUerHADG3fhNOfb',NULL,1704586284),(687,450,'-cm6eBYkZbVE2AB67RcEI5Rcd304zSJf',NULL,1704600187),(689,451,'JWz-maAQBZCb5sSkhVgKWR1IqQfCwN3m',NULL,1704621736),(690,356,'5d5BABTDyqiMlYs7NtzMLf1xtpWWK5JH',NULL,1704621874),(691,230,'jUcIcB0e98wx-xbO-GiJbASihjW5JZZP',NULL,1704623276),(692,442,'Sxgk0SywEqITzuWxKd-NZv6CJOJ5CScp',NULL,1704634013),(698,438,'GP7xYXnXKjgcKb81PeLSkACHpIgr8jDL',NULL,1704693580),(699,429,'k2oaWLXy8PR2dXkHfTQOSCOoGzoWxhbp',NULL,1704695589),(701,230,'O9zg5tPDOuxZhD9tAEWAy21xKud9ubec',NULL,1704717444),(702,356,'iRgm9CutiN5OnsdZrkYHT_51-AhLjS7n',NULL,1704718190),(706,454,'j9nkzwQH_3hAIoUj9VH_69E7SdVXfO6e',NULL,1704725715),(708,356,'J9Tqy44RE5lHvkfBiyeEKrLdF8DHYMCC',NULL,1704727491),(712,429,'pN5tUKV6Lqi5KOvC-DPw-Sj5BWcqOTK4',NULL,1704732198),(713,438,'Fb7U8FnPAKKjLLDjBIr1nh0uh3mktxvh',NULL,1704733015),(715,356,'OQY2PwOIMJimx2A5BnNMKmYpyThaeQVN',NULL,1704737566),(716,429,'cbL7RbQ5xRyW9p1QzQnw9_nTCRrlRBN5',NULL,1704738010),(718,356,'zM8FSBq5z6umsZOfQaEZgRqyC6k26ule',NULL,1704739306),(721,356,'DmSAVLQH5PJdHkDK9RyA21J6L3spAnFK',NULL,1704739723),(723,442,'qWYrlD0GRdZIi9ICWd7362IIjfA4S8mw',NULL,1704755659),(724,438,'Vx_18YGGeMKHNhqvvWNew_7zDzMtY3me',NULL,1704792545),(725,356,'U39wmFP36qPRMCjYgFEC_AuudL8NUraO',NULL,1704798140),(726,438,'77VjebxKuk7j2BLsKbI4akGbhtDpa-9G',NULL,1704822578),(728,230,'sbzQgEtNQlH4Fbenp451xMD1qjAKwPz2',NULL,1704844121),(729,230,'hS5i9hoUYbCFqBF6a3TpxqIfSpPjZGIH',NULL,1704844176),(731,455,'bedO0i0eZmIoWmefye0_S4ttzmRMmcQu',NULL,1704874612),(734,356,'WtWz8vLARBK9MjSxxImQGa_hMwjpNgDB',NULL,1704876684),(735,356,'7tKncDnkITqC2PE7mGCbHK8T7KEi4Tfn',NULL,1704884810),(738,429,'7tfQ4wQCNe9uqqDZ1gIDQS13i5iFYVkv',NULL,1704886427),(739,356,'VQwCteA7nGgxYiBOtTOvP99p5kkLb8Pd',NULL,1704886488),(742,429,'rITD469db_nbLe2fnll23HriP7B_9bjo',NULL,1704887222),(743,356,'YuBykJP9RjiLFegP0IWhhpB8ha1nzQQo',NULL,1704888599),(744,429,'ruLWRYfe06jlyUxGF10SBZvLXpGQxtgK',NULL,1704888738),(748,442,'9OZhDrqxNCpEcPMHz6m33T-aXoBp1P6J',NULL,1704889150),(759,356,'BODuXZWGRk3dvrBtUoQxT-a_qGBy9NUe',NULL,1704900732),(760,456,'_a2ZIjDr9qXWkvk_E99BPcuUjAMGz6nb',NULL,1704900820),(768,438,'p9FJgiefqt_WzC_Kxae_xNq5mbOvmT86',NULL,1704910312),(769,456,'r53ppIiI-gzH1D-bFfp4JDXK4aAWVbYm',NULL,1704912602),(770,230,'2KUJIFBUH7j3KawzSYRd0UXPIKfG7lH5',NULL,1704927058),(776,457,'kNpABu4SBfVPVpGnSRLAhF-Il1L4pcE5',NULL,1704942278),(777,230,'0uGs_WDVImuvV8T0O96P67yUKG8a6jxj',NULL,1704942462),(778,458,'0YvOtVDP4Pji9rbkP4kO9hufwSoKiyJ7',NULL,1704958438),(780,438,'FoKS8-q7pDjH0zVOu6Q9oDroLgwxCfBo',NULL,1704966293),(781,459,'0gw6A4yyQ8h-75v6O41Eeize6T6jIqCm',NULL,1704968849),(782,460,'fo5rmGVM5btidvQ_L9hDqrEOosbrvzxR',NULL,1704969036),(783,461,'PUM1CJ6Qx03EAkf8ksgokxqxIQfYXCT0',NULL,1704970926),(784,429,'93IIt_ktBU6OIRKQsDwAThI_w5wEjN-C',NULL,1704972677),(785,356,'4CUMzGS99TbzR5I7GtmSkBa_ehgloG7Y',NULL,1704983415),(786,438,'2wQ07EBL8R-8R2US0EVCaorPEg_JV7dt',NULL,1704985657),(787,429,'PqQkSG-KnS4vgBzgJl_reB59y-zdMCzh',NULL,1704986627),(788,448,'5NNrHRzovA0TbNbC_31zWqANBTg-x601',NULL,1704988141),(790,429,'axweu6yUn_bCSihxtRJdkYOWlIVHwl1C',NULL,1704988811),(794,356,'PQg4hL1SNEtyrHUtNvkxMdcwN_1F_Wex',NULL,1705031727),(795,429,'rZBqqVcN_o4K5q1r0RuBLKQN9FyErB-Y',NULL,1705032216),(796,356,'mX2A6lKVUjNdLeIiGpz-NHPb6IZwrCEG',NULL,1705032285),(797,429,'azh4dqyFpkJ7QD3vRs7id8Byl76Ce19U',NULL,1705055424),(799,438,'IyPBdjv0AGqBF4LW9U5SAPj_KXyxiCL9',NULL,1705056922),(800,462,'JPIbtxcUn1I23_Lmiv86cXjbo6Vzq7UW',NULL,1705057021),(804,429,'W76JkFCjBex2orPnPGhm3Q6TvEZ4UKnj',NULL,1705063629),(805,356,'LRIsJXfme-Pocsi1YKfXArtpshuL6bC_',NULL,1705072250),(806,456,'fb54VKgxfL4FWFwaQm-soX24uDNOPlYp',NULL,1705073200),(807,230,'h7qT_qRRmNhwxxVYYmB6kM-lLFln9UIz',NULL,1705075502),(808,463,'BOiWjN3MIGmJCOWURlsvRhQDWqooHKkP',NULL,1705107354),(810,464,'DjMaSiQD3xHJ0u3jnJhHAtDuIbcCDkmn',NULL,1705117525),(812,438,'ZQ1Tadb0Ct7smCMPvdXXHsOT-5E9lHji',NULL,1705145493),(813,465,'fJj6HXS8fIBtX00ywq9-nNm6xO0tyX_G',NULL,1705148505),(815,467,'hFITuqxiE2XZNXVRkpUQkyMOxQXrz--2',NULL,1705150667),(816,468,'MEWGG2v6n5xtS4b_GI3s4642PwSOiFan',NULL,1705150772),(818,356,'3uIVVsMYlU8a7riiaiiQOAVn8ONS-vaP',NULL,1705195372),(819,356,'WZeltFIuOvAKhoNn6DENIAJusPLkPeIz',NULL,1705217141),(820,438,'ZpgvXc7PjQZUiRugUlK-YvzmvJApc86k',NULL,1705234286),(821,356,'M3eIn9dfU0Y4iV9RANI9yVntMSeIFF6g',NULL,1705318200),(822,356,'vnaeQ9mT5yMPm3r_CPPWpFhU2NuqQIiN',NULL,1705318917),(823,356,'rKRLJ5tgQpqTXzco_H3r3fSyBwW-5tm1',NULL,1705405235),(824,356,'DxgCXSLH7pP1Z2hKjfPfycaW-2IyYj9g',NULL,1705449241),(826,356,'ZOnmpryHgQthVXrkAZL6FgneNEAVFYMk',NULL,1705493670),(827,438,'IM0c7EX_dXCllJD-pWjvMo3LTuevZupo',NULL,1705501775),(828,438,'ESlWpQi3SJIiR8qhMInyJvQpv2oNhOhP',NULL,1705507669),(829,438,'SF-EHS9i2y9yaHmtWOra-5Xu-ohBFlrP',NULL,1705599335),(830,438,'7JC94TahNziza7c_i6WApL3ofVTOMg1z',NULL,1705602494),(831,356,'ytP2QW0qXGyTO0WQi-KDPxVmeIhFpD0E',NULL,1705664572),(832,356,'XvB0iRW2Ko1u7LeBHq0dzW4EBBLw6OFa',NULL,1705669350),(833,356,'NeitSd3pBHjKmWDsM3VBs8K41SnXAlFB',NULL,1705677345),(834,356,'bxb0t2wJtGQuVmtIzqYAXZftZtHonS1b',NULL,1705681302),(836,438,'6IYJgDUyIhfFwzBkcw0_jx9vJU0MIeOW',NULL,1705768371),(837,438,'xj1pZgJoeh0_dVDqTbFUl3Bi4n16OEVV',NULL,1705770335),(838,356,'HRzZwdEeZwttCW0AqpCiMSGR-Vq8XL5P',NULL,1705821402),(839,470,'0wcPa12_j3ERfCYwAcRO-cJD8u7dVi-H',NULL,1705916038),(843,438,'hezbNDT_4Y4iWdN1f51NEpLuB9mm1CdH',NULL,1706024883),(845,464,'xnaCDPBCUtixr7dezsNzpUJJ-O9-x16w',NULL,1706026483),(846,464,'z4kzy8A_T-RnjQvy7Jp0Ur2QcAv-Or5J',NULL,1706026891),(847,356,'aRpF8fw5W_Gev3-tEq9-Q0n-N3nKtjQS',NULL,1706027391),(849,470,'mCE34tb2p5UflhJEZizMmGdbzBkWmtJa',NULL,1706040736),(850,356,'8ld611taBOIj_qvBXSpA-zpfPAnHcm7H',NULL,1706070680),(851,470,'3NHE3B9Vc4MX0e9Tfvyld2w-RXlaYvjL',NULL,1706081152),(852,438,'9IbRLH_jt1Vkk1Op4LxDzF36C9H_rpgo',NULL,1706118229),(853,471,'U1D1dlneNUSTnAkIEFRKWuNANvNFCQNo',NULL,1706196099),(855,429,'31Ztc8lNKHEZutAR7P6sOX53NRDgv2lE',NULL,1706201748),(856,470,'mpjwY7SlJOD2jd-H-JpWVXI-8zOF4eT2',NULL,1706253884),(857,470,'KhSlk2csW9TRzay4VlHcHkqXMEiaruys',NULL,1706292998),(858,470,'2QnuZaddB4FvL2yDv00LXMd6N4VYbKSz',NULL,1706342436),(859,473,'ks4gS-vENuudUmokaLmDOVg0SrStc-wX',NULL,1706352050),(860,474,'raKTvE6TL616tifGkJCdTKs1m9pfIzwa',NULL,1706352314),(861,475,'ONXAXIeJUHsNahlr9G6SvOlLhrtfFPo1',NULL,1706354481),(862,476,'5m9NrSzWSFb-ulMeHnoZ6Dsm2Anw-gKq',NULL,1706357304),(864,429,'ZDGFBTm2Li-q5OSKUTTgweoocYFUbitd',NULL,1706429501),(865,470,'ghCJTWl05Wn_KvP9ybUMjhuf8gwcmSH8',NULL,1706431714),(866,356,'KLRwuTveXpKwqeMVZ0w2QoNduXq3042q',NULL,1706433927),(867,438,'n4blj-cJcC5ylN8DHZ1iaIC2JktP-3R4',NULL,1706448831),(868,470,'KjoYTo_-ikv2KqFmRtPprtuHosNLCD9n',NULL,1706449486),(869,477,'rTbRfDc60Xxfjx4tCiEZ3GF1V45yDaN7',NULL,1706455825),(870,356,'ppSJ8cqsSJ2U6BA49VRfsnkweYpq0I17',NULL,1706508886),(871,356,'iT731USMVFrnMrWm4tLplf3CMc0ulgAj',NULL,1706509485),(872,356,'jr8mKrt4vnbPGlOn-UMBIcTQpj0nwryw',NULL,1706510638),(873,429,'btUOa9ISMMxfZaVp9L2269S-XnnCOhhW',NULL,1706510735),(875,438,'cqznp4ZZcgWP-zk1jMuQCw2jhg_2ptXm',NULL,1706519643),(880,429,'WcyQqONq1wPdqOQMNNuxbO57_nCPqF4p',NULL,1706542938),(883,356,'11wPasC5XLxQ1heccesBg9dBktMMBp7w',NULL,1706545638),(885,438,'aLoNfSANsJnH1Po0yf1U6dxqhTXdqVBw',NULL,1706546584),(888,438,'P0ERrdhJGuJFPw6_s9N2MwmxdeoY9wlS',NULL,1706550430),(889,470,'KUiTcQ-FXoDU_ZPsdVLGqO9Mk1FlTa21',NULL,1706561382),(890,464,'UKF5yz2ppZyaaVLf1ESJDi5qTBZH4jxU',NULL,1706598719),(891,464,'g735PRRWDuDCY-yBdfnMxBAM0MM0rPGv',NULL,1706600689),(892,281,'TjMXIR_3nLsf-aOftsffS9u9RmxJMnj_',NULL,1706604035),(893,480,'9I-Fc8nG42CfRto2-y3TFfmS6TZvv2aj',NULL,1706604522),(894,481,'kgF0YVZ-Q1Fca1RTw1bxuyXwLylR-aM7',NULL,1706607677),(899,482,'yXOiwWuKrahcvgaNOGCWaJoTfm1Xff3y',NULL,1706622259),(900,481,'c_NrbyEa0qgBbjz4izeockrphM6KZYHd',NULL,1706624338),(902,481,'zdwQa2xQ8VF7A0DP385SvTQ21B8D05wY',NULL,1706626537),(905,481,'vQEOtllCxJAiXCDmbmNiKvXtjBe0Gk7U',NULL,1706627851),(907,438,'PbExVXxWjBGUnjBeUkEc4SRqRUCxq166',NULL,1706628143),(908,484,'rtZiYLdyl6p8ziwF4OQolR2_ZNZbdNji',NULL,1706628176),(909,481,'tSSy5YMyp7zakyV0HeVxeZI8N_MGBhnQ',NULL,1706628778),(912,438,'812YmFGDgw7X9QgXRrbsWBO-Fo2M1aoW',NULL,1706629455),(919,482,'DpAy70XC6IUFt2TxW92F_dlJ4IuC0woh',NULL,1706742226),(920,482,'iEGn_hp99FKsywkmCJ5Q94xP7r9bhN8W',NULL,1706747841),(921,438,'K_kfpB6tUBPwtPir--paFrenFoQ3q5zc',NULL,1706786488),(922,438,'EeXXbBDRj3rCDwNeQ9HH1ZURTgU0xeH8',NULL,1706788521),(923,485,'5wdQf5jOxQ2N-d6eE7lrQMW0yKL9DbBH',NULL,1706792025),(925,487,'kSX6p0KWRLE7y7QnctaIS6qt1RGa5xJD',NULL,1706795214),(926,481,'Ci8sKeEY04n5GlVxN3HS2KkzzgPemjhm',NULL,1706796432),(927,482,'sX8UV18P4LxYMY4HKxkDpMpShqo4g-P4',NULL,1706828900),(928,488,'nmHbnxT-turOArFq6Gm0KKGxSe18Oj-f',NULL,1706882064),(930,482,'v6MhtepmNZFNvo93li48IAFN2Q2Z9xyK',NULL,1706905405),(932,464,'NGFBtgExm19My4NsXSRN8BNKjGuivegG',NULL,1706945379),(933,438,'10KiW8RWIt59W2SFPl-AMq9P74cnHq2k',NULL,1706961743),(935,356,'qtQJJ2i1UhsKGxHV9ZJp1XpEZmGG8qDo',NULL,1707013102),(936,429,'8TGMMUUdFnMt1fzX29_1RmPNIT0fwmb9',NULL,1707016482),(949,438,'k_TfqcDuY4jWIgU8jjdosY71AhZSZEQW',NULL,1707059491),(950,482,'VkcpnIHbZeS_ARJtMATNU1yYDgLkX4Vd',NULL,1707065403),(953,482,'UpfIrZaddI_YlbLgNcWHV1UKzRYk-lPK',NULL,1707086712),(956,481,'sxvQ3kzGXEkLzv4lZFHeVwTBrgvKWJFh',NULL,1707105199),(957,481,'IA1HcrMdW_ZZ5F0YzNYoBP_kB2Q3U5OQ',NULL,1707105511),(959,356,'jCSgl2-oo245VV2DCvyl67pLCYW8eDLj',NULL,1707106800),(960,482,'aAKgonQLDtncTx2ERFqS8CsP9UrC7T0v',NULL,1707128130),(968,498,'6NDivo8KdTNQkUC4ieBxbqAHN-bZm0ug',NULL,1707171130),(969,499,'VC6xVkZ5YbsbFusJQe8KlbjxbneXmAUX',NULL,1707171317),(970,438,'ZqmYkRsfXfRha3Pv9gc8b8kMLhSkI0_N',NULL,1707172185),(973,481,'B1hQmiytSu-udFRI6s9bpSzID1a61aql',NULL,1707232575),(974,281,'QAQA6Iv32xGtRmTAtz1hgzv52WFEiBQ8',NULL,1707295620),(976,502,'D6DyxeHHXTXN8dlKrVyMMa6fArnXV1be',NULL,1707300570),(978,503,'py1z-83ftqA4VSHQdTwiL7darY9vNvOZ',NULL,1707301005),(979,356,'tN4IDB5iyjxtHpXbc7Ru8r2uwJ1LTvb1',NULL,1707319174),(980,356,'YP4WajaV-iA1PN7wtWAto6vQCs6wySFa',NULL,1707350210),(982,504,'tMxBk5JCRQR8IcOLgt5g9EcR78T32cGc',NULL,1707390782),(983,356,'QVBlCfyXo__-aHCR7ugLVh-tLLjKihQb',NULL,1707400688),(984,502,'KXsG-w5iW_RR9JYYFysd7fGjdRzpsp9J',NULL,1707400741),(985,464,'kWZxXPxm0SVjUSI10HBnrW1pEXGw2aKC',NULL,1707401010),(986,505,'XKEuyy5DqYbAF5QYOZFu39cMYveOn5ZC',NULL,1707401618),(987,506,'PNQWrtlCPWNf78FgyZMCc__FN9r_lMwc',NULL,1707401639),(988,507,'CTJ8KYOvu59EH7IR2Ko5FIgRVNfVoebP',NULL,1707401731),(990,1,'sxmXTnQKS36ZrVyeW-9xR4MaAxpEs0qM',NULL,1707463829),(992,509,'8CBMWgyDWcsRKD3ZuWTqDrkAktncelpU',NULL,1707473230),(993,356,'g6fGPni_vycnW_70p78nodSt6FciyWti',NULL,1707481117),(994,482,'76wTCLA6OwfK6qw3i68yiclGH8a4_Hkc',NULL,1707489258),(995,464,'7GpAj2Cz3OyRfOBlZj2mdDWDpH1o0L_s',NULL,1707510805),(996,482,'qnAWfWhH3pBkcxKTPo3nhk4Sx6EnsHby',NULL,1707595723),(997,438,'shvMiyvVZxQ7x57OMa6Yce0s0IXWYJvd',NULL,1707655427),(998,438,'j0T2d0PO5yqEY5ROhm5QEvpwg3ia5ej_',NULL,1707659943),(1000,438,'TyNGCWyJ8WEFUHVYnfrBicAElPA4fWR9',NULL,1707662421),(1001,464,'bJtyoHjw1Utuw_dQb3F0LcRhqQS5sXAJ',NULL,1707698672),(1004,482,'2-oVQdfroyT4yXU7vpEV40yDh4ZcOdPr',NULL,1707740674),(1006,510,'_b5PrhbeOq41y6uMSPii09FvrLy2tz40',NULL,1707742089),(1011,438,'ipR3mhzz6c_IaVP3L0UscveWp9WvMJMB',NULL,1707745487),(1012,429,'GsOufUhS32Z1k21c3GIPzXNUbrTtJizt',NULL,1707745536),(1013,482,'iuSu_ncugh3Dhdgypm-qXuKbCdkROMpC',NULL,1707746970),(1014,356,'fJOqTJSorWLbIbJfa81y2W-l02ihn903',NULL,1707748634),(1015,356,'rl3lsIBaRfLDGMal5C68zFytVymcgldN',NULL,1707816410),(1016,356,'x7GfiYoGhcTnkgsOgvosEDBbHuXrKsc3',NULL,1707816531),(1017,464,'Q7dCg4Nvjmw78HzDXWs86ThZh92zYCqs',NULL,1707903900),(1027,356,'mrUTS7-IefrnnFeRMAxeUm_kxsnZj6Cs',NULL,1707954633),(1028,356,'KJ0u-CWnumuxlNO8UJi7nbfuicYJ8Ixl',NULL,1707954894),(1034,429,'C4nnD9KjQhz2Qia0A2z6GuYS7_sVmm1y',NULL,1707977162),(1038,429,'q90qoF8IJSCeyHb0YFaeJoiWMQUjY4HU',NULL,1707977387),(1040,513,'3Oi1karQfZ-9flR8o4q5hOSB6ppGQD4C',NULL,1707997729),(1042,438,'0Bz2popGGwKmD3MPkBs-BpubEvkrl2nj',NULL,1707999724),(1045,516,'Bl4ZivFrL_JWwWcsvIL3lJRuNA7eUsyb',NULL,1708000176),(1046,438,'xDVLvZkOy-PQsoxOu0xMETDb114xC-Ec',NULL,1708000198),(1047,438,'nt3YBpipOj_jjcjcsoL6eshhBrTZeuE6',NULL,1708001325),(1050,464,'VdRZPrE5WLUwtju1g91M2tGaz31IJlHQ',NULL,1708002591),(1051,438,'LuUTuBvcrMWPWeb1SKFmy3qj05k4ab9L',NULL,1708095929),(1052,470,'wl50yf8IQShq8S23YMZ7y59F8wD6JMTm',NULL,1708137922),(1059,438,'nL7hus-dOgfK1y8QhiogF38P7rViDow7',NULL,1708149835),(1080,518,'z0UPqzh9nIpfyRuaWqe0Ddyr5VEiRNxj',NULL,1708239594),(1081,519,'aEqblWCIPAlumG6B0Y40FoTtzroYGRgW',NULL,1708240322),(1086,429,'giE82jr_TiP5f6lwtN1blP1pziaQqR6H',NULL,1708252632),(1087,464,'K2zoMPG3KzBP5CnQjrLZfANUFVn3rLK9',NULL,1708255512),(1088,356,'Q8aN1uSXuHqMk2Xkwe2jaR32xjYe0inh',NULL,1708259492),(1089,521,'62TctDQV97Tyz9HQd9mVCcT0vEQsW3U-',NULL,1708259599),(1090,429,'DRlX2OstIgIKLvziETSm641gY3McGuv6',NULL,1708314208),(1091,464,'BjgW34vKjV54ZYlPV94vMARxVPh5FUfY',NULL,1708434512),(1092,522,'5ecg1tEltAMJpUsrwWfA0QfK2mUfuM-6',NULL,1708501500),(1093,356,'WY0FJiiKrteeuFF56U-uDE2EeHBUY1aW',NULL,1708516065),(1095,505,'6KGDKB6y2HroflFgYoDollPR7X_OhfgW',NULL,1708524710),(1096,523,'A60WGi1W1kHN1io4QL5edkabMGQsSIJA',NULL,1708524718),(1097,524,'1tWXHyIEB2A0WM4Q8fs81ss43GTG_xRp',NULL,1708524742),(1098,476,'Vfl6vn4fpkNlhxJA9xoPDhFNeHlk9Nqz',NULL,1708526006),(1099,438,'idrk0bfHowY4QV-FTnDU3UWjxcy6FLVV',NULL,1708526219),(1100,525,'xj2lrd9N9ZjzHbFqq2Hux6FuVXH7_YwN',NULL,1708526623),(1101,502,'eX5JzQbkxroNjsKQVXrgR6uFhWldi6g1',NULL,1708526736),(1102,356,'Qkq73Vjz94sHWHy1gEeceZAUo5aJEVRF',NULL,1708604058),(1104,356,'dC0Gk2WhaWUy8Phv0HekF07aw2ddWOfA',NULL,1708607337),(1105,356,'h6T-Wq0Gl5-Uf03-qw_QZeTNOjm0ygnI',NULL,1708608053),(1106,438,'fTq6yKfTcg_VQGxmktpjMl1h0Zf-LWQD',NULL,1708610071),(1107,356,'5X50k1qKe6QUmlZW1pDQjBPPle9FGDw6',NULL,1708614442),(1108,464,'Yg0F9kGnVwAu6TWKwD3rbpdh3oOBfdS6',NULL,1708688564),(1109,464,'4lFXWRTjsGNd2K7azelmcqgEoTiw1aha',NULL,1708776277),(1110,438,'IdcM2c5Aoeufs_vbAjQIFIAHEtpGE63x',NULL,1708785827),(1112,356,'CLzrpTeS5ss8Gag62hztjPe-9Wq1PrmM',NULL,1708835013),(1113,356,'2JYiud0xoz1kJGz9WFSTXQFPUIaXJfGK',NULL,1708837551),(1114,356,'6hMtx7BGU9WX3_OfMI1_Otlb0esjJSUa',NULL,1708925828),(1115,356,'WUPNoJodJSp2L4u9u6BSon7-zw8QeYeZ',NULL,1708938141),(1116,356,'-jjrXB77p_qCpdqQtc3vqE0MBR_LjgQm',NULL,1708954158),(1117,281,'P7kl9ROVJRGA-qap3WRJE3-NqHXhjdEf',NULL,1708956392),(1118,1,'6ncex9M5chUGT3lfZsTFLaWcEqxYMba4',NULL,1709027656),(1119,438,'M81UUvigKX2aaPtD74xdWVczRG_AXl_t',NULL,1709033083),(1120,438,'2eoxDbQ9F0s6YpL9oTUlZJAIpzmpdJXz',NULL,1709033404),(1122,356,'ybsS0gc48eW7aSfsrpUYWndlNqRlcTmh',NULL,1709044166),(1123,356,'g9hKjFQmXhhzVUkq-GQhhpTBx4WtRI6i',NULL,1709044591),(1124,356,'Tz0GmIPAN5pvOVQ3MymY7jwj4lm-75zz',NULL,1709047005),(1126,464,'CD5XnjI4NEDKVtCN-0I67LnCiNB9N5XX',NULL,1709079321),(1127,356,'aWCQWK4IvEOFT-NcehNjJW0140ZPCKuN',NULL,1709082799),(1128,356,'8bpNy3aYmwRiCumn5sDdFkuVmAzcZSyI',NULL,1709118844),(1129,464,'3u0Z-zm1DFfRH-f_C8Uvi5VSa6WqJAY2',NULL,1709132209),(1131,356,'59TFraYcpAs0MryzPIX7XkvSSfOJ1Qrt',NULL,1709139014),(1132,438,'sLRUIj1juCRXzIVlF6plklCbKH-lPr8e',NULL,1709161268),(1133,438,'sVhDIAMtEONer7AIwBu4ztygiPFFKat9',NULL,1709165875),(1135,464,'QJa_rxbh92__W95SdtJ5ux3u4KeMqB4b',NULL,1709187438),(1136,356,'8AkVCcXywu_CX3BuWwt3UEPrmtIe2kRR',NULL,1709191541),(1138,505,'Gk3P4BIJzDhnZy1NYmnhn86_6s0TTqOo',NULL,1709213955),(1139,505,'eMcULn6vdja7o19dCKu7Y21y69YkgfN0',NULL,1709214174),(1140,530,'dJw-SBU8pNGBWO6UqGwxvsZfEaCw5-VU',NULL,1709214565),(1141,464,'mMm835NVYeI8T9CHQs0LUv3OT9tCsVIQ',NULL,1709220107),(1142,506,'Y8h7TDHKrH_mb6SiCNE88vyvP5KCDx6p',NULL,1709223340),(1143,502,'RLB0awiXe5KAVIq42H4ybx10hpieDCi3',NULL,1709223524),(1144,531,'OMSAindkI4JHw8aFQIpGhbmZSXM087wn',NULL,1709223609),(1145,482,'h3oQJE3bmOL2D7gqoP5AvMgtuUnzTlJB',NULL,1709238234),(1148,429,'MudSbbZhyLvfmqxh69KMXlJA3XJdgEYo',NULL,1709261914),(1149,429,'HLlDv0z8xQ4cl4ZiueT0uJ37FG9D8YVh',NULL,1709263538),(1150,429,'KZdb-B4ebv87uTyajAj9-sOGdg1_lHW4',NULL,1709264429),(1152,532,'vF0YsKQ5ZmULsro6v3XmakLlJkcGQScY',NULL,1709288211),(1159,356,'NGKfriJwkku9B5E7pdTnsfp3aQVi7-ML',NULL,1709305691),(1162,438,'OPaOQrnhF7NkZNtthKiiPzp38AUbAbFC',NULL,1709334462),(1163,356,'kb7N2o9Z12vWMqn2nBvgRq0eWurrWtkN',NULL,1709337210),(1164,429,'ftk6y9unQMJKO545t0oUaagwvwOmDCxr',NULL,1709343443),(1166,356,'S4A4dOEWlUd7EQfMhRjPuCFUgu6spioV',NULL,1709355687),(1168,356,'TC4ulKrJOL5DHInUN_-iKnlRT0YFDZgV',NULL,1709364022),(1169,356,'-fMG4R6stxTfu3BfBVo8aQ6EzgEWn-IG',NULL,1709376663),(1172,464,'7s6BuTF8YDHpzmRXFYWsu8z6O2xmQFXQ',NULL,1709467584),(1174,356,'POgh7DzxshmG0U-VLEUS2Tu8zm7Jau1n',NULL,1709470113),(1176,438,'m6-5gWKAwGvyl1UV3M2T7qH7YT3bYXcr',NULL,1709473224),(1181,539,'c8Tj9EdAhvX9XKImc1_x3iskmEVgCAKL',NULL,1709551674),(1183,429,'t8h_sVq6PzyaYfJZTK1E4mNkvUZgoCqY',NULL,1709558215),(1184,540,'WmGShGtSevKDA-OhXgolHgIccudy0b8O',NULL,1709559325),(1185,541,'_WGmxXqF8e52KOliSRMNe_sInoj_-ZW7',NULL,1709559527),(1186,542,'m38Fvfx0rU597k8nTFCIMr6rjBHu7YHG',NULL,1709559813),(1188,534,'yPz-AZhRCnryPgJj53X8xqjstUkhZpkK',NULL,1709563258),(1193,543,'OHmaS0sg0OyiPpTk6_S7KV16Uw6r0aXQ',NULL,1709564429),(1200,541,'IE27Cg6wf9kY_4mVxLE8tdYHCVIudgkg',NULL,1709567063),(1202,541,'9JkLiiiWXD9plkB4rcEulMfVPjbtkttw',NULL,1709567289),(1205,438,'XSYF8LJl77U1JNygas5FqfhMnrewvp-Q',NULL,1709636842),(1206,356,'QEOj_Furg_CPM7fiZ-Gv25ZkwdbR9FIC',NULL,1709642928),(1210,356,'DpjmdcxiL5e46HYS3yAl0N-LN0fjgYDv',NULL,1709651071),(1212,356,'iJj-jAH3jca5CNPZ_3fh522CHd7_m9Wa',NULL,1709653687),(1213,464,'Zk6zxjRvAzaIbD4_Ae-PjXV0V2dSPIXR',NULL,1709667326),(1215,541,'zSeEd6lNSHx8sZv4iW8nmJzA8SW5m-Sd',NULL,1709723411),(1217,464,'V-kqitNgXdshSuZLdkwQS3u4ojFY8VXz',NULL,1709724663),(1218,356,'0LZajoQh0OzRUxkQJzarhZlMQ9Qg6U1t',NULL,1709724900),(1219,548,'wrKvv05Bbxl-MGoLkzO-FohYqCQLL7QV',NULL,1709724976),(1220,281,'Y7UOyBwjwZDgxQuA-BEfzzarA7N40_NM',NULL,1709725540),(1221,541,'_ZJhlJa3XSDOh-yBxIPpBOAKL_NVL47-',NULL,1709725811),(1224,549,'QvIoZUEL8Bs0bQNgbdFUSb9ygr0gpp0u',NULL,1709730353),(1226,438,'NA_Y7BO4hb3EW04L6XYy8mCVDgQeL5ND',NULL,1709758729),(1227,356,'jLtc6s1GKiynmHVM_t4DRoiewupPqK5M',NULL,1709768015),(1228,356,'gbFXNhDe5n1wzydS5nIwdEO75L7xohZS',NULL,1709811500),(1239,556,'fpUAgXUbVThBixriL0ecsG3yeaFpPNwv',NULL,1709834677),(1240,356,'mOm5HFdYrT2-RaHJNJIKfJrW30KS5XvF',NULL,1709865790),(1241,356,'KIzZ3S_DCyeIcUKn18xpqTIbRtTRTFY_',NULL,1709891281),(1242,541,'55fJnwe1EThv_JGCJ47punAV5uegKNtC',NULL,1709901929),(1247,448,'QwCyByO9Mig07bjEzwPQKpHfjcCD30g8',NULL,1709910424),(1249,557,'SvSravE5hti1IS7WDU8iaSfhgiU0pl5O',NULL,1709918743),(1251,356,'ufzonP7PW4EMJIQDf2Yw9CiEwnyQjrLc',NULL,1709967755),(1252,356,'au-4Q-XJHvJbBYmA8BIvvgpqJCvknKTF',NULL,1709977162),(1256,356,'e7R8tIBGxkJMblZTZK6yiA2dU0udcU7w',NULL,1709982663),(1260,438,'PY0M9OjBXxbFELEZf1gwBsbwuSD1jmMJ',NULL,1709994394),(1261,356,'iZkQRTCHH6ZvweJsxEGr8vbREARmd2Gz',NULL,1710050608),(1262,356,'YVZPzz1WjcJnZyAsCDM0vSlOIMs96J9c',NULL,1710067165),(1263,464,'o0vgSyOTgE4K8jisadTNM5_n7B74U7rJ',NULL,1710068489),(1264,560,'6SmhllUFtrgARmyauyy2FRPW5UEqw2ew',NULL,1710077004),(1265,438,'O9UnfuEbmikaF88BGJ8ZaaYUX8eYK5o9',NULL,1710077189),(1266,560,'VavEFCRAeHriqfMvC_YC8ihUqp2l5Xak',NULL,1710077900),(1267,561,'RZY10aphPArv5n3VzP1O45RTYDCU-djJ',NULL,1710164814),(1269,438,'i6yZLJ18Ow4JsqrZTrKkqjICavkuwj3n',NULL,1710167019),(1270,438,'2qMdyjm_y_uD7670AIEAe0Nnf3HZDVJf',NULL,1710167286),(1272,438,'jA_Iqk41RX7EjNxCv_3EE6lbXJqHdbiJ',NULL,1710170616),(1284,429,'BWHQca_dQcV4mJL-o2EljDyrOiiDeM-8',NULL,1710174496),(1286,541,'ljX1UxGSH-NWAEnEGxG-ZJwWk-p3adhL',NULL,1710236247),(1287,356,'NPD35MsbyVLvj8o4rQzHDQTrY26RnyG6',NULL,1710243290),(1288,525,'UUeaVUqOKft08MC1wSbGIYywB2h4AVRr',NULL,1710254632),(1289,563,'bm-km7F9e-cAc1ZHRaNG_EmZW8m8sLK3',NULL,1710255155),(1290,502,'wohBJsLgZsoVorE66lYHKJiMiv-KUyys',NULL,1710261257),(1291,464,'tgMnDjy0P4bOjz144Cb_-AsbKpla-qRR',NULL,1710339439),(1294,247,'oi5vufeBkZkzWZAzi6BVDJ5yJqkCpGBx',NULL,1710421605),(1295,464,'lBrcZeeslOQ2rNv6fvNwp_lYyiKKZC6E',NULL,1710438853),(1299,470,'Tq5VgDN7NrM-yMlKShk_tLI_fmWGRVxw',NULL,1710488696),(1303,470,'_eSkWEOempNus93-G88580viOV3Y0Pk6',NULL,1710521316),(1306,464,'l3uhrqwaNjI6KnoVn-WMcA7dLLm8bdYF',NULL,1710580501),(1307,557,'61eCVJ-xoUg7lZj3MqcWdPtL2QckYLVE',NULL,1710581177),(1308,557,'1Is656ErDW_jAnNqBgIZM8EXQxKhoT3i',NULL,1710581630),(1309,557,'dn2SiOfKCQbFMlrrJ7LqJm1JRRzOLXH3',NULL,1710581822),(1310,464,'qyg1QFCdUEgSKMoi4WO0pvoBZTLBZsp3',NULL,1710582434),(1312,464,'oNcCKudfn5FG8YRcOqjVrfzWq1BVf9KN',NULL,1710582901),(1313,356,'o83WA7BqZ5QC1gLGy26R-P4mtPYUem1d',NULL,1710584630),(1317,438,'vO34hv-7LXxIIJHeckwM6oUa_SzP4aXH',NULL,1710588465),(1319,541,'iYL_YxNvvapJ1LTq9aliDdyqr5QVlMFU',NULL,1710588982),(1321,567,'prob_nbG4B7FYPXoINQSSxU-H7BnO5Pd',NULL,1710590582),(1322,568,'qFEKuiJYKSDLG3nGMXdmf0kVtRFkW3PL',NULL,1710592368),(1323,356,'Tp6PPQMXzxU_v8-T4usnvLaDVD3_6emj',NULL,1710667303),(1324,560,'IzV7mGT-7byR3Pyw_KNO5jFlpdGf4AeI',NULL,1710676890),(1325,356,'ndZukJ38qeYZQbuQxqSz7T1LVCwJJIuk',NULL,1710754726),(1326,356,'dTThcR-P4cCxeCPIHKV15MN5kmPRQ3vo',NULL,1710754798),(1327,438,'648cTnVeUurSsa3Zz8nQJwoF971kvqZf',NULL,1710755374),(1328,438,'YnQgKfZTfPi-KjuXzFoPKtP4isfpnvHc',NULL,1710755533),(1329,356,'4oSseE8BGS3p0uqpaX_WhfpGMvTmMjFk',NULL,1710758705),(1330,464,'7pgxsu6gJ2oS2yqBvNTMfbV7J2SCb4RP',NULL,1710775853),(1331,356,'uAVksyg8fCPkiHlehCJkDZCmNlk6In6B',NULL,1710846586),(1332,438,'7KPyafgOJKhFs2q-kdcwzxHGZpnK8dAp',NULL,1710853583),(1333,356,'KRoCC3pPjPI21njDcKt6vpjybbkaQi0x',NULL,1710854714),(1335,569,'MQ6SaK4lijN4WTgBL8EExNYIx75xp3nH',NULL,1710857301),(1336,541,'cMwoxE71w71DgSF0j4wg4Y6wuh122fHJ',NULL,1710861844),(1337,502,'Rqa923xk22psLXc_ZLGkqS_Oe4WVpNF5',NULL,1710862390),(1338,525,'leD8jQKWK1a-0FNpVQ3r-uWNqQZ2xLES',NULL,1710862427),(1339,464,'s72s7qMyGqXQONI3MneeIw4dxnbtylPb',NULL,1710863300),(1340,356,'bGdgprfqDF_b3dJieR1zJamVQ5Ass5sX',NULL,1710868571),(1341,1,'BorkF2VGeR-uKjMHfm2RJ7gEO4WLGShf',NULL,1710912357),(1342,570,'uatNZTNJ2Xg11D-jSSlqLLGjviE_sS76',NULL,1710933415),(1343,438,'F2XPzdv515Vfewfq_EZaxl8msCYXcW99',NULL,1710940561),(1344,438,'VAcp-RwngAjt84mlhxid84Hc8JNuPtCp',NULL,1710946651),(1345,438,'1GWAqWrZdsbYXu7-7JyxD-hOvH199k6X',NULL,1710946749),(1346,464,'9XQoZ1bfx2MIiGWBiWR1cWEbvr9qHYFc',NULL,1710951460),(1347,525,'5nrZNMHZIHDq5A-NHpemYaNVi5IDjmb3',NULL,1710951562),(1348,356,'kXTdMwe0Ry65OfNyg_ZevBJgj7CudAfm',NULL,1710982074),(1349,356,'2KhCRe4e361RhmKyWF0gWUColUqLDRWO',NULL,1710993515),(1350,557,'5cxTQYJ-U8wqM1Wmym2Y7U6DbIaIh54p',NULL,1711112347),(1351,438,'ocae-WMCD5fNwqzFHeJtpCSMUTxC2uRK',NULL,1711115764),(1352,464,'6snLtJtSZX3IJjanAPO1AVP7dC4ebVQ5',NULL,1711278867),(1354,438,'VV_UW-2voyEBg-ebw9mCmCCjca4r5Zop',NULL,1711524357),(1355,571,'T7M9p86-EvOfJk5oYCECGbjbCpw4BPiE',NULL,1711528028),(1356,464,'SrW6YNhhoIYD8zf0m0zss1tbHXc9fo-i',NULL,1711530098),(1358,572,'vBOMyRlwunYFAfwVClXf7cp8p-O6z4gC',NULL,1711531651),(1359,438,'d3F2DKZ20Tc4nGHW1rYGz55Np5vv0bBz',NULL,1711538030),(1360,438,'1DQRzuYp5tgvE9csUhgplzFzAc44iBMK',NULL,1711538223),(1361,356,'VXvL9rUlRsF25aKdveskVdAmiqRa66f9',NULL,1711555154),(1363,356,'3MGlIS2MCa2aKD2vxRxBL3B_Qewn--3N',NULL,1711584954),(1364,525,'_LXMqxHkOeL_sTlfuGDOHhg8D6PfWx9p',NULL,1711608465),(1365,464,'bqdaqUnwVRxXUHVcgPVZSUfjtlMjtgqc',NULL,1711618348),(1366,464,'5Mx-GQU7_TffHha8ofOT5bCq2eo7xs1B',NULL,1711620208),(1367,438,'1vV4TzqwBfnUTUgpbjbCu82L9KEEcBXw',NULL,1711636949),(1368,502,'uT_t3G3RH6DhtJI6wh-9XMxlMpjqJTZ9',NULL,1711703542),(1369,571,'-py7Mj_7ECOo_Nbuop_1gFiCS7xdP5BB',NULL,1711703582),(1370,573,'Ik3k_VIG0WYqVABfh0I-RIwpMkvfksan',NULL,1711703591),(1371,429,'4NAOfriDGqhVICE1sDski138iHajwojO',NULL,1711705150),(1372,429,'kWUgdlKOc4zKDDPwSIzQhb1_eDh6awfX',NULL,1711705223),(1373,541,'HiP61cZETE0T9L1u2yhoK-j1vUR9JAxy',NULL,1711705817),(1374,464,'kB4GzG7O1uzN-52GbJI5NnpjEaFtBKj7',NULL,1711705958),(1375,573,'fPSNciT8_hv_yJUIyroJ_USG5XNXdJhi',NULL,1711706017),(1376,573,'ty0I2IzqtevzLWbxdCibOLRwr1xOMbR3',NULL,1711707158),(1378,429,'d9aU26XjZIkQHT4sXoJw8ELUDRFN0nSW',NULL,1711710828),(1379,438,'qUrFcJA_u-0-1K4FB-RyzR--URbRp9T2',NULL,1711723764),(1380,356,'vK8NXAFNao5DB6PFMpldGBWF4mAIu-H5',NULL,1711797360),(1382,502,'zFCh-m0J1aD81gr-CJH-SaiK91BuJUKW',NULL,1711803338),(1383,464,'e531FwQI3rSiR8DfKMzEEfpsZORtIem1',NULL,1711871107),(1384,356,'67XXamMC27__TGAmS9R0O-Wx6OqpA0NK',NULL,1711987169),(1385,464,'q2uAhyZizdN9rmWOBbosstb7Q2RYRT1Z',NULL,1711989231),(1386,356,'YVJRIZpfWJdjS1EdXFOFjLXj3Be422J8',NULL,1712015830),(1387,438,'uCACN2ScqnRQpjwMFQX5YT6dhCanOR_o',NULL,1712042651),(1388,356,'SGA02-LAXVo6NHdQPbwYfqu_hattCcox',NULL,1712057119),(1389,356,'ByjHLsApMjQ9hHhg23Ki8kbGGslCLN8p',NULL,1712057723),(1390,464,'PwP7PIGaMh-lPjR6WwpXjgd_uWlIGiSs',NULL,1712077226),(1391,502,'X_5vjlLqhxOnXrymryuDaYbGXN-obfFG',NULL,1712141282),(1392,438,'nQODHnbfsBNJyqw0WI3iUQ69p2W15rJe',NULL,1712147346),(1393,438,'OddQIaRiOe7EhVqCWHzyo7jMMjqm6-iq',NULL,1712159414),(1394,574,'jqNdhQuPWvQPmBCQW8jBXLmENrb9QKwa',NULL,1712242727),(1395,438,'0ucC4uQ1Xx0reksj60_9P_CobudZXsl0',NULL,1712251777),(1396,356,'R06VZmE6dWGWATK8yxd59PqjPfRcQRA9',NULL,1712388587),(1397,356,'pabyk0VqXnFddR78Jau9AABCGHwtLTlG',NULL,1712399451),(1398,438,'Oywm9Lk3g09cXYkUgq9Mt2WSGwbhC82z',NULL,1712403944),(1399,464,'oEyIRm7GJnuI3GatQ14la7FvYBbJ5BG-',NULL,1712420631),(1400,575,'cog9MPYNtU_x6YSCYS4tygCL6I-F2lX7',NULL,1712441868),(1401,575,'tnGpsYd6iapRHW5uBSee6ywMlK8yMwf8',NULL,1712534304),(1402,438,'d31Dq6-xv7r-_8dzgllOp1zTLCuTFQtA',NULL,1712578576),(1404,470,'-4qeKL0dGIj5mx-MuihOtxGxmOgDKoYk',NULL,1712587084),(1405,356,'qSjv29RrhfdHl-Kr24S6P7rlo4mObZx1',NULL,1712757222),(1406,356,'nXHVPY2nFWlpaoXhPZxV_c6m7puOtxSM',NULL,1712757367),(1407,502,'-PbNRSipRWhokB_ZNNzpriRYnSKxUj4L',NULL,1712772742),(1408,438,'kxWw9SramKQwmDEDMR6xWyigNuOyCXgg',NULL,1712788493),(1409,438,'Qhsm1lzJlrKhYbEWPbxpSL-0-4XuxLOO',NULL,1712793121),(1410,356,'CwnHllEOOwiPnrSZq3oxWyjgJ3Mp2vmh',NULL,1712796653),(1411,464,'5cQ0elA4dF3LC17WCqoORtl3UekuB033',NULL,1712828513),(1412,502,'ZrRQdEn1rzO4nfW9vRdxngaxY65E0yXK',NULL,1712828708),(1413,356,'fuB9sdJANfW0_7Fekz87VH1J5Yw2H3Aw',NULL,1712832775),(1415,356,'vi8ESgLklgiZlYy51pHcBtsLYQ8THXzH',NULL,1712920004),(1416,356,'8fG3i9oSTon9e4UHWd6W2BDSMmOFjmFW',NULL,1712920088),(1417,356,'8YziFgwcZaAE7L1Zyo3Z2kpQn0jHU1On',NULL,1712920424),(1418,438,'A-9eUASZmA1Pa5Smli7xptq1WjJPBxf9',NULL,1712946491),(1419,356,'u7nUXvcd57cm8yY5c2zxiyk4AJmiPmNr',NULL,1712963136),(1420,356,'uzbu7xxZRFvsyylX98uxrL5yftpnCSOe',NULL,1712965647),(1421,356,'nXzcQKGSTY5Vu6FgxPVzHGKujYs3CO-A',NULL,1713078785),(1422,356,'PpPKtFhEzdZJBi5ZVdnZgjWa5uGoUsGC',NULL,1713091444),(1423,464,'66EA_QK9iqVD8EywuwubkBJaoZ3MUG1k',NULL,1713122072),(1424,356,'m7sHZbChYDlX2Rnqemaihrrla7Xe_WsF',NULL,1713165519),(1425,438,'pcQ3hw5PZqv4DvMhbV_clxkBDV4Xap9e',NULL,1713182014),(1426,438,'syhUbxRte1C3XV_0Y-k0h1DYpNljrxeN',NULL,1713260310),(1427,464,'9Y6u9c3ISz4GXYKM1wSt-e_PEoOqRXr6',NULL,1713263807),(1428,356,'-fB5yytJmw6wlUK3RoJ1Y0vB0mHmmAhZ',NULL,1714042893),(1429,464,'qpjBIJIc5_uhpiB3UrOAHfnxtPXKeFmm',NULL,1714405517),(1430,464,'mXD4tRPVw6GOfldICELLQwh0pqj-yHuI',NULL,1714467179),(1431,560,'d_dWFFP2zX7PrrX2UM4A1ivEugPslkKl',NULL,1715337260),(1432,438,'r6wfpztRT7S1wpf9EQqFl6GQLjqNNlI6',NULL,1715358385),(1433,464,'P8MoUrScOgCAwcsn93yFxK7JcIgCIQVs',NULL,1715430922),(1434,502,'HmUETxg9dKPNUL-RWSJJyImEfkftrwov',NULL,1715680902),(1435,579,'DOPSWULE7eADuqTk7hZz9NTmsyutOF4m',NULL,1716472209),(1436,438,'4F0LI2l3dx8zQL4sRRykqcBNfrIabEuy',NULL,1716638947),(1437,438,'lGFdZKTi4hFlNAg0L0RLUl8wfolDBfdq',NULL,1716840266),(1438,580,'F04etkVhRCkMZo0Kihtgu-GfQHlPHQ6J',NULL,1716915864),(1439,580,'Vw8rHtU048fZaI_NYPQ77pgPs5uNd7Lf',NULL,1716919966),(1440,580,'9eiVi5glQe7RLLylXfwBkf4RgB0dF5P8',NULL,1716920117),(1443,580,'56g0dp-lz2zWL8PJ7PnUVbpuW7q6y0fQ',NULL,1716928578),(1444,438,'FuCHMOUorjd1t1VdXdKYe-iyq93uhl8u',NULL,1716928836),(1446,580,'fVMBuYFKP_WreNjlTsRMBNuZROid1F3C',NULL,1716970335),(1447,581,'y2RgAlXA7P_LNhiuoA6mIwiu4ORILkzE',NULL,1716973156),(1448,580,'n7teL3Sp-F64sYqGgaGX-PgW1RUUBnba',NULL,1716979437),(1449,438,'8emFzKBETfmI44yqcV0udcmzCuX7T2lC',NULL,1716980916),(1450,438,'9NPXMxFCYwDkdbu1rDv8lChrCms7X7SZ',NULL,1716981855),(1451,464,'AtO_eLwsiTjDvFLPZLK_t1HKUaPQV3Ts',NULL,1716985909),(1452,581,'OHQJlRB8RffyyEHZdhF-yBoRVijl8yRp',NULL,1716987907),(1453,438,'r73kDbL34QsQ-e1eQZlMFeu6miYnwvJg',NULL,1717005500),(1454,464,'iewmMF4PK5niVpdx6h0nPrf0DqGfcfeu',NULL,1717009711),(1455,580,'NIsrBEdKjyowAVPa2dgUvUKnajeYaehn',NULL,1717039502),(1456,581,'ANpgMBXegvAg07v3jhTm98qPfgngO_dj',NULL,1717039992),(1457,580,'fig1CEo2beg0taUwD6GEquH_HDTICU2s',NULL,1717090252),(1458,580,'30SXhHEstvXTpTZEo_WlpaLBU8mBUNBu',NULL,1717091809),(1459,580,'CAcRrgJbrWGcF4ce8dEamI8gaJxpvoix',NULL,1717091821),(1462,464,'LF5K4BUeRPUWGcdhuzzoJEoUcxU7XIEO',NULL,1717099125),(1463,474,'7WgSZpmyViGijXu28YKr0IjL_pSDjJMK',NULL,1717099889),(1464,464,'KmyC3Rp1gnKKjPcLusAlKiFz3hw113Rm',NULL,1717100172),(1465,582,'FRWmvPVvSSkh_fLcSXlX64etDgd34UI1',NULL,1717141414),(1466,580,'EzkflJ1sp1Qo7AroLicGzLS0XdzqsYxM',NULL,1717153780),(1467,581,'CQQ4EWaiZlBVOlXyauGQMVPYGcFcACzy',NULL,1717154081),(1468,580,'PrYO2rPOgeYkz7K0_g38Q1PclG-eJ2RC',NULL,1717155522),(1469,464,'rrKL2D3usUNZeajmiAkYlCrafxNpJ2YK',NULL,1717167569),(1470,474,'kRORSNXgZyiwz8NwFRopSyNBDxaaqKnE',NULL,1717167599),(1472,580,'Rb174SdGXrsTFovHXLiRFHObPgZXw4_D',NULL,1717256666),(1473,581,'STWXK-mxBLGG00ZZbaS8FW9kTrviYTCh',NULL,1717256723),(1474,438,'oEHBd70knoK7hYISZHCUyLYe_n8quBIS',NULL,1717260663),(1475,582,'ZyTg89ce5x31ddh3kVyKgdOww7U8oCg5',NULL,1717389570),(1476,356,'pLqB0mNYWZQRf27rdsmmnMRMvrL7XjE-',NULL,1717421493),(1477,356,'KJo0LP8sd-1zn1bsvElDU_qbYdWxBq9D',NULL,1717483795),(1478,580,'A9iHEecMxL5H4DE4sNp4oWeSYnmWDVir',NULL,1717490371),(1479,438,'z1nB8yQDKeZiVhNgO4BAYVq9-Ac7gS-y',NULL,1717494177),(1480,580,'jdFbd9Ym8fYwYAwGxrrLsQLiopbA3a7a',NULL,1717579001),(1481,580,'sUptMKIDU3EF9hEAMS3ns9QgIqq_Fcnn',NULL,1717665553),(1482,438,'kpIaHS8NX15PsCXsBwECeeXGfgYvRt2x',NULL,1717668751),(1485,356,'P7jwOieAnsWGIsREp3L4-TFBj0DONJHd',NULL,1717732456),(1487,580,'V1Tea1PYlAi4hESEFLLnfGNSHNw9NvF7',NULL,1717753191),(1490,438,'c4bPbShAXd6HYyzp3Iv99tJkXunMrYsw',NULL,1717778982),(1491,438,'dwhsbLODnao6yETTz7PO6XlwjAPNlhOB',NULL,1717783496),(1492,474,'7RULtkPyw3wGbQOe9NOr23qEu7hlIMeo',NULL,1717837162),(1493,356,'hoKGORRhD5UglL-luyIlVGWs9wGnTDw9',NULL,1717904060),(1494,580,'F0qUWyEvX6si5qaKLJ7sFFl1SCT37DQC',NULL,1717911036),(1495,356,'aZkvvZFLuSEKAjcQVNOtFgbl1dbiS8Nl',NULL,1717919406),(1496,582,'kvwZN94iS_9agNcRhlioulcjEzzboWBe',NULL,1717942795),(1497,438,'YeaVjko5pdO7P5t-wuxWxrXsDoVmPJPZ',NULL,1717943864),(1500,579,'Ve1EOVtBQ1rPJdv24SP7AM7Q2j5bTOrJ',NULL,1717971181),(1502,356,'hfsGgfMvn0BbEhr6nS4GC9pDB4c67W3I',NULL,1718071092),(1504,583,'zshz8sSdwdsa9hPCpdpRtmpBkJKBz_D1',NULL,1718105480),(1505,580,'cvmmCyAFxQfs6-ucbtf5wRFli-PgmW6l',NULL,1718106366),(1506,580,'yXOFBAbBAHRJPS54ytz9QaoK0cXu_4Tv',NULL,1718106617),(1507,438,'3DgXCT846bwgKknpUKXhDNp6GginsFS4',NULL,1718109584),(1508,356,'J3KoVZzihwKVd037aiL2YHe9KPyowPeS',NULL,1718118951),(1509,583,'yNYA9rCbozp3_48kkczygSmuo-1kQaMP',NULL,1718120342),(1512,438,'ibZzhX2Co8ZAEJJxFFgKTBRHXwJNiDTB',NULL,1718126611),(1518,583,'KgivrnW7qlQ03u4aJnVNLD1isxA_fyTz',NULL,1718130983),(1520,438,'FcW_x_c6s2P5gsaio1GAi1DJO-GOVQMq',NULL,1718135556),(1521,356,'1rYarVPQ_50TOVEC47U_qiFSgU6IRf5u',NULL,1718167144),(1523,356,'j51uqQ2GoDUIprIZqhONuQs2XzM_Yfv3',NULL,1718170420),(1526,464,'I-W7tz9fXVslfEsjUtye1WqXwk0bWV2t',NULL,1718207543),(1527,580,'RBML7NvAoe-4u7F_LLb7p4iGQ5OHKfx2',NULL,1718254295),(1528,582,'z--ZF7kv3Rfzj_kmEmm2YVxpAFn2oF8g',NULL,1718274430),(1530,585,'jp7ngHMxfOZ-nKkfOyA5f5kXFcgyK0ve',NULL,1718276128),(1532,585,'KhORifU-OkuYCWszk5nn_m4YXwper9bU',NULL,1718279625),(1533,579,'ncKBMs7LFflUhSNZRUmIcAZLi0p440GA',NULL,1718281430),(1538,464,'ie4ey5iCm_vE4zwNK3D1tRaMyZ00xX1t',NULL,1718307112),(1539,464,'JEQn6gc0wgNrOTahRBdneytaL3D5tNUO',NULL,1718360905),(1540,585,'_IhcVuqATa7zXnoTOl3bUbeZspSGYUzu',NULL,1718365468),(1542,356,'tPC0QAJguN-GYKvDBN1cljfpObKn48R4',NULL,1718372804),(1543,464,'aPcK6-Xmuj22ONB6g4QtKgfWAKGxcMWi',NULL,1718373630),(1546,464,'61_0_-vxME2-FgL2tqGxdbOLXSv8mNoO',NULL,1718377153),(1547,464,'hNwE3QClB5JLh4ibExjq6D0gafhWhLpI',NULL,1718379462),(1548,587,'SCWAz9R1WJxMrmI-WNut4NDzMGtytmqc',NULL,1718384220),(1549,464,'O_waxtceYwFXcJZtyrBiBuGtJ9qqdr29',NULL,1718423991),(1551,502,'vlLMB07cbT7fMwrOJqXxDrXcGOD45uji',NULL,1718447703),(1552,579,'d6hkZRkj1m7Z7BPhtON7r3XpqehL8wZT',NULL,1718448322),(1553,588,'hrDkvrQ8HI3yxZ5fUJ1pi-DoxT4x9dnG',NULL,1718450229),(1555,464,'2THKUAXyibyDOoVB462r9iaHOvJR9rmx',NULL,1718537514),(1556,438,'Htv6arOooBklwZuu-PRStOYV8GPlhYau',NULL,1718539674),(1558,589,'Ezuax37nw6qUeOwqAZQb1vzsi3Zg7w10',NULL,1718541741),(1560,590,'tdtNoFMdzkjPnoWqvY1HzmUooj7B3jDX',NULL,1718618627),(1562,591,'HrLLDyLFI8-5qTSIdsmQYpZ0ptzBjukJ',NULL,1718632068),(1564,589,'2f1IxgYO7shOjshe0lETxuaDF2VGEa3G',NULL,1718632817),(1566,592,'RAjhKLIqKmwO0dAeEE_818MsRYAqOnIe',NULL,1718661756),(1567,593,'VX2uME02x97hbzaqHVN0yNuCyOvZsCil',NULL,1718694734),(1569,594,'JYc7IhUShotGQMdGPe5qoid_MKRtP9ZY',NULL,1718783632),(1570,580,'aBOEWe5kvjRhEK2YiuS5P9brzNoDbj02',NULL,1718869973),(1571,580,'wTitTSSCZzDQ7Oc2nirAPEDTB-k79Y_d',NULL,1719049858),(1572,464,'pNmrgMlY1uWBKHx34quw7yVIVWnmdFn4',NULL,1719065315),(1573,464,'6rzkrqRHnSwpa2-FlmjwiU0p0veJLC_r',NULL,1719299581),(1574,464,'gsXysCKxWPpSGkXlBqab3ly77uvETNQ2',NULL,1719323079),(1575,464,'OwVpste-OtL6LC-q7svcp76pDHJKo7ne',NULL,1719396359),(1576,464,'LsLlRcfUNPGAX2-1aDYeBVMubIdg6e3N',NULL,1719425630),(1577,464,'AKEpGVH5bn4vQtCpoGW3bOsUGlq9FDal',NULL,1719517835),(1581,580,'XVFYTzRRpqXuycTivnLeqOxgjnc8ar5A',NULL,1719597336),(1582,464,'2SvXcA59scVKmd4_Eo8wmhw7mtMoIgzk',NULL,1719675375);
/*!40000 ALTER TABLE `auth_tokens` ENABLE KEYS */;
UNLOCK TABLES;

--
-- Table structure for table `b2b_ads`
--

DROP TABLE IF EXISTS `b2b_ads`;
/*!40101 SET @saved_cs_client     = @@character_set_client */;
/*!40101 SET character_set_client = utf8 */;
CREATE TABLE `b2b_ads` (
  `id` int(11) NOT NULL AUTO_INCREMENT,
  `company_id` int(11) NOT NULL,
  `chart_id` int(11) NOT NULL,
  `wallet_id` int(11) NOT NULL,
  `type` int(11) NOT NULL,
  `min_limit` decimal(27,8) NOT NULL,
  `amount` decimal(27,8) NOT NULL,
  `course` decimal(27,8) NOT NULL,
  `date` int(11) NOT NULL,
  `status` int(11) NOT NULL DEFAULT 0,
  `main_okved` int(11) DEFAULT NULL,
  `start_amount` decimal(27,8) DEFAULT NULL,
  `max_limit` decimal(27,8) DEFAULT NULL,
  `uuid` varchar(20) DEFAULT NULL,
  `currency_id` int(11) DEFAULT NULL,
  `duration` int(11) DEFAULT NULL,
  `description` varchar(255) DEFAULT NULL,
  `discount` decimal(27,8) DEFAULT 0.00000000,
  PRIMARY KEY (`id`),
  UNIQUE KEY `uuid` (`uuid`)
) ENGINE=InnoDB AUTO_INCREMENT=16 DEFAULT CHARSET=utf8mb4 COLLATE=utf8mb4_general_ci;
/*!40101 SET character_set_client = @saved_cs_client */;

--
-- Dumping data for table `b2b_ads`
--

LOCK TABLES `b2b_ads` WRITE;
/*!40000 ALTER TABLE `b2b_ads` DISABLE KEYS */;
INSERT INTO `b2b_ads` VALUES (2,429,259,63,1,500.00000000,600.00000000,90.93000000,1711669923,-1,585,600.00000000,1000000.00000000,'842500012',1,900,'',0.00000000),(3,356,259,114,2,500.00000000,0.00000000,91.09000000,1709964742,9,285,500.00000000,45545.00000000,'103611004',1,900,'yjkfgjkf',1.00000000),(4,356,259,80,1,500.00000000,0.00000000,1.00000000,1709964885,9,585,10000.00000000,1000000.00000000,'534023258',1,900,'uiltriulu',0.00000000),(5,356,259,114,2,500.00000000,327.27777778,90.00000000,1709982012,-1,500,1000.00000000,3000.00000000,'901040994',1,900,' ',0.00000000),(6,560,259,142,2,500.00000000,44.51152580,91.10000000,1709990521,-1,285,50.00000000,4555.00000000,'290814988',1,900,'',1.00000000),(9,573,259,151,1,500.00000000,1000.00000000,50.00000000,1711622109,-1,1464,1000.00000000,1000000.00000000,'485138007',1,900,'  ',1.00000000),(10,573,259,151,1,500.00000000,1300.00000000,50.00000000,1711622360,-1,1464,1300.00000000,1000000.00000000,'694919665',1,900,'',1.00000000),(11,464,259,116,2,500.00000000,0.00000000,92.08000000,1711624386,9,285,10860.12163336,10000.00000000,'387247220',1,900,'',2.00000000),(12,356,259,114,2,500.00000000,49.95000000,10000.00000000,1711624386,-1,461,50.00000000,4604.00000000,'133375538',1,900,'HYJHV',0.00000000),(13,438,259,143,1,500.00000000,5555.00000000,92.30000000,1711643553,-1,441,5555.00000000,1000000.00000000,'764075773',1,900,'5555',1.00000000),(14,356,259,114,1,500.00000000,0.00000000,1000.00000000,1711929817,9,441,1000.00000000,1000000.00000000,'516104378',1,900,'7io',0.00000000),(15,579,259,5,1,500.00000000,100.00000000,89.23000000,1718365584,-1,2273,100.00000000,1000000.00000000,'305892654',1,900,'  ',10.00000000);
/*!40000 ALTER TABLE `b2b_ads` ENABLE KEYS */;
UNLOCK TABLES;

--
-- Table structure for table `b2b_history`
--

DROP TABLE IF EXISTS `b2b_history`;
/*!40101 SET @saved_cs_client     = @@character_set_client */;
/*!40101 SET character_set_client = utf8 */;
CREATE TABLE `b2b_history` (
  `id` int(11) NOT NULL AUTO_INCREMENT,
  `b2b_ads_id` int(11) NOT NULL,
  `author_id` int(11) NOT NULL,
  `payment_id` int(11) NOT NULL DEFAULT 0,
  `start_date` int(11) NOT NULL,
  `end_date` int(11) NOT NULL,
  `price` decimal(27,8) NOT NULL,
  `status` int(11) NOT NULL DEFAULT 0,
  `file_path` varchar(255) NOT NULL,
  `creator_id` int(11) NOT NULL,
  `description_id` int(11) DEFAULT 0,
  PRIMARY KEY (`id`)
) ENGINE=InnoDB AUTO_INCREMENT=23 DEFAULT CHARSET=utf8mb4 COLLATE=utf8mb4_general_ci;
/*!40101 SET character_set_client = @saved_cs_client */;

--
-- Dumping data for table `b2b_history`
--

LOCK TABLES `b2b_history` WRITE;
/*!40000 ALTER TABLE `b2b_history` DISABLE KEYS */;
INSERT INTO `b2b_history` VALUES (2,6,438,1000,1709990553,1710249753,5.48847420,4,'',560,0),(3,7,560,1000,1709993501,1710252701,0.00167942,4,'',438,0),(4,5,563,1000,1710150255,1710409455,33.33333333,4,'',356,0),(6,3,464,1000,1710770018,1711029218,48.80887035,4,'',356,0),(7,5,569,1000,1710771002,1710771902,5.55555556,7,' ',356,0),(9,12,438,1000,1712493729,1712752929,0.05000000,2,'',356,0),(10,5,560,1000,1712494609,1712753809,50.50000000,2,'',356,0),(11,13,502,1000,1712687471,1712688371,90.00000000,7,' ',438,0),(12,5,464,1000,1714380823,1714381723,33.33333333,7,' ',356,0),(13,5,464,1000,1716899575,1716900475,33.33333333,7,' ',356,0),(14,12,464,1000,1716923370,1716924270,0.05000000,7,' ',356,0),(15,5,464,1000,1718201779,1718202679,5.55555556,7,' ',356,0),(16,5,464,1000,1718265220,1718266120,5.55555556,7,' ',356,0),(17,5,464,1000,1718280443,1718281343,5.55555556,7,' ',356,0),(18,5,464,1000,1718290080,1718290980,5.55555556,7,' ',356,0),(19,5,464,1000,1718292948,1718293848,5.55555556,7,' ',356,0),(20,5,464,1000,1718294075,1718294975,5.55555556,7,' ',356,0),(21,5,464,1000,1718301555,1718560755,33.33333333,2,'',356,0),(22,5,594,1000,1718697474,1718698374,33.33333333,6,' ',356,5);
/*!40000 ALTER TABLE `b2b_history` ENABLE KEYS */;
UNLOCK TABLES;

--
-- Table structure for table `b2b_payment`
--

DROP TABLE IF EXISTS `b2b_payment`;
/*!40101 SET @saved_cs_client     = @@character_set_client */;
/*!40101 SET character_set_client = utf8 */;
CREATE TABLE `b2b_payment` (
  `id` int(11) NOT NULL AUTO_INCREMENT,
  `payment_id` int(11) NOT NULL,
  `company_id` int(11) NOT NULL,
  `fio_courier` varchar(255) DEFAULT NULL,
  `phone_courier` varchar(45) DEFAULT NULL,
  `street_for_courier` varchar(255) DEFAULT NULL,
  `build_for_courier` varchar(255) DEFAULT NULL,
  `pod_for_courier` varchar(45) DEFAULT NULL,
  `description` varchar(255) DEFAULT NULL,
  `summa` decimal(27,8) DEFAULT NULL,
  `value` varchar(45) DEFAULT NULL,
  `payment_receiver` varchar(255) DEFAULT NULL,
  `type` int(11) DEFAULT NULL,
  `bank` varchar(255) DEFAULT NULL,
  PRIMARY KEY (`id`)
) ENGINE=InnoDB AUTO_INCREMENT=23 DEFAULT CHARSET=utf8mb4 COLLATE=utf8mb4_general_ci;
/*!40101 SET character_set_client = @saved_cs_client */;

--
-- Dumping data for table `b2b_payment`
--

LOCK TABLES `b2b_payment` WRITE;
/*!40000 ALTER TABLE `b2b_payment` DISABLE KEYS */;
INSERT INTO `b2b_payment` VALUES (2,2000,438,'2e3r','10e23r','2e3r4','23r','21r3t4',NULL,500.00000000,NULL,NULL,1,NULL),(10,2000,429,'','1010987777','','2','3',NULL,10.00000000,NULL,NULL,1,NULL),(12,2000,356,'fsgn','10464545645','sfgnsfgnsf','4','4',NULL,10.00000000,NULL,NULL,1,NULL),(14,754,356,NULL,NULL,NULL,NULL,NULL,NULL,NULL,'1111 1111 1111 1111','',0,'SberBank'),(15,754,356,NULL,NULL,NULL,NULL,NULL,NULL,NULL,'2452 4524 5245 2452','',0,'SberBank'),(20,1901,438,NULL,NULL,NULL,NULL,NULL,NULL,1000.00000000,'7777 7777 7777 7777','7777',0,'SberBank'),(21,1901,438,NULL,NULL,NULL,NULL,NULL,NULL,500.00000000,'6666 6666 6666 6666','666',0,'SberBank'),(22,0,464,NULL,NULL,NULL,NULL,NULL,NULL,0.00000000,'1111 1111 1111 1111','',0,'SberBank');
/*!40000 ALTER TABLE `b2b_payment` ENABLE KEYS */;
UNLOCK TABLES;

--
-- Table structure for table `banks`
--

DROP TABLE IF EXISTS `banks`;
/*!40101 SET @saved_cs_client     = @@character_set_client */;
/*!40101 SET character_set_client = utf8 */;
CREATE TABLE `banks` (
  `id` int(11) NOT NULL AUTO_INCREMENT,
  `title` varchar(255) NOT NULL DEFAULT '',
  `bik` varchar(12) NOT NULL,
  `address` varchar(255) NOT NULL DEFAULT '',
  `active` int(11) DEFAULT 1,
  `ks` varchar(45) DEFAULT 'null',
  PRIMARY KEY (`id`)
) ENGINE=InnoDB AUTO_INCREMENT=4003 DEFAULT CHARSET=utf8mb4 COLLATE=utf8mb4_general_ci;
/*!40101 SET character_set_client = @saved_cs_client */;

--
-- Dumping data for table `banks`
--

LOCK TABLES `banks` WRITE;
/*!40000 ALTER TABLE `banks` DISABLE KEYS */;
INSERT INTO `banks` VALUES (1,'   ','41280103',' , 6 ',1,'40116810100000000000'),(2,'','41280103','',1,'40116810400000000000'),(3,'','41280103','',1,'40116810700000000000'),(4,'','41280103','',1,'40116810000000000000'),(5,'','41280103','',1,'40116810300000000000'),(6,'','41280103','',1,'40116810600000000000'),(7,'','41280103','',1,''),(8,'   ','46577906',' , 10',1,'30101810100000000000'),(9,'','46577906','',1,''),(10,'   ()  . ','45402704',' , 8  ',1,'30101810100000000000'),(11,'','45402704','',1,''),(12,'   ','40037471','  , 11',1,'30101810000370000000'),(13,'','40037471','',1,''),(14,' ','40395000',' , 47',1,''),(15,' ','40396000',' , 2',1,''),(16,'   N 43192','40001002','/ 43192',1,''),(17,'   N 43197','40002002','/ 43197',1,''),(18,' ','49820000',' , 70',1,''),(19,'   ','48270002','',1,''),(20,'  ','40816000',' , 26',1,''),(21,'   ','215000042','- , 33',1,'40202810600000000000'),(22,'','215000042','',1,'40301810900000000000'),(23,'','215000042','',1,''),(24,'   ','49626100','   , 15',1,'40116810096260000000'),(25,'','49626100','',1,''),(26,'   ','42299100',',  1 ',1,'40116810000000000000'),(27,'','42299100','',1,'40116810900000000000'),(28,'','42299100','',1,''),(29,'       ','41122101','  , 2',1,'40116810300000000000'),(30,'','41122101','',1,''),(31,'   ','41236100',' , 6 ',1,'40116810600000000000'),(32,'','41236100','',1,'40116810900000000000'),(33,'','41236100','',1,'40116810200000000000'),(34,'','41236100','',1,'40116810500000000000'),(35,'','41236100','',1,'40116810800000000000'),(36,'','41236100','',1,'40116810100000000000'),(37,'','41236100','',1,'40116810400000000000'),(38,'','41236100','',1,'40116810700000000000'),(39,'','41236100','',1,'40116810100000000000'),(40,'','41236100','',1,'40116810400000000000'),(41,'','41236100','',1,''),(42,' -   ','44083000','- , 45',1,''),(43,'   ','205000024',' , 22',1,'40202810900000000000'),(44,'','205000024','',1,'40301810200000000000'),(45,'','205000024','',1,''),(46,'   ','43207707',' , 136',1,'30101810500000000000'),(47,'','43207707','',1,''),(48,'  - ()  .','47888710',' , 55',1,'30101810800000000000'),(49,'','47888710','',1,''),(50,'- ','43209706',' , 31',1,'30101810000000000000'),(51,'','43209706','',1,''),(52,'   ','40396055','- , 14',1,'30111810000000000000'),(53,'','40396055','',1,''),(54,'   ','43510107','- , 36',1,'30101810835100000000'),(55,'','43510107','',1,''),(56,'    ()','46577409',' , 9 ',1,'30101810665770000000'),(57,'','46577409','',1,''),(58,'   ','41081100',' , 108',1,'40116810100000000000'),(59,'','41081100','',1,''),(60,' -   ','44012000',' , 27',1,''),(61,'  ','45853000','- , 47',1,''),(62,' ','49246000','  , 8',1,''),(63,'   ','40703002',' ',1,''),(64,'   ','42880002','',1,''),(65,'   ','816041',' , 41',1,'40116810008160000000'),(66,'','816041','',1,''),(67,' -   ','42202886',' , 16 ',1,'30101810400000000000'),(68,'','42202886','',1,''),(69,' N8   -','40349550','. , 183/ . , 326',1,'30101810100000000000'),(70,'','40349550','',1,''),(71,'  .   ','41203712',' , 6 ,   ',1,'30101810500000000000'),(72,'','41203712','',1,''),(73,'     .-','44030902',' -, 3  ',1,'30101810400000000000'),(74,'','44030902','',1,''),(75,'    10199 ','229000102',' ., 60',1,'40106810200000000000'),(76,'','229000102','',1,''),(77,'  ','45853774','  , 15',1,'30101810200000000000'),(78,'','45853774','',1,''),(79,'    ','41806745','. , 47/3',1,'30101810518060000000'),(80,'','41806745','',1,''),(81,'    -','43735853',' , 16',1,'30101810800000000000'),(82,'','43735853','',1,''),(83,'   ','278000117',' , 3',1,'40202810500000300000'),(84,'','278000117','',1,'40301810900000000000'),(85,'','278000117','',1,''),(86,' -','41125000',' , 36',1,''),(87,'   N 83604','40021002','/ 83604',1,''),(88,' ','48718000',' , 24',1,''),(89,'   ','46482002','',1,''),(90,'   ','45004001',' -, 27',1,''),(91,'   ','44783002','',1,''),(92,'   ','44784002','/-43',1,''),(93,'   ','44785002',' , 6',1,''),(94,' ','46521000','  , 20',1,''),(95,' ','43678000',' , 31',1,''),(96,' ','47186000',' , 10',1,''),(97,' ','40508000',' , 102',1,''),(98,'   N 83524','40031002','/ 83524',1,''),(99,'   N 25631','40037002','/ 25631',1,''),(100,'   N 03148','40012002','/ 03148',1,''),(101,'   ','46576002','',1,''),(102,'   N 10513','40041002','/ 10513',1,''),(103,'   ','42780002','  , 73 ',1,''),(104,'   ','42784002',' , 1',1,''),(105,' ','40715000',' , 68',1,''),(106,'   N 64106','40047002','/ 64106',1,''),(107,'   ','40181002','',1,''),(108,'    ','44525000',' , 2',1,''),(109,'   ','46380002','',1,''),(110,'   ','44584002',' , 4',1,''),(111,'   ','44674002','',1,''),(112,'   ','40703101',' , 1 ',1,'40116810600000000000'),(113,'','40703101','',1,''),(114,'   ','46709101',' , 19',1,'40116810067090000000'),(115,'','46709101','',1,''),(116,'  . ','46709102',' , 9',1,'40116810800090000000'),(117,'','46709102','',1,'40116810700090000000'),(118,'','46709102','',1,''),(119,'   ','45080101',' , 3/1',1,'40116810050800000000'),(120,'','45080101','',1,''),(121,'   ','43081100',' , 89',1,'40116810830810000000'),(122,'','43081100','',1,'40116810130810000000'),(123,'','43081100','',1,''),(124,'   ','43512100',' , 19',1,'40116810935120000000'),(125,'','43512100','',1,''),(126,'   ','43083101',' , 89',1,'40116810830830000000'),(127,'','43083101','',1,''),(128,' -   ','41403838',' -, 79',1,'30101810014030000000'),(129,'','41403838','',1,''),(130,'   ()','46015075','. , . 11/45',1,'30101810860150000000'),(131,'','46015075','',1,''),(132,'      ()','40507900',' , 44 ',1,'30101810405070000000'),(133,'','40507900','',1,''),(134,'   ','42880101',' , 53 ',1,''),(135,'   ','43512002',' , 25',1,''),(136,'   ','253000417',' 9 , 64,  309',1,'40202810200000300000'),(137,'','253000417','',1,'40301810100000000000'),(138,'','253000417','',1,''),(139,'   ','48270101','  , 93',1,'40116810100000000000'),(140,'','48270101','',1,'40116810082700000000'),(141,'','48270101','',1,''),(142,'   ','45081100',' , 3/1',1,'40116810200000000000'),(143,'','45081100','',1,'40116810500000000000'),(144,'','45081100','',1,'40116810400000000000'),(145,'','45081100','',1,''),(146,'   ','40582101',' , 69',1,'40116810300000000000'),(147,'','40582101','',1,''),(148,'   ','43380100',' , 55',1,'40116810600000000000'),(149,'','43380100','',1,'40116810800000000000'),(150,'','43380100','',1,'40116810100000000000'),(151,'','43380100','',1,'40116810400000000000'),(152,'','43380100','',1,''),(153,'    ','48880100',' , 85',1,'40116810088800000000'),(154,'','48880100','',1,''),(155,'   ','46080101',' , 7/2',1,'40116810300000000000'),(156,'','46080101','',1,''),(157,'   ','43083002',' , 33 ',1,''),(158,'   ','44588002',' , 8',1,''),(159,'   ','47681002','',1,''),(160,'   ','43683002','  , 21',1,''),(161,'-    ','44587002',' , 12',1,''),(162,'   ','40881002','',1,''),(163,'   ','40884002','',1,''),(164,'   ','40885002','',1,''),(165,' ','47520000',' , 4',1,''),(166,'   ','42299002','',1,''),(167,'   ','44782002','  , 4',1,''),(168,'   ','41122002','',1,''),(169,' -','47162000',' , 47',1,''),(170,'   ','41081002',' , 93',1,''),(171,'   ','44715002','',1,''),(172,'   ','44780002',' -, 14',1,''),(173,'   ','44781002','',1,''),(174,'   ','45385002','',1,''),(175,'   ','45386002','',1,''),(176,'   ','44125002','',1,''),(177,'   ','40507001',' , 71',1,''),(178,'   ','45801002','',1,''),(179,' ','47182000',' , 51',1,''),(180,'   ','47583002','',1,''),(181,' ','40510000',' -, 13',1,''),(182,'   ','42980002','',1,''),(183,' ','47516000',' , 78',1,''),(184,'   ','41236002','',1,''),(185,'   ','41280002','',1,''),(186,'   ','44681002','',1,''),(187,'   ','40397002',' , 3',1,''),(188,'   ','48182002',' , 22 ',1,''),(189,'   ','48880002',' , 32',1,''),(190,' ','43209000',' , 8',1,''),(191,'   ','47686002','',1,''),(192,'   ','46080002',' , 3',1,''),(193,'     -','49082100',' , 24',1,'40116810400000000000'),(194,'','49082100','',1,''),(195,'   ','44781102','- , 14/2',1,'40116810700000000000'),(196,'','44781102','',1,'40116810300000000000'),(197,'','44781102','',1,'40116810600000000000'),(198,'','44781102','',1,''),(199,'  ','44588100',' . , 11,  1',1,'40116810600000000000'),(200,'','44588100','',1,''),(201,'   ','48140100',' , 12',1,'40116810881400000000'),(202,'','48140100','',1,''),(203,'   ','46311887',' .  .., 150/154',1,'30101810663110000000'),(204,'','46311887','',1,''),(205,'  - ()  .','42908770',' , 4',1,'30101810000000000000'),(206,'','42908770','',1,''),(207,'','49205795','-  , 16 ',1,'30101810000000000000'),(208,'','49205795','',1,''),(209,'   ','510022',' , 69',1,'40116810705100000000'),(210,'','510022','',1,''),(211,'  ','44959775',' -, 12',1,'30101810900000000000'),(212,'','44959775','',1,''),(213,'','44959775','',1,''),(214,'  . ','44584100','3-  , 3,  1',1,'40116810800000000000'),(215,'','44584100','',1,''),(216,'   ','46579002',' , 3',1,''),(217,'   ','46580002',' , 32',1,''),(218,'-   ','44030001',' ., 68, 70, 72, 74',1,''),(219,'   ','46577001',' , 18',1,''),(220,'   ','46382002',' , 106',1,''),(221,'   ','41126002','',1,''),(222,' ','47169000',' 60  , 59 ',1,''),(223,'   ','48140002',' , 7 ,  3',1,''),(224,' --','40825000','- , 19',1,''),(225,' ','49849000','- , 25',1,''),(226,'   ','40587002','',1,''),(227,'- . .   ','44566002',' , 12',1,''),(228,'   ','47582002','',1,''),(229,'   ','44697002','',1,''),(230,' ','47144000','- , 2',1,''),(231,' ','40495000',' -, 18',1,''),(232,' ','48717000',' , 47',1,''),(233,'   ','40394002',' , 47',1,''),(234,'   ','44080002',' -, 28/10',1,''),(235,'   ','40486002','',1,''),(236,' -  ','44536002',' , 12',1,''),(237,'-     ','44537002',' , 12',1,''),(238,' ','47749000',' , 9 ',1,''),(239,' ','47728000',' , 6 ',1,''),(240,'   ','43380002','',1,''),(241,' ','47117000','  , 22',1,''),(242,' ','41106000',' , 74',1,''),(243,'   ','48080002',' , 12',1,''),(244,'   ','46489002',' , 1',1,''),(245,'   N 67903','40004002','/ 67903',1,''),(246,'   ','44594002','',1,''),(247,'   ','42534002','',1,''),(248,'   ','40349001',' .  .., 12',1,''),(249,'   ','42581002','',1,''),(250,'   ','42080002','',1,''),(251,'   ','41580002','',1,''),(252,'   ','41980002','',1,''),(253,'   ','44582002','',1,''),(254,'   ','41480002','',1,''),(255,'   ','45853729',' , 27 ',1,'30101810200000000000'),(256,'','45853729','',1,''),(257,'','236000127',' , 329',1,'40202810536010000000'),(258,'','236000127','',1,'40301810900000000000'),(259,'','236000127','',1,''),(260,'   ()  .','48209880',' , 2-1',1,'30101810900000000000'),(261,'','48209880','',1,''),(262,'-   ','42202001',' . , 26',1,''),(263,'   - ()','45004711',' 1,  29 \"\"\"\"',1,'30101810750045000000'),(264,'','45004711','',1,''),(265,'    ','46577971',' . , 4',1,'30101810300000000000'),(266,'','46577971','',1,''),(267,'-    ','44030723',' ., 36',1,'30101810100000000000'),(268,'','44030723','',1,''),(269,'   - ()','45402725',' -, 21',1,'30101810600000000000'),(270,'','45402725','',1,''),(271,'  ','245001291','',1,'30107810200000000000'),(272,'','245001291','',1,''),(273,'  -     ( )','245001961','.  , 13',1,'30414810700000000000'),(274,'','245001961','',1,'30415810000000000000'),(275,'','245001961','',1,''),(276,'  ','245001228','',1,'40808810900007000000'),(277,'','245001228','',1,'40808810300008100000'),(278,'','245001228','',1,''),(279,'    ','245001229','',1,'40808810300008100000'),(280,'','245001229','',1,''),(281,'   ','245001292','- , 20',1,'30107810000000000000'),(282,'','245001292','',1,'30107810900000000000'),(283,'','245001292','',1,''),(284,'   ','245001293','- , 168',1,'30107810500000000000'),(285,'','245001293','',1,'30107810445010000000'),(286,'','245001293','',1,''),(287,'  ','245001296','',1,'30107810600000000000'),(288,'','245001296','',1,''),(289,' ','245009721','',1,'30111810100000000000'),(290,'','245009721','',1,''),(291,'  ','200000405',' ,333,  ,  , , ',1,'40808810545010000000'),(292,'','200000405','',1,''),(293,'','200000405','',1,''),(294,'     ','245011006',' . , 11',1,'30219810445010000000'),(295,'','245011006','',1,''),(296,'  ()','44525275','. , . 10, . 2',1,'30101810145250000000'),(297,'','44525275','',1,''),(298,'','44525275','',1,''),(299,'    ','7749104',' , 10',1,'40116810577490000000'),(300,'','7749104','',1,'40116810877490000000'),(301,'','7749104','',1,'40116810177490000000'),(302,'','7749104','',1,'40116810277490000000'),(303,'','7749104','',1,'40116810577490000000'),(304,'','7749104','',1,'40116810877490000000'),(305,'','7749104','',1,''),(306,'    ','41806701',' , 11',1,'30101810800000000000'),(307,'','41806701','',1,''),(308,'    ','42007709',' , 13',1,'30101810100000000000'),(309,'','42007709','',1,''),(310,'   ','48182100',' , 12',1,'40116810100000000000'),(311,'','48182100','',1,''),(312,'   ','45801101',' , 55/78',1,''),(313,'   ()','44525227','. , . 3, . 3',1,'30101810245250000000'),(314,'','44525227','',1,''),(315,'','44525227','',1,''),(316,'   ','40349744','. , 8/ . , 135/1',1,'30101810403490000000'),(317,'','40349744','',1,''),(318,'   -','40702752',' , 299',1,'30101810000000000000'),(319,'','40702752','',1,''),(320,'   ','825040',' , 41',1,'40116810408250000000'),(321,'','825040','',1,''),(322,'   ','44681102',' , 5',1,'40116810100000000000'),(323,'','44681102','',1,'40116810600000000000'),(324,'','44681102','',1,''),(325,' - ','44525747','. 1- , . 22',1,'30101810945250000000'),(326,'','44525747','',1,''),(327,'','44525747','',1,''),(328,'-   ','44030778',' ., 13',1,'30101810100000000000'),(329,'','44030778','',1,''),(330,'','44030778','',1,''),(331,'  ','44525273','. , . 1, .1,  2,  I',1,'30101810545250000000'),(332,'','44525273','',1,''),(333,'','44525273','',1,''),(334,'    ','42202799',' , 20',1,'30101810500000000000'),(335,'','42202799','',1,''),(336,'    ','46015081',' , 58/51',1,'30101810760150000000'),(337,'','46015081','',1,''),(338,'    ','45773873',' , 41',1,'30101810400000000000'),(339,'','45773873','',1,''),(340,'-    ','44030716','8-  , 19   . 10-',1,'30101810900000000000'),(341,'','44030716','',1,''),(342,'    ','40702750',' , 38 ',1,'30101810400000000000'),(343,'','40702750','',1,''),(344,'-   ','44030729','. 4- , . 37  ',1,'30101810900000000000'),(345,'','44030729','',1,''),(346,'     ()','40813864',' , 9',1,'30101810800000000000'),(347,'','40813864','',1,''),(348,'','40813864','',1,''),(349,'   ','40394101',' , 155',1,'40116810200000000000'),(350,'','40394101','',1,''),(351,'  ','44525371',' , . 17, . 1',1,'30101810845250000000'),(352,'','44525371','',1,''),(353,'','44525371','',1,''),(354,' ','41708706','- , 35',1,'30101810100000000000'),(355,'','41708706','',1,''),(356,'   ','271000013',', 49',1,'40301810300000000000'),(357,'','271000013','',1,''),(358,'  9   -','41806870',' -, 22',1,'30101810100000000000'),(359,'','41806870','',1,''),(360,'   ','43081002','-  . 5',1,''),(361,'  - ()  .','45773713','- , . 38',1,'30101810900000000000'),(362,'','45773713','',1,''),(363,'  ','44525852','  ., .2-4-6, . 10',1,'30101810445250000000'),(364,'','44525852','',1,''),(365,'','44525852','',1,''),(366,'. - ()  .-','44030831',' ,  13,  , 1-',1,'30101810640300000000'),(367,'','44030831','',1,''),(368,'  ','44525466',' ,  3',1,'30101810145250000000'),(369,'','44525466','',1,''),(370,'','44525466','',1,''),(371,'   ','40397100',' , 155',1,'40116810900000000000'),(372,'','40397100','',1,'40116810903970000000'),(373,'','40397100','',1,''),(374,' ','44525624','. , . 13',1,'30101810945250000000'),(375,'','44525624','',1,''),(376,'','44525624','',1,''),(377,'- ()','44525409',' ,  80,  16',1,'30101810445250000000'),(378,'','44525409','',1,''),(379,'','44525409','',1,''),(380,'   ()  . ','40507879',' , 78 ',1,'30101810905070000000'),(381,'','40507879','',1,''),(382,'   ()  .-','44030742',' , 4  ',1,'30101810140300000000'),(383,'','44030742','',1,''),(384,'  ','44525550','.  , . 20, . 2',1,'30101810145250000000'),(385,'','44525550','',1,''),(386,'','44525550','',1,''),(387,' ','49205919','  , 15',1,'30101810200000000000'),(388,'','49205919','',1,''),(389,' -   ','45773712',' . , 59/1',1,'30101810600000000000'),(390,'','45773712','',1,''),(391,'  ()','44525583',' ,  21,  1',1,'30101810345250000000'),(392,'','44525583','',1,''),(393,'','44525583','',1,''),(394,'   ','47719001',' , 7',1,''),(395,'   ','41117001','  , 3',1,''),(396,'   ','41203001',' , 28',1,''),(397,'   ','40173001',' , 91 ',1,''),(398,'   ','41403001','- , 74',1,''),(399,'   ','49923001','- 60- , 5',1,''),(400,'   ','41012001','  , 17',1,''),(401,'   ','41501001',' , 34',1,''),(402,'   ','41708001',' , 10',1,''),(403,'   ','41806001','-  .. , 18',1,''),(404,'   ','41909001',' , 5',1,''),(405,'   ','42007001',' , 36',1,''),(406,'   ','42406001','  , 10/1',1,''),(407,'   ','42520001',' , 16',1,''),(408,'   ','42748001',' , 2',1,''),(409,'   ','42908001',' , 76',1,''),(410,'   ','43207001',' , 12',1,''),(411,'   ','43304001',' , 27',1,''),(412,'   ','43807001',' , 31/8',1,''),(413,'   ','44206001',' , 4',1,''),(414,'   ','44442001',' , 4',1,''),(415,'   ','44705001',' , 11',1,''),(416,'   ','44959001',' , 33',1,''),(417,'   ','45209001',' , 1',1,''),(418,'   ','45402001',' , 6',1,''),(419,'   ','45655001',' , 62',1,''),(420,'   ','45773001',' , 12',1,''),(421,' -  ','43002001','-  ,  29/2',1,''),(422,'   ','45805001',' -, 8',1,''),(423,'    ','43510001',' -, 12/4',1,''),(424,' --  ','46015001','- , 22 ',1,''),(425,'   ','46126001',' , 20',1,''),(426,'   ','43601001',' -, 3',1,''),(427,'   ','46711001','  , 1/3',1,''),(428,'   ','46614001',' . , 41/18',1,''),(429,'   ','40702001',' , 286',1,''),(430,'   ','46850001',' , 7',1,''),(431,'   ','42809001',' , 13',1,''),(432,'   ','46902001',' -, 68',1,''),(433,'   ','47003001',' , 88',1,''),(434,'   ','47102001',' , 48',1,''),(435,'   ','40813001',' , 154',1,''),(436,'   ','47501001','- , 58',1,''),(437,'   ','47601001',' , 74',1,''),(438,' -  ','46401001',' -, 47',1,''),(439,'   ','47888001',' , 7',1,''),(440,'- -   ','48327001',' , 2',1,''),(441,'- -   ','49133001',' , 84',1,''),(442,'- .  -  ','49033001',' , 4',1,''),(443,'-    ','47908001',' , 61',1,''),(444,'-    ','48405001',' -, 21',1,''),(445,'-    ','48073001',' , 3',1,''),(446,'  ','44525214',' ., . 8',1,'30101810245250000000'),(447,'','44525214','',1,''),(448,'','44525214','',1,''),(449,'-    ','42618001',' ., 1',1,''),(450,'-    ','48580001',' , 3',1,''),(451,'-    ','48602001','  , 10',1,''),(452,'-    ','48702001',' , 53',1,''),(453,'-     ','48860001',' , 67',1,''),(454,'-    ','48952001','. , 32',1,''),(455,'-   ()  ','49805001',' , 17',1,''),(456,'-    ','49205001',' , 37',1,''),(457,'-    ','49304001',' , 23',1,''),(458,'-    ','49514001','. , 26, . 1',1,''),(459,'-    ','49401001',' , 159',1,''),(460,'-    ','49690001',' , 5',1,''),(461,'-    ','49706001','  , 25',1,''),(462,'   ()- ','45402719',' , 29',1,'30101810700000000000'),(463,'','45402719','',1,''),(464,'-    ','44030819','. , . 126,  ,  97-',1,'30101810700000000000'),(465,'','44030819','',1,''),(466,'','44030819','',1,''),(467,'   ()  . ','45805755',' , 31',1,'30101810600000000000'),(468,'','45805755','',1,''),(469,'  ()','44525318','. , . 5',1,'30101810345250000000'),(470,'','44525318','',1,''),(471,'','44525318','',1,''),(472,'   ()  -','44030824','. , . 12-14, . ',1,'30101810440300000000'),(473,'','44030824','',1,''),(474,'     .-','44030765','.  .5',1,'30101810100000000000'),(475,'','44030765','',1,''),(476,'    ','42520780','.  , . 5',1,'30101810750042500000'),(477,'','42520780','',1,''),(478,'  ','44525163',' ,  8',1,'30101810300000000000'),(479,'','44525163','',1,''),(480,'','44525163','',1,''),(481,'    ','42520777','  , 40',1,'30101810750042500000'),(482,'','42520777','',1,''),(483,'   ','44525490','. , . 30/1, . 2',1,'30101810645250000000'),(484,'','44525490','',1,''),(485,'','44525490','',1,''),(486,'   ()  . ','43304705',' , 113 ',1,'30101810200000000000'),(487,'','43304705','',1,''),(488,'  ','44525630',' ,  2,  1',1,'30101810600000000000'),(489,'','44525630','',1,''),(490,'','44525630','',1,''),(491,'  ','44525444',' ,  82,  2',1,'30103810945250000000'),(492,'','44525444','',1,''),(493,' ','44525476','. 1- , . 5',1,'30101810245250000000'),(494,'','44525476','',1,''),(495,'','44525476','',1,''),(496,'  ','44525739','. , . 28',1,'30101810445250000000'),(497,'','44525739','',1,''),(498,'','44525739','',1,''),(499,'    ','44525051','. , .4',1,'30127810945250000000'),(500,'','44525051','',1,''),(501,'  -','44525268','. , . 5',1,'30101810945250000000'),(502,'','44525268','',1,''),(503,'','44525268','',1,''),(504,'-   () ','43601917',' -, 106 ,  1',1,'30101810000000000000'),(505,'','43601917','',1,''),(506,'','43601917','',1,''),(507,'-   ()  . ','49205734','. , .34',1,'30101810100000000000'),(508,'','49205734','',1,''),(509,'','49205734','',1,''),(510,'   ','43735001',' ,  58',1,''),(511,'  ()','44525333','.  , .1, . 1',1,'30103810645250000000'),(512,'','44525333','',1,''),(513,'   ','45081002','  ,  769',1,''),(514,'    ','42520767','29- , 15   2',1,'30101810350040000000'),(515,'','42520767','',1,''),(516,'  ()','44525402',' ,  2,  1,  1',1,'30101810100000000000'),(517,'','44525402','',1,''),(518,'','44525402','',1,''),(519,'   ','45354001',' ,   28',1,''),(520,' ','45339000',' ,  61',1,''),(521,'  N8588  ','47308602',' , 40 ',1,'30101810000000000000'),(522,'','47308602','',1,''),(523,'  N8618  ','49401601',' , 105',1,'30101810400000000000'),(524,'','49401601','',1,''),(525,'  N8595  ','45402601',' , 8',1,'30101810300000000000'),(526,'','45402601','',1,''),(527,'  N 8630  ','45805602',' -, 23/25',1,'30101810300000000000'),(528,'','45805602','',1,''),(529,'  N8605  ','41501601','- , 10 ',1,'30101810400000000000'),(530,'','41501601','',1,''),(531,'-  N8558  ','48405602',' , 2',1,'30101810300000000000'),(532,'','48405602','',1,''),(533,'  N8624  ','45655635',' , 81',1,'30101810000000000000'),(534,'','45655635','',1,''),(535,'  N8589  ','48952615',' , 30',1,'30101810100000000000'),(536,'','48952615','',1,''),(537,'  N8613  ','49706609',' -, 3',1,'30101810300000000000'),(538,'','49706609','',1,''),(539,'  N8592  ','41403633',' -, 52',1,'30101810100000000000'),(540,'','41403633','',1,''),(541,'  N 8639  ','42406608',' , 159',1,'30101810000000000000'),(542,'','42406608','',1,''),(543,'  N8607  ','42809679',' , 8',1,'30101810700000000000'),(544,'','42809679','',1,''),(545,'  N8596  ','43807606',' , 67',1,'30101810300000000000'),(546,'','43807606','',1,''),(547,'  N8593  ','44206604',' , 2',1,'30101810800000000000'),(548,'','44206604','',1,''),(549,'  N 8606  ','46126614',' , 19',1,'30101810500000000000'),(550,'','46126614','',1,''),(551,'  N8609  ','46614632','. -, 23',1,'30101810000000000000'),(552,'','46614632','',1,''),(553,'  N8594  ','46850649','  , 130',1,'30101810800000000000'),(554,'','46850649','',1,''),(555,'-  N8645  ','44442607',' , 11/11',1,'30101810300000000000'),(556,'','44442607','',1,''),(557,'','44442607','',1,''),(558,'  N 8629  ','44959698','- , 32-1',1,'30101810100000000000'),(559,'','44959698','',1,''),(560,'  N8628  ','48602673',' , 2',1,'30101810600000000000'),(561,'','48602673','',1,''),(562,'  N8615  ','43207612',' -, 53',1,'30101810200000000000'),(563,'','43207612','',1,''),(564,'  N 8634  ','45209673','  , 4,  1',1,'30101810900000000000'),(565,'','45209673','',1,''),(566,'  N8616  ','46902606','- , 90/1',1,'30101810800000000000'),(567,'','46902606','',1,''),(568,'  N8601  ','48142604',' , 3 ',1,'30101810400000000000'),(569,'','48142604','',1,''),(570,'   ','46577674',' , 67',1,'30101810500000000000'),(571,'','46577674','',1,''),(572,'','46577674','',1,''),(573,'    ()','44525588',' ,   26',1,'30101810845250000000'),(574,'','44525588','',1,''),(575,'','44525588','',1,''),(576,' ()','44525674','  ., . 14, .1',1,'30101810445250000000'),(577,'','44525674','',1,''),(578,'','44525674','',1,''),(579,'- -    .-','46577418',' , 57',1,'30101810465770000000'),(580,'','46577418','',1,''),(581,'  ','44525176','.  , . 47,  2',1,'30101810300000000000'),(582,'','44525176','',1,''),(583,'','44525176','',1,''),(584,'  .','44525678','.  ., . 7',1,'30103810245250000000'),(585,'','44525678','',1,''),(586,'     . ','44525917','. , . 48',1,'30101810445250000000'),(587,'','44525917','',1,''),(588,' ()','44525413','2-  ,  10',1,'30101810745250000000'),(589,'','44525413','',1,''),(590,'','44525413','',1,''),(591,'  ','44525901','. , . 43, . 3',1,'30101810545250000000'),(592,'','44525901','',1,''),(593,' ','45306000','. , . 30',1,''),(594,'   ','44525500',' .,  16',1,'30101810400000000000'),(595,'','44525500','',1,''),(596,'','44525500','',1,''),(597,'  ','44525097','1-  , . 13, .2',1,'30101810145250000000'),(598,'','44525097','',1,''),(599,'','44525097','',1,''),(600,' ','44525203',' ,  15,  1',1,'30101810845250000000'),(601,'','44525203','',1,''),(602,'','44525203','',1,''),(603,'  ()','44525082',' ,  11,  3',1,'30101810545250000000'),(604,'','44525082','',1,''),(605,'','44525082','',1,''),(606,'   ','44525200',' ,  28 \"\"\",  \"\"\"\"\"',1,'30101810945250000000'),(607,'','44525200','',1,''),(608,'','44525200','',1,''),(609,'    ','44525606','. , . 17/28',1,'30101810345250000000'),(610,'','44525606','',1,''),(611,'','44525606','',1,''),(612,'   ','44525683','. , . 54, . 1',1,'30101810000000000000'),(613,'','44525683','',1,''),(614,'','44525683','',1,''),(615,'   ()','44525451',' ,  6',1,'30101810545250000000'),(616,'','44525451','',1,''),(617,'','44525451','',1,''),(618,'   ','49205910',' , 2/27',1,'30101810500000000000'),(619,'','49205910','',1,''),(620,'  ','44525278',' ,  2',1,'30101810045250000000'),(621,'','44525278','',1,''),(622,'','44525278','',1,''),(623,'  ','44525125','.  , .16',1,'30103810345250000000'),(624,'','44525125','',1,''),(625,'-  ()','44525234','2-  ., . 3, . 1',1,'30101810445250000000'),(626,'','44525234','',1,''),(627,'','44525234','',1,''),(628,'  -','44525984','  ,  5,  15',1,'30101810000000000000'),(629,'','44525984','',1,''),(630,'','44525984','',1,''),(631,'  ()','44525646','  ,  13',1,'30103810345250000000'),(632,'','44525646','',1,''),(633,'','44525646','',1,''),(634,'  -','44525800','2-  ., . 7',1,'30101810345250000000'),(635,'','44525800','',1,''),(636,'','44525800','',1,''),(637,'   ','44525860','. , . 13/14, . 1',1,'30101810945250000000'),(638,'','44525860','',1,''),(639,'','44525860','',1,''),(640,' ---  ()','44525361',' ., 4, .2',1,'30101810500000000000'),(641,'','44525361','',1,''),(642,'','44525361','',1,''),(643,'   ','44525985','. , . 2, . 4',1,'30101810300000000000'),(644,'','44525985','',1,''),(645,'','44525985','',1,''),(646,'  ()','44525435',' ,  13',1,'30101810545250000000'),(647,'','44525435','',1,''),(648,'   ','44525360','. , . 24',1,'30101810445250000000'),(649,'','44525360','',1,''),(650,'','44525360','',1,''),(651,'    ','44525099',' , . 69, . 1',1,'30101810745250000000'),(652,'','44525099','',1,''),(653,'  ','44525631',' , . 69, . 1',1,'30101810145250000000'),(654,'','44525631','',1,''),(655,'','44525631','',1,''),(656,'-    ','48142001',' ,  7',1,''),(657,'   ','250000313',' -, 18',1,'40301810600000000000'),(658,'','250000313','',1,''),(659,'   ','45004799',' , 20',1,'30101810300000000000'),(660,'','45004799','',1,''),(661,'    ','44525688',' , .20',1,'30101810745250000000'),(662,'','44525688','',1,''),(663,'  ()','44705768','. , 17/24',1,'30101810600000000000'),(664,'','44705768','',1,''),(665,'   ','49082002','. . , . 110, .29',1,''),(666,'   ','45004641',' , 20',1,'30101810500000000000'),(667,'','45004641','',1,''),(668,'','45004641','',1,''),(669,'  - ()','45004837','  , 2',1,'30101810000000000000'),(670,'','45004837','',1,''),(671,'','45004837','',1,''),(672,'   ','40582002','. , . 41 ,    21',1,''),(673,' ','16081973','  ., .6, . 1',1,'40105810200000000000'),(674,'','16081973','',1,'40302810000000000000'),(675,'','16081973','',1,''),(676,'    . -','46401444',' , 78',1,'30101810864010000000'),(677,'','46401444','',1,''),(678,'    . ','45004861',' ,  25',1,'30101810450040000000'),(679,'','45004861','',1,''),(680,'  N8608  ','42908612',' , 21 ',1,'30101810100000000000'),(681,'','42908612','',1,''),(682,'  ','42202731',' , 33',1,'30101810522020000000'),(683,'','42202731','',1,''),(684,' ','47501787',' , 17 ',1,'30101810275010000000'),(685,'','47501787','',1,''),(686,'','47501787','',1,''),(687,'  ()','47516949',' , 17',1,'30101810700000000000'),(688,'','47516949','',1,''),(689,'','47516949','',1,''),(690,'-   () ','42202764','  , 65 ',1,'30101810700000000000'),(691,'','42202764','',1,''),(692,'','42202764','',1,''),(693,'  ','45773705',' , 68',1,'30101810400000000000'),(694,'','45773705','',1,''),(695,'  ','45209702','. , 7',1,'30101810750045200000'),(696,'','45209702','',1,''),(697,'  ()','48209395','  , 2 ',1,'30103810982090000000'),(698,'','48209395','',1,''),(699,'    ','46577743',' , 58',1,'30101810965770000000'),(700,'','46577743','',1,''),(701,'    ','44705301',' , 21',1,'30103810900000000000'),(702,'','44705301','',1,''),(703,'    ','46015064',' , .2/23',1,'30101810460150000000'),(704,'','46015064','',1,''),(705,'   ','284000103',' ., 1',1,'40301810500000000000'),(706,'','284000103','',1,''),(707,' ','43209740','. , 89',1,'30101810600000000000'),(708,'','43209740','',1,''),(709,'','43209740','',1,''),(710,'   ','46015239',' , .22',1,'30101810400000000000'),(711,'','46015239','',1,''),(712,'- ()','40349966',' , 113',1,'30101810600000000000'),(713,'','40349966','',1,''),(714,'   -','45004774',' , 52',1,'30101810600000000000'),(715,'','45004774','',1,''),(716,' ','41203715',' , 3',1,'30101810400000000000'),(717,'','41203715','',1,''),(718,'   ','41480100','.  , . 139',1,'40116810940802300000'),(719,'','41480100','',1,''),(720,'   ','46577903',' , 41',1,'30101810200000000000'),(721,'','46577903','',1,''),(722,'   ()  . ','40349521',' , 13/1',1,'30101810100000000000'),(723,'','40349521','',1,''),(724,'  ','48327741',' , 77',1,'30101810700000000000'),(725,'','48327741','',1,''),(726,'   ()','44525517','. , . 4, . 1',1,'30101810845250000000'),(727,'','44525517','',1,''),(728,'  ','43469751',' , 1',1,'30101810800000000000'),(729,'','43469751','',1,''),(730,'','43469751','',1,''),(731,'   () -  ','40813700','. , . 4',1,'30101810100000000000'),(732,'','40813700','',1,''),(733,'  ()','46126701',' , 110',1,'30101810400000000000'),(734,'','46126701','',1,''),(735,'  ','42809953',' , 3',1,'30101810928090000000'),(736,'','42809953','',1,''),(737,' -','42520840',' , 29',1,'30101810000000000000'),(738,'','42520840','',1,''),(739,'- -    .','44525754','. , . 11, . 1',1,'30101810145250000000'),(740,'','44525754','',1,''),(741,'  ()','48405718',' -, 26',1,'30101810100000000000'),(742,'','48405718','',1,''),(743,'','48405718','',1,''),(744,'  ','42908748',' , 147',1,'30101810100000000000'),(745,'','42908748','',1,''),(746,'  ','46850755',' , 118',1,'30101810600000000000'),(747,'','46850755','',1,''),(748,'','46850755','',1,''),(749,' ','43469720',' , 36',1,'30101810200000000000'),(750,'','43469720','',1,''),(751,'- ()','46126708',' , 82/26',1,'30101810500000000000'),(752,'','46126708','',1,''),(753,'','46126708','',1,''),(754,'     . ','46577446','  , 15',1,'30101810165770000000'),(755,'','46577446','',1,''),(756,'   ','100070010','.  , 54 \"\"\"\"',1,''),(757,'  ','42406718',' ,  2',1,'30101810000000000000'),(758,'','42406718','',1,''),(759,'  -','44525440','.  , . 18, . 2',1,'30101810145250000000'),(760,'','44525440','',1,''),(761,'   ','40349815',' , 41',1,'30101810900000000000'),(762,'','40349815','',1,''),(763,'    ','49205702',' , 21-1',1,'30101810200000000000'),(764,'','49205702','',1,''),(765,'  ','43735830',' , 78',1,'30101810700000000000'),(766,'','43735830','',1,''),(767,'     . ','43678944','  , 8',1,'30101810800000000000'),(768,'','43678944','',1,''),(769,'  ','43735821','  , 124 ',1,'30101810900000000000'),(770,'','43735821','',1,''),(771,'  ','47102802','  , 68,  2/1',1,'30101810565777100000'),(772,'','47102802','',1,''),(773,'    ','45004883','. , . 35',1,'30101810250040000000'),(774,'','45004883','',1,''),(775,'  ','47169742',' , 68',1,'30101810000000000000'),(776,'','47169742','',1,''),(777,'  ','47169777','- , 18 ',1,'30101810800000000000'),(778,'','47169777','',1,''),(779,'  ','45354885','  .. , 25',1,'30101810400000000000'),(780,'','45354885','',1,''),(781,'','45354885','',1,''),(782,'  ()','45354860',' , 35/1',1,'30101810700000000000'),(783,'','45354860','',1,''),(784,'','45354860','',1,''),(785,' -','45354814',' , 14',1,'30101810400000000000'),(786,'','45354814','',1,''),(787,' ','47501711','  , 80',1,'30101810400000000000'),(788,'','47501711','',1,''),(789,'','47501711','',1,''),(790,'  ()','47102658',' , 65',1,'30101810900000000000'),(791,'','47102658','',1,''),(792,'   -','41012764',' , 4, . IX',1,'30101810000000000000'),(793,'','41012764','',1,''),(794,'  ','44525184','- , . , . 36, . 1',1,'30101810800000000000'),(795,'','44525184','',1,''),(796,'  ()','44525696',' .,  19/38,  2',1,'30103810845250000000'),(797,'','44525696','',1,''),(798,'','44525696','',1,''),(799,'  ','44525464','. , . 29, .134',1,'30101810545250000000'),(800,'','44525464','',1,''),(801,'','44525464','',1,''),(802,'    ','40507883','. ,  48',1,'30101810205070000000'),(803,'','40507883','',1,''),(804,'   ','40881100',' , 41',1,'40116810400000000000'),(805,'','40881100','',1,''),(806,'    ','42202841',' , 46',1,'30101810500000000000'),(807,'','42202841','',1,''),(808,'-    ','44030710',' -, 57   . 13, 21 ',1,'30101810100000000000'),(809,'','44030710','',1,''),(810,'    ','46577909','- , 20 ',1,'30101810000000000000'),(811,'','46577909','',1,''),(812,'    ()','47173611',' 2, 24',1,'30101810400000000000'),(813,'','47173611','',1,''),(814,'  8611  ','41708602','- , 36',1,'30101810000000000000'),(815,'','41708602','',1,''),(816,'   ','44030879','. ,  3,  2,  ',1,'30101810440300000000'),(817,'','44030879','',1,''),(818,' ','43209770',' ,  7,  181',1,'30101810900000000000'),(819,'','43209770','',1,''),(820,'    ','43601707',' , 150',1,'30101810722023600000'),(821,'','43601707','',1,''),(822,'  ()','49205772',' , 2',1,'30101810900000000000'),(823,'','49205772','',1,''),(824,'','49205772','',1,''),(825,'   ','49205844',' , 1',1,'30101810100000000000'),(826,'','49205844','',1,''),(827,'','49205844','',1,''),(828,'   ','46709002','.  , . 30',1,''),(829,'   ','49626002','/ 576',1,''),(830,'   - ','46614754',' , 4',1,'30101810700000000000'),(831,'','46614754','',1,''),(832,'-   () ','40507886','. , 109 ',1,'30101810105070000000'),(833,'','40507886','',1,''),(834,'','40507886','',1,''),(835,'  ()','44525105',' , . 14, . 2',1,'30101810300000000000'),(836,'','44525105','',1,''),(837,'','44525105','',1,''),(838,'  ','41403701',' -, 73',1,'30101810100000000000'),(839,'','41403701','',1,''),(840,'  ()','44525951','.  , .20, . 1',1,'30101810045250000000'),(841,'','44525951','',1,''),(842,'','44525951','',1,''),(843,'- -    ','47162812',' , 38',1,'30101810465777100000'),(844,'','47162812','',1,''),(845,'  ','44525677','. , . 82 . 2',1,'30101810345250000000'),(846,'','44525677','',1,''),(847,'','44525677','',1,''),(848,' ','46015804','-  , 32 ',1,'30101810000000000000'),(849,'','46015804','',1,''),(850,'  ','44525050','. , . 10',1,'30103810745374500000'),(851,'','44525050','',1,''),(852,'  ','42908762',' , 6',1,'30101810500000000000'),(853,'','42908762','',1,''),(854,'','42908762','',1,''),(855,'    ','45004864',' , 30',1,'30101810350040000000'),(856,'','45004864','',1,''),(857,'-   ()  .','43207748',' -, 32,  7',1,'30101810200000000000'),(858,'','43207748','',1,''),(859,'','43207748','',1,''),(860,' ','46577881',' , 36',1,'30101810500000000000'),(861,'','46577881','',1,''),(862,'   ()  .  ','42202837',' , 4  78',1,'30101810200000000000'),(863,'','42202837','',1,''),(864,'','42202837','',1,''),(865,'   ','44525185','. , . 5',1,'30101810100000000000'),(866,'','44525185','',1,''),(867,'','44525185','',1,''),(868,'    ','45004833','- , 4/1',1,'30101810750040000000'),(869,'','45004833','',1,''),(870,'-    ','44030874','  , . 13,  ,  2  1, 4-6, 2 ',1,'30101810800000000000'),(871,'','44030874','',1,''),(872,'  ','46577756',' , 75',1,'30101810800000000000'),(873,'','46577756','',1,''),(874,'','46577756','',1,''),(875,'  ','46577993',' , 83',1,'30101810100000000000'),(876,'','46577993','',1,''),(877,'   ','42202847','. ,  61,  1',1,'30101810300000000000'),(878,'','42202847','',1,''),(879,' ','289000040',' , 26',1,'40202810700000000000'),(880,'','289000040','',1,'40301810300000000000'),(881,'','289000040','',1,''),(882,' ','40349718',' . , 176',1,'30101810900000000000'),(883,'','40349718','',1,''),(884,'  ()','43002717',' , 5/1',1,'30101810100000000000'),(885,'','43002717','',1,''),(886,'','43002717','',1,''),(887,'    ','42809903',' , 12',1,'30101810900000000000'),(888,'','42809903','',1,''),(889,'   () -  . ','48717785','- , 1',1,'30101810000000000000'),(890,'','48717785','',1,''),(891,'  . ','44588101','3-  , 3,  1',1,'40116810300000000000'),(892,'','44588101','',1,''),(893,'  - ()  . ','40702793',' , 319',1,'30101810007020000000'),(894,'','40702793','',1,''),(895,'   ','44782100','- , 14/2',1,'40116810900000000000'),(896,'','44782100','',1,'40116810547820000000'),(897,'','44782100','',1,'40116810947820000000'),(898,'','44782100','',1,''),(899,' ','293000016',' , 18',1,'40202810300000000000'),(900,'','293000016','',1,'40301810900000000000'),(901,'','293000016','',1,''),(902,'  ','46015860','- , 102',1,'30101810400000000000'),(903,'','46015860','',1,''),(904,'  ','44584101','.  , .11, .1',1,'40116810540800000000'),(905,'','44584101','',1,''),(906,'     -','44030733',' - . 94, . 2 .  . 4-',1,'30101810340300000000'),(907,'','44030733','',1,''),(908,'-    ','48209001',' ,  1',1,''),(909,'-  - ()  .--','46015051',' , 117',1,'30101810460150000000'),(910,'','46015051','',1,''),(911,'   ','47144778',' , 15 ',1,'30101810165777100000'),(912,'','47144778','',1,''),(913,'   ','47102870',' , 11',1,'30101810500000000000'),(914,'','47102870','',1,''),(915,'','47102870','',1,''),(916,'   ','47475001','. , 5',1,''),(917,'   ','44697100',' , 5',1,'40116810946970000000'),(918,'','44697100','',1,''),(919,'    ','47003792','. , .25',1,'30101810300000000000'),(920,'','47003792','',1,''),(921,'   - ','41946748','. , .4',1,'30101810500000000000'),(922,'','41946748','',1,''),(923,'   ()  .','40407777','. , . 46',1,'30101810200000000000'),(924,'','40407777','',1,''),(925,'','40407777','',1,''),(926,'  ','100070013','.   84',1,''),(927,'   ','100070008',' , . ,  5',1,''),(928,'  ','100070011','- . , .  37/1',1,''),(929,'  ','44525311',' , .16, . 2',1,'30101810000000000000'),(930,'','44525311','',1,''),(931,'','44525311','',1,''),(932,'  ()','44525095',' ,  1,  1/5',1,'30101810545250000000'),(933,'','44525095','',1,''),(934,'','44525095','',1,''),(935,'    ','40407523','.  ,  62,   25, 26, 27',1,'30101810650040000000'),(936,'','40407523','',1,''),(937,'   ()','44525053','.  , . 24, . 2, . I, . 1-29',1,'30103810145250000000'),(938,'','44525053','',1,''),(939,'-   () -','40407877','. , 10, . 4-14',1,'30101810100000000000'),(940,'','40407877','',1,''),(941,'','40407877','',1,''),(942,'   ','49514745',' , 73',1,'30101810900000000000'),(943,'','49514745','',1,''),(944,'','49514745','',1,''),(945,'   ','40349556',' , 395',1,'30101810900000000000'),(946,'','40349556','',1,''),(947,'- -   .-','48142744',' , 49',1,'30101810700000000000'),(948,'','48142744','',1,''),(949,'  ','44525494','.  , . 1,  1,  1-30',1,'30101810600000000000'),(950,'','44525494','',1,''),(951,'','44525494','',1,''),(952,'   -  ','47102861','. , . 11',1,'30101810700000000000'),(953,'','47102861','',1,''),(954,'   () -  ','47102804','. , . 11',1,'30101810000000000000'),(955,'','47102804','',1,''),(956,'  - ','47102885','. , . 11',1,'30101810100000000000'),(957,'','47102885','',1,''),(958,'- -    ','48327780',' , 167',1,'30101810083270000000'),(959,'','48327780','',1,''),(960,'   ','41401002','.  . 8',1,''),(961,'    82466','40053002','  82466',1,''),(962,' ','46311722',' , 28',1,'30101810100000000000'),(963,'','46311722','',1,''),(964,'','46311722','',1,''),(965,'  ','44030747',' , 11',1,'30101810500000000000'),(966,'','44030747','',1,''),(967,'','44030747','',1,''),(968,'     -  ','49401869',' , 268',1,'30101810200000000000'),(969,'','49401869','',1,''),(970,'    -  ','42406707',' , 4',1,'30101810600000000000'),(971,'','42406707','',1,''),(972,'   ','47501742','. , 4',1,'30101810000000000000'),(973,'','47501742','',1,''),(974,'   ()','47501751','. , 4',1,'30101810800000000000'),(975,'','47501751','',1,''),(976,'  -','47501843','. , 4',1,'30101810200000000000'),(977,'','47501843','',1,''),(978,'   -  ','41708708',' , 4',1,'30101810700000000000'),(979,'','41708708','',1,''),(980,' .   -','45773707','. , . 57, . 208',1,'30101810000000000000'),(981,'','45773707','',1,''),(982,' ','44525728','.  , . 12, . 4',1,'30101810045250000000'),(983,'','44525728','',1,''),(984,'-     .--','46015066','. ,  170',1,'30101810060150000000'),(985,'','46015066','',1,''),(986,'     ','46015061',' ,  234',1,'30101810560150000000'),(987,'','46015061','',1,''),(988,'','46015061','',1,''),(989,'  -','46015762','- , 62',1,'30101810100000000000'),(990,'','46015762','',1,''),(991,'','46015762','',1,''),(992,'   ','44674100',' , 5',1,'40116810500000000000'),(993,'','44674100','',1,''),(994,'  . ','4525988','3-  , 3,  1',1,'40102810545370000000'),(995,'','4525988','',1,'40816810445250000000'),(996,'','4525988','',1,''),(997,'   ','4525987',' , 5',1,'40102810845370000000'),(998,'','4525987','',1,'40816810345250000000'),(999,'','4525987','',1,''),(1000,'  -  -','7162163','  , 12',1,'40102810245370000000'),(1001,'','7162163','',1,''),(1002,'   -  ','7182108',' , 43',1,'40102810145370000000'),(1003,'','7182108','',1,''),(1004,'   ','10407105','  , 44 ',1,'40102810245370000000'),(1005,'','10407105','',1,'40116810304070000000'),(1006,'','10407105','',1,'40816810650040000000'),(1007,'','10407105','',1,''),(1008,'   ','10702101',' , 1 ',1,'40102810345370000000'),(1009,'','10702101','',1,'40816810100020000000'),(1010,'','10702101','',1,''),(1011,'   ','10813050',' , 41',1,'40102810845370000000'),(1012,'','10813050','',1,'40816810400000000000'),(1013,'','10813050','',1,''),(1014,'   ','11012100',' , 108',1,'40102810245370000000'),(1015,'','11012100','',1,''),(1016,' -','44525257',' ,  19',1,'30101810545250000000'),(1017,'','44525257','',1,''),(1018,'  ','44525567','. , . 23, . 2',1,'30101810345250000000'),(1019,'','44525567','',1,''),(1020,'  ','44525202','. , . 8-10, . 1',1,'30101810300000000000'),(1021,'','44525202','',1,''),(1022,'','44525202','',1,''),(1023,'.-   ..','40407853','.  ,  62',1,'30101810700000000000'),(1024,'','40407853','',1,''),(1025,' -','43601742',' , 14',1,'30101810236010000000'),(1026,'','43601742','',1,''),(1027,'','43601742','',1,''),(1028,'-   () ','46577411',' , 134 ',1,'30101810365770000000'),(1029,'','46577411','',1,''),(1030,'','46577411','',1,''),(1031,'   ','11203901',' , 6 ',1,'40102810445370000000'),(1032,'','11203901','',1,'40116810612030000000'),(1033,'','11203901','',1,'40816810503490000000'),(1034,'','11203901','',1,''),(1035,'   ','11403102','- . , 139',1,'40102810745370000000'),(1036,'','11403102','',1,'40116810214030000000'),(1037,'','11403102','',1,''),(1038,'   ','11501101',' , 61',1,'40102810245370000000'),(1039,'','11501101','',1,'40816810100000000000'),(1040,'','11501101','',1,''),(1041,'   ','11909101',' , 10',1,'40102810445370000000'),(1042,'','11909101','',1,''),(1043,'   ','12007084',' , 15 ',1,'40102810945370000000'),(1044,'','12007084','',1,'40816810745250000000'),(1045,'','12007084','',1,''),(1046,'   ','12202102',',  1 ',1,'40102810745370000000'),(1047,'','12202102','',1,'40816810922020000000'),(1048,'','12202102','',1,''),(1049,'   ','12406500','. , 21',1,'40102810645370000000'),(1050,'','12406500','',1,'40116810824060000000'),(1051,'','12406500','',1,'40816810524060000000'),(1052,'','12406500','',1,''),(1053,'   ','12520101',' , 1',1,'40102810145370000000'),(1054,'','12520101','',1,''),(1055,'   ','12618001',' ., 7',1,'40102810345370000000'),(1056,'','12618001','',1,'40116810803490000000'),(1057,'','12618001','',1,'40116810126180000000'),(1058,'','12618001','',1,''),(1059,'   ','12748051',' , 27 ',1,'40102810545370000000'),(1060,'','12748051','',1,'40816810840300000000'),(1061,'','12748051','',1,''),(1062,'   ','12809106',' , 53 ',1,'40102810545370000000'),(1063,'','12809106','',1,'40816810200000000000'),(1064,'','12809106','',1,''),(1065,'   ','12908002','  , 39',1,'40102810045370000000'),(1066,'','12908002','',1,'40816810329080000000'),(1067,'','12908002','',1,''),(1068,'   ','13002402','. , 89',1,'40102810945370000000'),(1069,'','13002402','',1,''),(1070,'   ','13304182','  , 69',1,'40102810345370000000'),(1071,'','13304182','',1,''),(1072,'   ','13469126',' , 8',1,'40102810945370000000'),(1073,'','13469126','',1,''),(1074,'   ','13510002',' , 19',1,'40102810645370000000'),(1075,'','13510002','',1,''),(1076,'   ','13601205',' -, 24 ',1,'40102810545370000000'),(1077,'','13601205','',1,''),(1078,'   ','13735150',' , 23',1,'40102810345370000000'),(1079,'','13735150','',1,'40816810800000000000'),(1080,'','13735150','',1,''),(1081,'   ','13807906',' , 22',1,'40102810545370000000'),(1082,'','13807906','',1,'40816810138070000000'),(1083,'','13807906','',1,''),(1084,'   ','14206212',' , 5',1,'40102810945370000000'),(1085,'','14206212','',1,''),(1086,'   ','14442501',' , 25,  1',1,'40102810945370000000'),(1087,'','14442501','',1,'40816810544420000000'),(1088,'','14442501','',1,''),(1089,'   ','14705901','- , 14/2',1,'40102810745370000000'),(1090,'','14705901','',1,'40816810600000000000'),(1091,'','14705901','',1,''),(1092,'   ','14959900',' , 10',1,'40102810145370000000'),(1093,'','14959900','',1,''),(1094,'   ','15004950',' , 3/1',1,'40102810445370000000'),(1095,'','15004950','',1,'40816810650040000000'),(1096,'','15004950','',1,''),(1097,'   ','15209001',' , 9',1,'40102810245370000000'),(1098,'','15209001','',1,'40116810952090000000'),(1099,'','15209001','',1,'40816810200000000000'),(1100,'','15209001','',1,''),(1101,'   ','15354008',' , 20',1,'40102810545370000000'),(1102,'','15354008','',1,'40816810765770600000'),(1103,'','15354008','',1,''),(1104,'   ','15402901',' , 7',1,'40102810545370000000'),(1105,'','15402901','',1,'40816810645250000000'),(1106,'','15402901','',1,''),(1107,'   ','15655003',' , 11',1,'40102810045370000000'),(1108,'','15655003','',1,''),(1109,'    ()','43601592','  , 238 ',1,'30103810300000000000'),(1110,'','43601592','',1,''),(1111,'','43601592','',1,''),(1112,'   ','15773997',' , 55 ',1,'40102810145370000000'),(1113,'','15773997','',1,'40816810065770300000'),(1114,'','15773997','',1,''),(1115,'   ','15805002',' , 55/78',1,'40102810145370000000'),(1116,'','15805002','',1,'40816810440300000000'),(1117,'','15805002','',1,''),(1118,'   ','16015102',' , 7/2',1,'40102810845370000000'),(1119,'','16015102','',1,'40816810303490000000'),(1120,'','16015102','',1,''),(1121,'   ','16126031',' , 3',1,'40102810345370000000'),(1122,'','16126031','',1,'40816810645250000000'),(1123,'','16126031','',1,''),(1124,'   ','16311121',' , 1/6',1,'40102810845370000000'),(1125,'','16311121','',1,'40816810822020000000'),(1126,'','16311121','',1,''),(1127,'   ','16401800','  , 34',1,'40102810845370000000'),(1128,'','16401800','',1,'40816810964010000000'),(1129,'','16401800','',1,''),(1130,'   ','16614901',' , 7',1,'40102810445370000000'),(1131,'','16614901','',1,'40116810545376600000'),(1132,'','16614901','',1,'40116810845376600000'),(1133,'','16614901','',1,'40116810145376600000'),(1134,'','16614901','',1,'40116810445376600000'),(1135,'','16614901','',1,'40116810745376600000'),(1136,'','16614901','',1,'40116810045376600000'),(1137,'','16614901','',1,'40116810345376600000'),(1138,'','16614901','',1,'40116810645376600000'),(1139,'','16614901','',1,'40816810445250000000'),(1140,'','16614901','',1,''),(1141,'  . ','16711001',' , 9',1,'40102810045370000000'),(1142,'','16711001','',1,'40816810303490000000'),(1143,'','16711001','',1,''),(1144,'   ','16850200','  , 132',1,'40102810645370000000'),(1145,'','16850200','',1,''),(1146,'   ','16902004','- , 27',1,'40102810245370000000'),(1147,'','16902004','',1,'40116810400000000000'),(1148,'','16902004','',1,'40816810900000000000'),(1149,'','16902004','',1,''),(1150,'   ','17003983',' , 18',1,'40102810445370000000'),(1151,'','17003983','',1,'40816810845250000000'),(1152,'','17003983','',1,''),(1153,'   ','17102101',' , 36',1,'40102810945370000000'),(1154,'','17102101','',1,'40816810171020000000'),(1155,'','17102101','',1,''),(1156,'   ','17308101',' , 50/1',1,'40102810645370000000'),(1157,'','17308101','',1,'40816810322020000000'),(1158,'','17308101','',1,''),(1159,'   ','17501500',' , 4',1,'40102810645370000000'),(1160,'','17501500','',1,'40816810965770200000'),(1161,'','17501500','',1,''),(1162,'   ()','48702781',' , 68',1,'30101810000000000000'),(1163,'','48702781','',1,''),(1164,'','48702781','',1,''),(1165,'    ','17719101',' , 10',1,'40102810745370000000'),(1166,'','17719101','',1,''),(1167,'   ','17888102','  , 16,  7',1,'40102810245370000000'),(1168,'','17888102','',1,'40816810845250000000'),(1169,'','17888102','',1,''),(1170,'   ','17908101',' , 18',1,'40102810145370000000'),(1171,'','17908101','',1,'40816810300000000000'),(1172,'','17908101','',1,''),(1173,'   ','18073401',' , 62',1,'40102810045370000000'),(1174,'','18073401','',1,''),(1175,'   ','18142016',' , 12',1,'40102810545370000000'),(1176,'','18142016','',1,'40816810100000000000'),(1177,'','18142016','',1,''),(1178,'   ','18209001','  , 93',1,'40102810945370000000'),(1179,'','18209001','',1,'40816810500000000000'),(1180,'','18209001','',1,''),(1181,'    ','18405033',' , 4',1,'40102810045370000000'),(1182,'','18405033','',1,''),(1183,'   ','18580010',' , 242',1,'40102810245370000000'),(1184,'','18580010','',1,''),(1185,'   ','18602104',' , 21',1,'40102810945370000000'),(1186,'','18602104','',1,'40816810540300000000'),(1187,'','18602104','',1,''),(1188,'   ','18702501',' , 45',1,'40102810245370000000'),(1189,'','18702501','',1,''),(1190,'    ','18860003',' , 85',1,'40102810545370000000'),(1191,'','18860003','',1,''),(1192,'   ','18952501',' , 33,  1',1,'40102810345370000000'),(1193,'','18952501','',1,'40816810522020000000'),(1194,'','18952501','',1,''),(1195,'     - ','19033100',' , 24',1,'40102810945370000000'),(1196,'','19033100','',1,'40816810690330000000'),(1197,'','19033100','',1,''),(1198,'   -  ','46577406',' , 2 ',1,'30101810765770000000'),(1199,'','46577406','',1,''),(1200,'  ','44525450','  , . 20, . 2',1,'30101810245250000000'),(1201,'','44525450','',1,''),(1202,'  - ','19133001',' , 70 ',1,'40102810245370000000'),(1203,'','19133001','',1,''),(1204,'   ','19205400',' , 31',1,'40102810445370000000'),(1205,'','19205400','',1,'40816810692050000000'),(1206,'','19205400','',1,''),(1207,'   ','19401100','  , 8',1,'40102810545370000000'),(1208,'','19401100','',1,''),(1209,'   ','19514901',' , 41',1,'40102810845370000000'),(1210,'','19514901','',1,''),(1211,'   ','19690001','-. . .., 7/84',1,'40102810945370000000'),(1212,'','19690001','',1,'40816810145370000000'),(1213,'','19690001','',1,''),(1214,'   ','19706900',' , 2,  1',1,'40102810945370000000'),(1215,'','19706900','',1,''),(1216,'    ()','19805001',' , 19',1,'40102810345370000000'),(1217,'','19805001','',1,''),(1218,'    ','19923923',' , 1',1,'40102810445370000000'),(1219,'','19923923','',1,''),(1220,'       ','11117401','  , 2',1,'40102810045370000000'),(1221,'','11117401','',1,'40102810045370000000'),(1222,'','11117401','',1,'40816810440300000000'),(1223,'','11117401','',1,''),(1224,'   ','10349101',' , 155',1,'40102810945370000000'),(1225,'','10349101','',1,'40102810045370000000'),(1226,'','10349101','',1,'40816810400000000000'),(1227,'','10349101','',1,''),(1228,'   ','40583002','. , . 261',1,''),(1229,'  ','44525215','  ,  24',1,'30101810545250000000'),(1230,'','44525215','',1,''),(1231,'','44525215','',1,''),(1232,' ---  ()','44525351',' ,  2,  2',1,'30101810400000000000'),(1233,'','44525351','',1,''),(1234,'','44525351','',1,''),(1235,'  ','44525512',' , . 2',1,'30101810100000000000'),(1236,'','44525512','',1,''),(1237,'','44525512','',1,''),(1238,'    ','44525733',' ., . 2, . 2',1,'30101810400000000000'),(1239,'','44525733','',1,''),(1240,'','44525733','',1,''),(1241,'   - ()','40407702','. ,  12',1,'30101810000000000000'),(1242,'','40407702','',1,''),(1243,'   ()  . ','40813727',' , 7',1,'30101810400000000000'),(1244,'','40813727','',1,''),(1245,'','40813727','',1,''),(1246,' - ()','44525109','1-  ., . 23',1,'30101810745250000000'),(1247,'','44525109','',1,''),(1248,'','44525109','',1,''),(1249,'  ','45655707',' , 104',1,'30101810200000000000'),(1250,'','45655707','',1,''),(1251,'  ','44525101',' ,  5',1,'30101810100000000000'),(1252,'','44525101','',1,''),(1253,'','44525101','',1,''),(1254,'    ()','44525610','.  ., . 11, . 1',1,'30101810645250000000'),(1255,'','44525610','',1,''),(1256,'-   ()  . ','44525576','. , . 15, . 1',1,'30101810145250000000'),(1257,'','44525576','',1,''),(1258,'','44525576','',1,''),(1259,'    ','44525092','. , . 2, . 1',1,'30101810645250000000'),(1260,'','44525092','',1,''),(1261,' ','44525308','  , . 5',1,'30101810245250000000'),(1262,'','44525308','',1,''),(1263,'','44525308','',1,''),(1264,'   ','44525340','. , . 6',1,'30101810000000000000'),(1265,'','44525340','',1,''),(1266,'','44525340','',1,''),(1267,' ','44525673',' ,  5',1,'30101810900000000000'),(1268,'','44525673','',1,''),(1269,'','44525673','',1,''),(1270,'   ','19304100',' , 76 ',1,'40102810945370000000'),(1271,'','19304100','',1,'40816810700000000000'),(1272,'','19304100','',1,''),(1273,'  ','43304711',' , 40',1,'30101810100000000000'),(1274,'','43304711','',1,''),(1275,'  ','43304757',', 12',1,'30101810300000000000'),(1276,'','43304757','',1,''),(1277,'  ','46015052','.1- , .13/11',1,'30101810760150000000'),(1278,'','46015052','',1,''),(1279,'','46015052','',1,''),(1280,'   - ','44030924',' , 4',1,'30101810340300000000'),(1281,'','44030924','',1,''),(1282,'  ','44525782','.  , . 35,  1,  2',1,'30101810845250000000'),(1283,'','44525782','',1,''),(1284,'','44525782','',1,''),(1285,'  ','47501799',' , 19',1,'30101810600000000000'),(1286,'','47501799','',1,''),(1287,'  ()','45209885',' .., 9',1,'30103810052090000000'),(1288,'','45209885','',1,''),(1289,'  -     ','49205931','. , . 4',1,'30101810022029200000'),(1290,'','49205931','',1,''),(1291,' - () ','45805722',' , 2',1,'30101810400000000000'),(1292,'','45805722','',1,''),(1293,' -','42202705',' , 6',1,'30101810400000000000'),(1294,'','42202705','',1,''),(1295,'','42202705','',1,''),(1296,' -','46311890','  , 21',1,'30101810022026300000'),(1297,'','46311890','',1,''),(1298,'-   ','44030752','.  , 35   . 2',1,'30101810100000000000'),(1299,'','44030752','',1,''),(1300,'   ','44525706',' ,  2,  204',1,'30103810845250000000'),(1301,'','44525706','',1,''),(1302,'','44525706','',1,''),(1303,'   ()  . ','42007835','- , 58',1,'30101810100000000000'),(1304,'','42007835','',1,''),(1305,'','42007835','',1,''),(1306,'  3652   ()','42007855',' , 31',1,'30101810545250000000'),(1307,'','42007855','',1,''),(1308,'','42007855','',1,''),(1309,'   ','16577551',' , 34',1,'40102810645370000000'),(1310,'','16577551','',1,'40816810500000000000'),(1311,'','16577551','',1,''),(1312,'-   ()','44525052',' ,  38,  1,  2,  1,  2, 3',1,'30103810845250000000'),(1313,'','44525052','',1,''),(1314,'','44525052','',1,''),(1315,' ','43510123',' , 13',1,'30101810835100000000'),(1316,'','43510123','',1,''),(1317,'   ','43469001','. , . 5,  1',1,''),(1318,'    82482','40052002','  82482',1,''),(1319,'    82431','40051002','  82431',1,''),(1320,'    82568','40054002','  82568',1,''),(1321,'  ()- ','48142736',' , 28',1,'30101810200000000000'),(1322,'','48142736','',1,''),(1323,'   ','44600002','. , .22',1,''),(1324,'  -    ','45306818','. ,19',1,'30101810900000000000'),(1325,'','45306818','',1,''),(1326,'   ()- ','42520764','. , 4',1,'30101810450040000000'),(1327,'','42520764','',1,''),(1328,'   -  ','41909772',' , 4',1,'30101810500000000000'),(1329,'','41909772','',1,''),(1330,'  ','43510101',' , 24',1,'30101810035100000000'),(1331,'','43510101','',1,''),(1332,'  ','42520842','. , . 43',1,'30101810850042500000'),(1333,'','42520842','',1,''),(1334,'','42520842','',1,''),(1335,'  !','44525732','. , . 76, . 1',1,'30101810100000000000'),(1336,'','44525732','',1,''),(1337,'','44525732','',1,''),(1338,'   ','40703100','3- ., .14',1,'40116810960800000000'),(1339,'','40703100','',1,''),(1340,'   ','44030826','. , .21, .2, .',1,'30101810900000000000'),(1341,'','44030826','',1,'40701810540300000000'),(1342,'','44030826','',1,''),(1343,'','44030826','',1,''),(1344,'   ','42785002',' , 7',1,''),(1345,'  ','40173771','  , 38 ',1,'30101810900000000000'),(1346,'','40173771','',1,''),(1347,'    ','43601777','. /, .178/12',1,'30101810800000000000'),(1348,'','43601777','',1,''),(1349,'    ()  ','47003779',' , 4',1,'30101810200000000000'),(1350,'','47003779','',1,''),(1351,'   ','40407001','. , . 70',1,''),(1352,'   ','256001199',' , 49',1,'40301810000000000000'),(1353,'','256001199','',1,''),(1354,'  ()','43207793','  , 12',1,'30101810200000000000'),(1355,'','43207793','',1,''),(1356,'  ','100070019','   1 \"\"\"\"',1,''),(1357,'  -','44030790',' -, 64  ',1,'30101810900000000000'),(1358,'','44030790','',1,''),(1359,'','44030790','',1,''),(1360,'  ','44030755',' -, 46 . 2 . ',1,'30101810000000000000'),(1361,'','44030755','',1,''),(1362,'','44030755','',1,''),(1363,'-   ','44030653','  , 2',1,'30101810500000000000'),(1364,'','44030653','',1,''),(1365,'','44030653','',1,''),(1366,'  ()','42748701',' , 83',1,'30101810800000000000'),(1367,'','42748701','',1,''),(1368,'','42748701','',1,''),(1369,' ','44030814','. , . 15,  ',1,'30101810200000000000'),(1370,'','44030814','',1,''),(1371,'','44030814','',1,''),(1372,'  ','44030852','. , . 42,  ',1,'30101810000000000000'),(1373,'','44030852','',1,''),(1374,'','44030852','',1,''),(1375,'  ','44030505',' , 12/23',1,'30105810900000000000'),(1376,'','44030505','',1,''),(1377,'','44030505','',1,''),(1378,'   ','40507871',' , 11',1,'30101810300000000000'),(1379,'','40507871','',1,''),(1380,'   ','11708377',' -, 3',1,'40102810945370000000'),(1381,'','11708377','',1,'40116810117080000000'),(1382,'','11708377','',1,'40116810417080000000'),(1383,'','11708377','',1,'40116810717080000000'),(1384,'','11708377','',1,'40116810017080000000'),(1385,'','11708377','',1,'40116810317080000000'),(1386,'','11708377','',1,'40116810617080000000'),(1387,'','11708377','',1,'40816810100080000000'),(1388,'','11708377','',1,''),(1389,'','100070006','.   101',1,''),(1390,' ','100070007',' . , 4/1',1,''),(1391,'   ','100070020','17 ,  2',1,''),(1392,' ','46577402','- , 9 ',1,'30101810565770000000'),(1393,'','46577402','',1,''),(1394,'','46577402','',1,''),(1395,'-   ()  . ','42748866',' -, 5',1,'30101810800000000000'),(1396,'','42748866','',1,''),(1397,'','42748866','',1,''),(1398,'  ','47308813',' , 19',1,'30101810200000000000'),(1399,'','47308813','',1,''),(1400,'','47308813','',1,''),(1401,'   ','245010410','.  , . 6',1,'30107810045010000000'),(1402,'','245010410','',1,'30107810345010000000'),(1403,'','245010410','',1,''),(1404,'  ','46311755',' , 177',1,'30101810300000000000'),(1405,'','46311755','',1,''),(1406,'  ()','48860734',' , 2,  \"\"\"\"',1,'30103810000000000000'),(1407,'','48860734','',1,''),(1408,' ','43469743','- , 46',1,'30101810300000000000'),(1409,'','43469743','',1,''),(1410,'','43469743','',1,''),(1411,'   ','10173001',' -, 9',1,'40102810045370000000'),(1412,'','10173001','',1,''),(1413,' ','40173745','- , 61 ',1,'30101810800000000000'),(1414,'','40173745','',1,''),(1415,'','40173745','',1,''),(1416,'  ','46311772',' , 90',1,'30101810600000000000'),(1417,'','46311772','',1,''),(1418,' - ()','44525063','  ,   8',1,'30103810245250000000'),(1419,'','44525063','',1,''),(1420,'435   ','200000655','.  , . 12',1,'40106810845376600000'),(1421,'','200000655','',1,'40106810145376600000'),(1422,'','200000655','',1,''),(1423,'   ','40407388','. , .57',1,'30101810000000000000'),(1424,'','40407388','',1,''),(1425,'     ','40407592','.  , . 93 \"\"\"\"',1,'30101810100000000000'),(1426,'','40407592','',1,''),(1427,'   ','44600100','.  . 5',1,'40116810840802300000'),(1428,'','44600100','',1,''),(1429,'   ','49033758',' , 24',1,'30101810600000000000'),(1430,'','49033758','',1,''),(1431,'  ','100070023',' ',1,''),(1432,'   ','41801002','.  ..  .18',1,''),(1433,' ','47501906',' , 97',1,'30101810600000000000'),(1434,'','47501906','',1,''),(1435,' ','100070009',' , 95/1',1,''),(1436,' ANORBANK','100070004','- -, .  5-,  4',1,''),(1437,'  ','100070021','.  , 62',1,''),(1438,'  ','100070022','. , 118',1,''),(1439,'   () -  . ','44525307',' , . 11',1,'30101810945250000000'),(1440,'','44525307','',1,''),(1441,'   -  ','44525814','. , . 4',1,'30101810645250000000'),(1442,'','44525814','',1,''),(1443,'   ','42001002','.  . 36',1,''),(1444,'   ','44525408',' ,  36,  1',1,'30101810900000000000'),(1445,'','44525408','',1,''),(1446,'','44525408','',1,''),(1447,'     -  ','41909769',' , 4',1,'30101810500000000000'),(1448,'','41909769','',1,''),(1449,'..  - ','48073855','. , . 4',1,'30101810800000000000'),(1450,'','48073855','',1,''),(1451,'   -  ','48073809','. , . 4',1,'30101810500000000000'),(1452,'','48073809','',1,''),(1453,'    -  ','46126790',' , 4',1,'30101810000000000000'),(1454,'','46126790','',1,''),(1455,'    - ','13207212','. , . 54',1,'40102810745370000000'),(1456,'','13207212','',1,'40116810932070000000'),(1457,'','13207212','',1,''),(1458,'     -  ','44030892',' , 4',1,'30101810400000000000'),(1459,'','44030892','',1,''),(1460,'-     ','45004867','. , . 16',1,'30101810250040000000'),(1461,'','45004867','',1,''),(1462,'   () -  ','45209713',' , 132/134',1,'30101810200000000000'),(1463,'','45209713','',1,''),(1464,'   ','227000057',' -, 95',1,'40301810700000000000'),(1465,'','227000057','',1,''),(1466,'   ','249000136',' -, 1',1,'40301810600000000000'),(1467,'','249000136','',1,''),(1468,' ','43678838',' , 96',1,'30101810000000000000'),(1469,'','43678838','',1,''),(1470,'','43678838','',1,''),(1471,' ','49401871',' , 30',1,'30101810900000000000'),(1472,'','49401871','',1,''),(1473,'','49401871','',1,''),(1474,'   ()  . ','40702788','  , 7',1,'30101810100000000000'),(1475,'','40702788','',1,''),(1476,'','40702788','',1,''),(1477,'     -  ','46015961','. ,4',1,'30101810600000000000'),(1478,'','46015961','',1,''),(1479,' ','40702760',' , 88 ',1,'30101810500000000000'),(1480,'','40702760','',1,''),(1481,'','40702760','',1,''),(1482,'-   ()  .  ','47186825','. 26  , 4',1,'30101810665777100000'),(1483,'','47186825','',1,''),(1484,'','47186825','',1,''),(1485,'-    -','45004888','. , . 7,9,11',1,'30101810450045000000'),(1486,'','45004888','',1,''),(1487,'     ','41012051','. ,  2, .20011, 20030',1,'30101810045371000000'),(1488,'','41012051','',1,''),(1489,'    ','41012050','. ,  77,  20003, 20004',1,'30101810610120000000'),(1490,'','41012050','',1,''),(1491,'    ','44525310',' ,  4,  1',1,'30101810945250000000'),(1492,'','44525310','',1,''),(1493,'    -','45773804',', .8',1,'30101810965775700000'),(1494,'','45773804','',1,''),(1495,'    ','44525354','1-  , . 19',1,'30101810545250000000'),(1496,'','44525354','',1,''),(1497,'    ','44525454','1-  , . 19,  13',1,'30101810445250000000'),(1498,'','44525454','',1,''),(1499,'     . ','45004162','. , . 32.',1,'30101810150045000000'),(1500,'','45004162','',1,''),(1501,'  N8619  ','40349602',' , 34',1,'30101810100000000000'),(1502,'','40349602','',1,''),(1503,'   ','245001294',' \"\"\",   ,  57\"',1,'30107810300000000000'),(1504,'','245001294','',1,'30107810200000000000'),(1505,'','245001294','',1,''),(1506,'  ','24501901',' . , 11,  1',1,'40102810045370000000'),(1507,'','24501901','',1,'40816810400000000000'),(1508,'','24501901','',1,''),(1509,'    ','44525757',' ,  2,  2',1,'30101810045250000000'),(1510,'','44525757','',1,''),(1511,' ','44525700','- ,  28',1,'30101810200000000000'),(1512,'','44525700','',1,''),(1513,'','44525700','',1,''),(1514,' ','44525699','. , .1',1,'30101810145250000000'),(1515,'','44525699','',1,''),(1516,'','44525699','',1,''),(1517,'   ()  ','48209744',' , 19,  \"\"\"\"',1,'30101810800000000000'),(1518,'','48209744','',1,''),(1519,'     ','48209755',' , 19,  \"\"\"\"',1,'30101810200000000000'),(1520,'','48209755','',1,''),(1521,'     ','48209918',' , 19,  \"\"\"\"',1,'30101810500000000000'),(1522,'','48209918','',1,''),(1523,'  ()','48073846',' , 70',1,'30101810000000000000'),(1524,'','48073846','',1,''),(1525,'   N8600  ','47601637','  , 40',1,'30101810500000000000'),(1526,'','47601637','',1,''),(1527,'','47601637','',1,''),(1528,'   ','44525777',' , . 11/1, . 1',1,'30101810000000000000'),(1529,'','44525777','',1,''),(1530,'','44525777','',1,''),(1531,'   ','44525204','.  , . 29',1,'30101810900000000000'),(1532,'','44525204','',1,''),(1533,'','44525204','',1,''),(1534,'    ()','44525213',' , .72',1,'30101810700000000000'),(1535,'','44525213','',1,''),(1536,'','44525213','',1,''),(1537,'-  ','240000189',' .,  6,  302',1,'40301810900000000000'),(1538,'','240000189','',1,''),(1539,'   ','44525159',' ,  39',1,'30101810000000000000'),(1540,'','44525159','',1,''),(1541,'-     ','40813704',' -, 18',1,'30101810908130000000'),(1542,'','40813704','',1,''),(1543,'  ','44525801',' , . 9, . 1',1,'30101810645250000000'),(1544,'','44525801','',1,''),(1545,'','44525801','',1,''),(1546,'   ','40886101',' , 41',1,'40116810300000000000'),(1547,'','40886101','',1,''),(1548,' ','44525771','...   , . , .3, .2.',1,'30101810445250000000'),(1549,'','44525771','',1,''),(1550,'','44525771','',1,''),(1551,' ','41806831',' 7- , 2',1,'30101810000000000000'),(1552,'','41806831','',1,''),(1553,'','41806831','',1,''),(1554,' ','40715725',' , 13',1,'30101810107150000000'),(1555,'','40715725','',1,''),(1556,'  ','44525104','1-  , . 1, . 8, 1 , . 43',1,'30101810745374500000'),(1557,'','44525104','',1,''),(1558,'  ','44525055',' , . 9, . 1',1,'30103810245374500000'),(1559,'','44525055','',1,''),(1560,'  ','43601811',' , 79',1,'30101810922023600000'),(1561,'','43601811','',1,''),(1562,'','43601811','',1,''),(1563,'   -  ','44030725','. , . 4',1,'30101810545374000000'),(1564,'','44030725','',1,''),(1565,'  - -  ','44030728','. , . 4',1,'30101810445374000000'),(1566,'','44030728','',1,''),(1567,'    -  ','44030738','. , . 4',1,'30101810545374000000'),(1568,'','44030738','',1,''),(1569,'    - -  ','44030842','. , . 4',1,'30101810745374000000'),(1570,'','44030842','',1,''),(1571,'    -  ','47908700',' , 4',1,'30101810300000000000'),(1572,'','47908700','',1,''),(1573,'   -','46015207',' , 206',1,'30101810500000000000'),(1574,'','46015207','',1,''),(1575,'    - ','43207776','- , . 33, .2, . 311',1,'30101810900000000000'),(1576,'','43207776','',1,''),(1577,'   ','40583100','. , . 69',1,'40116810545376600000'),(1578,'','40583100','',1,''),(1579,'   ','41801100','.  .28',1,'40116810445376600000'),(1580,'','41801100','',1,''),(1581,'   ()  . ','46577952','  , 5',1,'30101810400000000000'),(1582,'','46577952','',1,''),(1583,'','46577952','',1,''),(1584,'   ','44525717','. ,  33,  1',1,'30101810400000000000'),(1585,'','44525717','',1,''),(1586,'  ','44030905','. , . 3, . II',1,'30101810145374000000'),(1587,'','44030905','',1,''),(1588,'','44030905','',1,''),(1589,' ','286000017',' , 5',1,'40202810200000000000'),(1590,'','286000017','',1,'40301810800000000000'),(1591,'','286000017','',1,''),(1592,'   ','200000156','. ,  4  ',1,'40301810045374000000'),(1593,'','200000156','',1,''),(1594,'  ','100070026','  105',1,''),(1595,'  ','44525068',' ,  10,  19',1,'30101810645374500000'),(1596,'','44525068','',1,''),(1597,'   -  ','49205804',' , 4',1,'30101810700000000000'),(1598,'','49205804','',1,''),(1599,'   () -  ','49205858',' , 4',1,'30101810400000000000'),(1600,'','49205858','',1,''),(1601,'   -  ','49205815',' , 4',1,'30101810100000000000'),(1602,'','49205815','',1,''),(1603,'   ','48209775','. , 60',1,'30101810400000000000'),(1604,'','48209775','',1,''),(1605,'  N8623  ','45354601','. , . 16',1,'30101810600000000000'),(1606,'','45354601','',1,''),(1607,'  -   -','45354880','. ,4',1,'30101810265775300000'),(1608,'','45354880','',1,''),(1609,'  ','43601706',' , 90',1,'30101810800000000000'),(1610,'','43601706','',1,''),(1611,'','43601706','',1,''),(1612,'    ','48209964',' , 19,  \"\"\"\"',1,'30101810800000000000'),(1613,'','48209964','',1,''),(1614,' ','200000412',' ,  3',1,'40503810745250000000'),(1615,'','200000412','',1,'40503810645250000000'),(1616,'','200000412','',1,''),(1617,'  . -','44080104',' , 1/10',1,'40116810700000000000'),(1618,'','44080104','',1,'40116810500000000000'),(1619,'','44080104','',1,'40116810940800000000'),(1620,'','44080104','',1,''),(1621,'   ()  .','45004778',' , 2',1,'30101810750040000000'),(1622,'','45004778','',1,''),(1623,' ','46015946','.,71',1,'30101810960150000000'),(1624,'','46015946','',1,''),(1625,'  -  ','46015761','., .4',1,'30101810800000000000'),(1626,'','46015761','',1,''),(1627,'  ()','45773756',' , 10',1,'30101810200000000000'),(1628,'','45773756','',1,''),(1629,'    ','277000440',' , 8',1,'40202810345377700000'),(1630,'','277000440','',1,'40301810300000000000'),(1631,'','277000440','',1,''),(1632,'  ','45004815',' , 14',1,'30101810200000000000'),(1633,'','45004815','',1,''),(1634,'','45004815','',1,''),(1635,'   ','45080002','',1,''),(1636,'   -  ','46510805','. , . 4',1,'30101810800000000000'),(1637,'','46510805','',1,''),(1638,'    -  ','44525083',' , 4',1,'30101810845250000000'),(1639,'','44525083','',1,''),(1640,'   () -  ','44525096',' , 4',1,'30101810845250000000'),(1641,'','44525096','',1,''),(1642,'   () -  ','44525124','. , . 4',1,'30101810445250000000'),(1643,'','44525124','',1,''),(1644,'   () -  ','44525128',' , 4',1,'30101810645250000000'),(1645,'','44525128','',1,''),(1646,'    () -  ','44525137',' , 4',1,'30101810445250000000'),(1647,'','44525137','',1,''),(1648,'    -  ','44525160',' , 4',1,'30101810645250000000'),(1649,'','44525160','',1,''),(1650,'   - -  ','44525169',' , 4',1,'30101810345250000000'),(1651,'','44525169','',1,''),(1652,'   - -  ','44525170','. , . 4',1,'30103810345250000000'),(1653,'','44525170','',1,''),(1654,'  .-','14030106','. , . 1/10,  ',1,'40102810945370000000'),(1655,'','14030106','',1,'40816810700000000000'),(1656,'','14030106','',1,''),(1657,'-   () -','40702754',' , 429 ',1,'30101810600000000000'),(1658,'','40702754','',1,''),(1659,'','40702754','',1,''),(1660,'    ()','44525858','. , . 35, . 1',1,'30101810245250000000'),(1661,'','44525858','',1,''),(1662,'   - ()','45004051','.  , 11',1,'30103810450045000000'),(1663,'','45004051','',1,''),(1664,'   () -  . ','48718777','. 60  , . 12',1,'30101810440300100000'),(1665,'','48718777','',1,''),(1666,'-   ','43807330','. , . 13',1,'30101810345250000000'),(1667,'','43807330','',1,''),(1668,' -  ','43510135','- , . 36  ',1,'30101810645373500000'),(1669,'','43510135','',1,''),(1670,' ','41909707',' , 52',1,'30101810300000000000'),(1671,'','41909707','',1,''),(1672,'   ','42001100','. , . 15',1,'40116810945376600000'),(1673,'','42001100','',1,''),(1674,'.    ()  -','44030704',' , . 11, .',1,'30101810200000000000'),(1675,'','44030704','',1,''),(1676,'','44030704','',1,''),(1677,'   ','44525070','   ...,   5- , .1, .1,  4, .23/4',1,'30103810445250000000'),(1678,'','44525070','',1,''),(1679,'   ','44030098','. , . 63, . 1',1,'40102810745370000000'),(1680,'','44030098','',1,''),(1681,'  2754   ()','40813713','.  - , . 18, . 0, 1',1,'30101810708130000000'),(1682,'','40813713','',1,''),(1683,'','40813713','',1,''),(1684,'  ','47144709','  , 19',1,'30101810600000000000'),(1685,'','47144709','',1,'40701810400000000000'),(1686,'','47144709','',1,''),(1687,'','47144709','',1,''),(1688,'','47144709','',1,''),(1689,'   ','44525395',' ,  5,  3',1,'30101810245250000000'),(1690,'','44525395','',1,''),(1691,'  ','44525900','. . .   , 1-  , . 15,  1/17',1,'30101810245250000000'),(1692,'','44525900','',1,''),(1693,'','44525900','',1,''),(1694,'    ','40407915','. , . 100',1,'30101810800000000000'),(1695,'','40407915','',1,''),(1696,' ','44525758',' ,  1,  2',1,'30101810845374500000'),(1697,'','44525758','',1,''),(1698,'   ','46577507',' -, 145',1,'30101810965770000000'),(1699,'','46577507','',1,''),(1700,'     .','48073770',' , 41',1,'30101810600000000000'),(1701,'','48073770','',1,''),(1702,'-   ()','44030820','.  , . 16,  30,  ',1,'30101810100000000000'),(1703,'','44030820','',1,''),(1704,'     () -  ','44030845','. , . 4',1,'30101810800000000000'),(1705,'','44030845','',1,''),(1706,'     -  ','44030741',' , 4',1,'30101810700000000000'),(1707,'','44030741','',1,''),(1708,'  ','44525162','.  , . 50/1, . 1',1,'30101810245250000000'),(1709,'','44525162','',1,''),(1710,'','44525162','',1,''),(1711,'  N8603  ','49805609',' , 17',1,'30101810400000000000'),(1712,'','49805609','',1,''),(1713,'    -  ','46401728','. , . 4',1,'30101810600000000000'),(1714,'','46401728','',1,''),(1715,'    -  ','46711106',' , 4',1,'30101810467110000000'),(1716,'','46711106','',1,''),(1717,'  N 8640  ','43469623',' , 33',1,'30101810200000000000'),(1718,'','43469623','',1,''),(1719,'   -  ','49205708',' , 4',1,'30101810000000000000'),(1720,'','49205708','',1,''),(1721,'   - - ','47601205','. , . , .4',1,'30101810950040000000'),(1722,'','47601205','',1,''),(1723,'   -   ','47888372','- , 37/73',1,'30101810645250000000'),(1724,'','47888372','',1,''),(1725,' -','44525062','. ,  8,  1',1,'30101810345250000000'),(1726,'','44525062','',1,''),(1727,'','44525062','',1,''),(1728,'    -  ','42007707','. , . , 4',1,'30101810500000000000'),(1729,'','42007707','',1,''),(1730,' -   ','44030812','. , 5   . 32',1,'30101810600000000000'),(1731,'','44030812','',1,''),(1732,'-   () ','40349781','  , 11',1,'30101810500000000000'),(1733,'','40349781','',1,''),(1734,'','40349781','',1,''),(1735,'','218000225',' , 15',1,'40301810300000000000'),(1736,'','218000225','',1,''),(1737,'   ','44780100','- , 14/2',1,'40116810400000000000'),(1738,'','44780100','',1,'40116810700000000000'),(1739,'','44780100','',1,'40116810445376600000'),(1740,'','44780100','',1,'40116810647800000000'),(1741,'','44780100','',1,'40116810547800000000'),(1742,'','44780100','',1,''),(1743,'  ','44030869','- , . 17,  ',1,'30101810200000000000'),(1744,'','44030869','',1,''),(1745,'','44030869','',1,''),(1746,' -, -  ','48327749','. , 4',1,'30101810100000000000'),(1747,'','48327749','',1,''),(1748,'  ()','42406807',' ,  47',1,'30103810124060000000'),(1749,'','42406807','',1,''),(1750,'- ()','44030889','  , 23',1,'30101810400000000000'),(1751,'','44030889','',1,''),(1752,'','44030889','',1,''),(1753,'  ','44525196','.  1-, .6, .1',1,'30101810745250000000'),(1754,'','44525196','',1,''),(1755,'','44525196','',1,''),(1756,'   ','40813608',' , 12',1,'30101810600000000000'),(1757,'','40813608','',1,''),(1758,'','40813608','',1,''),(1759,'   ','43510099','. , . 21',1,'40102810445370000000'),(1760,'','43510099','',1,''),(1761,'     ()','44525797','. ,  10,   23',1,'30101810445250000000'),(1762,'','44525797','',1,''),(1763,'  ','42202727',' , 10 ',1,'30101810222020000000'),(1764,'','42202727','',1,''),(1765,'   ','11806101',' , 28 ',1,'40102810445370000000'),(1766,'','11806101','',1,''),(1767,'  ','44525054',' 1- -,  23,  1, 4 ,  V,   6, 6, 7-9, 10, 10, 21, 22, 26, 27',1,'30103810445250000000'),(1768,'','44525054','',1,''),(1769,'  N 8637  ','41117601','- , 137',1,'30101810100000000000'),(1770,'','41117601','',1,''),(1771,'   ','200000151','. , .4',1,'40202810045372400000'),(1772,'','200000151','',1,'40301810645372400000'),(1773,'','200000151','',1,''),(1774,'   ','297000102',' -, 17',1,'40202810100000300000'),(1775,'','297000102','',1,'40301810400000000000'),(1776,'','297000102','',1,''),(1777,'  6602   ()','46577501','- , 27',1,'30101810165770000000'),(1778,'','46577501','',1,''),(1779,'','46577501','',1,''),(1780,'  ..  -  ','47888740','. , 4',1,'30101810278880000000'),(1781,'','47888740','',1,''),(1782,'   ','42157001','- , 8',1,''),(1783,'     -  ','43469710',' , 4',1,'30101810100000000000'),(1784,'','43469710','',1,''),(1785,'   () -  ','45773764','. , . 4',1,'30101810700000000000'),(1786,'','45773764','',1,''),(1787,'  ','43601842','. /. , .102/.36',1,'30101810522023600000'),(1788,'','43601842','',1,''),(1789,'    -  ','40407427','. , . 4',1,'30101810904070000000'),(1790,'','40407427','',1,''),(1791,'     . ','40702763',' , 235 ',1,'30101810400000000000'),(1792,'','40702763','',1,''),(1793,' ','44525182','. , . 57, . 1',1,'30101810445250000000'),(1794,'','44525182','',1,''),(1795,'','44525182','',1,''),(1796,'  ','44525254',' ,  7,  1/1',1,'30101810645250000000'),(1797,'','44525254','',1,''),(1798,'','44525254','',1,''),(1799,'  N 8646  ','40407627',' , 46',1,'30101810800000000000'),(1800,'','40407627','',1,''),(1801,'','40407627','',1,''),(1802,'   ','44525349',' ,  7',1,'30101810945250000000'),(1803,'','44525349','',1,''),(1804,'','44525349','',1,''),(1805,'   ','252000078','  , 1',1,'40202810445375200000'),(1806,'','252000078','',1,'40301810300000000000'),(1807,'','252000078','',1,''),(1808,'   ','40349722','. . , 46/ . , 32',1,'30101810200000000000'),(1809,'','40349722','',1,''),(1810,'','40349722','',1,''),(1811,' ','291000018',' , 54',1,'40301810600000000000'),(1812,'','291000018','',1,''),(1813,'  N8638  ','41909644',' , 33',1,'30101810900000000000'),(1814,'','41909644','',1,''),(1815,'  7701   ()','44525745','.  , .17, . 1',1,'30101810345250000000'),(1816,'','44525745','',1,''),(1817,'','44525745','',1,''),(1818,'  ','44525545',' , 9',1,'30101810300000000000'),(1819,'','44525545','',1,''),(1820,'','44525545','',1,''),(1821,'  ()','44525551',' ,  29',1,'30101810200000000000'),(1822,'','44525551','',1,''),(1823,'','44525551','',1,''),(1824,'   -  ','43207720',' ,  4',1,'30101810600000000000'),(1825,'','43207720','',1,''),(1826,'  ','44525285','. ,  4,  1',1,'30101810245250000000'),(1827,'','44525285','',1,''),(1828,'','44525285','',1,''),(1829,'  -','44525346',' ,  11,  1',1,'30101810045250000000'),(1830,'','44525346','',1,''),(1831,'','44525346','',1,''),(1832,'    -  ','41203711','. , . 4',1,'30101810200000000000'),(1833,'','41203711','',1,''),(1834,'      ','49304735','  , 18',1,'30101810500000000000'),(1835,'','49304735','',1,''),(1836,'    -  ','42520811','.  ., .8',1,'30101810950040000000'),(1837,'','42520811','',1,''),(1838,'    -  ','49805709','. , . 4',1,'30101810300000000000'),(1839,'','49805709','',1,''),(1840,'   ','42368001','.  , 14',1,''),(1841,'   () -  ','40349569',' , 4',1,'30101810900000000000'),(1842,'','40349569','',1,''),(1843,'   - ','40349745',' , 4',1,'30101810300000000000'),(1844,'','40349745','',1,''),(1845,'    -  ','40349808',' , 4',1,'30101810700000000000'),(1846,'','40349808','',1,''),(1847,'   ','40349789',' , 321',1,'30101810303490000000'),(1848,'','40349789','',1,''),(1849,'   ','44715100','- , 14/2',1,'40116810740800000000'),(1850,'','44715100','',1,'40116810040800000000'),(1851,'','44715100','',1,'40116810647150000000'),(1852,'','44715100','',1,''),(1853,'   ','47582100',' , 4',1,'40116810775820000000'),(1854,'','47582100','',1,''),(1855,'    -  ','46015846','. , .4',1,'30101810060150000000'),(1856,'','46015846','',1,''),(1857,'    ','44525632',' ., . 10',1,'30101810445250000000'),(1858,'','44525632','',1,''),(1859,'','44525632','',1,''),(1860,'   ()  . ','44525599',' ,  112',1,'30101810245250000000'),(1861,'','44525599','',1,''),(1862,'  5440   ()','45004719',' , 232, 234, 234/1',1,'30101810450040000000'),(1863,'','45004719','',1,''),(1864,'','45004719','',1,''),(1865,'    -  ','46577774',' , 3 ',1,'30101810400000000000'),(1866,'','46577774','',1,''),(1867,'','44525123','.  , . 11',1,'30101810145250000000'),(1868,'','44525123','',1,''),(1869,'','44525123','',1,''),(1870,'    ()','44525411','. , . 10/2, . 1',1,'30101810145250000000'),(1871,'','44525411','',1,''),(1872,'','44525411','',1,''),(1873,'    -  ','42406705',' , 4',1,'30101810000000000000'),(1874,'','42406705','',1,''),(1875,' - ()','44525131','. , . 2, . 1',1,'30101810645250000000'),(1876,'','44525131','',1,''),(1877,'  () ()','44525116','. , .16',1,'30101810700000000000'),(1878,'','44525116','',1,''),(1879,'','44525116','',1,''),(1880,'   ()','44525178',' -,  22,  3',1,'30101810145250000000'),(1881,'','44525178','',1,''),(1882,'','44525178','',1,''),(1883,'   - ','49133812','. , 4',1,'30101810300000000000'),(1884,'','49133812','',1,''),(1885,'   ','44784101','- , 14/2',1,'40116810347840000000'),(1886,'','44784101','',1,''),(1887,'  ()','46401772',' -, 32',1,'30101810300000000000'),(1888,'','46401772','',1,''),(1889,'','46401772','',1,''),(1890,'  ','44525710',' ,  22',1,'30101810545250000000'),(1891,'','44525710','',1,''),(1892,'','44525710','',1,''),(1893,'   ','47681100',' , 17',1,'40116810200000000000'),(1894,'','47681100','',1,''),(1895,' ()','298000132','- , . 30, . 12',1,'40202810545379800000'),(1896,'','298000132','',1,'40301810000000000000'),(1897,'','298000132','',1,''),(1898,'  ','44525133',' ,  10,  2,  1,  VI,  3,  11',1,'30103810845250000000'),(1899,'','44525133','',1,''),(1900,'','44525133','',1,''),(1901,'    ','40349700',' , 152',1,'30101810400000000000'),(1902,'','40349700','',1,''),(1903,'    . ','44525656','  ,  20/8,  1-1',1,'30101810845250000000'),(1904,'','44525656','',1,''),(1905,'  ','44525675','  ,  2,  9',1,'30101810745250000000'),(1906,'','44525675','',1,''),(1907,'','44525675','',1,''),(1908,'   ','44525659',' , . 2, . 1',1,'30101810745250000000'),(1909,'','44525659','',1,''),(1910,'','44525659','',1,''),(1911,' ','44525666','. , . 86',1,'30101810945250000000'),(1912,'','44525666','',1,''),(1913,'','44525666','',1,''),(1914,'      ','45209701','.  ,  107',1,'30101810450045200000'),(1915,'','45209701','',1,''),(1916,'','45209701','',1,''),(1917,'    ()','43601876','. , . 11',1,'30101810400000000000'),(1918,'','43601876','',1,''),(1919,'  ()','49205770',' , 13/52',1,'30101810300000000000'),(1920,'','49205770','',1,''),(1921,'','49205770','',1,''),(1922,'   ','264000026',' -, 32',1,'40202810945376400000'),(1923,'','264000026','',1,'40301810800000000000'),(1924,'','264000026','',1,''),(1925,'   ','294000122',' . 50- , 15',1,'40202810400000000000'),(1926,'','294000122','',1,'40202810700000000000'),(1927,'','294000122','',1,'40301810900000000000'),(1928,'','294000122','',1,''),(1929,' ','47501779',' , 8',1,'30101810400000000000'),(1930,'','47501779','',1,''),(1931,'','47501779','',1,''),(1932,'  131','49205131','. , .38',1,'30101810822029200000'),(1933,'','49205131','',1,''),(1934,'','49205131','',1,''),(1935,'  ()','44525473','. , . 10, . 1',1,'30101810345250000000'),(1936,'','44525473','',1,''),(1937,'','44525473','',1,''),(1938,'   ','46579100',' , 34',1,'40116810100000000000'),(1939,'','46579100','',1,''),(1940,'    ','44030858',' ., 48/2',1,'30101810800000000000'),(1941,'','44030858','',1,''),(1942,'','44030858','',1,''),(1943,'   () -  ','40349715','. , 4',1,'30101810000000000000'),(1944,'','40349715','',1,''),(1945,'  N8597  ','47501602',' , 9 ',1,'30101810700000000000'),(1946,'','47501602','',1,''),(1947,'     ..','42202863',' ,  6/49',1,'30101810300000000000'),(1948,'','42202863','',1,''),(1949,'   ','10054194','.  , .11',1,'40116810045370000000'),(1950,'','10054194','',1,'40116810245376600000'),(1951,'','10054194','',1,'40116810945376600000'),(1952,'','10054194','',1,''),(1953,'    ','40813757',' , 104 . ',1,'30101810700000000000'),(1954,'','40813757','',1,''),(1955,'    ','40349542',' , 89',1,'30101810600000000000'),(1956,'','40349542','',1,''),(1957,'    - ','232000049',' -, 58',1,'40202810700000300000'),(1958,'','232000049','',1,'40301810900000000000'),(1959,'','232000049','',1,''),(1960,'  ','44959746',' ., 11',1,'30101810900000000000'),(1961,'','44959746','',1,''),(1962,'','44959746','',1,''),(1963,'   ','44525077','. , . 10',1,'30103810545250000000'),(1964,'','44525077','',1,''),(1965,'   ','47308001',' , 2',1,''),(1966,' N 14    ','396186',' -, 108/6',1,'40116810903960000000'),(1967,'','396186','',1,''),(1968,' ','40708744',' , 209',1,'30101810900000000000'),(1969,'','40708744','',1,''),(1970,'--  ','44525265',' ,  72,  3',1,'30101810045250000000'),(1971,'','44525265','',1,''),(1972,'','44525265','',1,''),(1973,'  ','42809992',' , 19',1,'30101810028090000000'),(1974,'','42809992','',1,''),(1975,'  ','44525827','. . .    , .  , . 1,  804.8',1,'30101810145374500000'),(1976,'','44525827','',1,''),(1977,'  - () -  ','44525457',' , 4',1,'30101810345250000000'),(1978,'','44525457','',1,''),(1979,'   () -  ','44525597',' , 4',1,'30101810645250000000'),(1980,'','44525597','',1,''),(1981,'    -  ','44525603',' , 4',1,'30101810445250000000'),(1982,'','44525603','',1,''),(1983,'     -  ','44525608',' , 4',1,'30101810945250000000'),(1984,'','44525608','',1,''),(1985,'   () -  ','44525626',' , 4',1,'30101810545250000000'),(1986,'','44525626','',1,''),(1987,'   -  ','44525645',' , 4',1,'30101810445250000000'),(1988,'','44525645','',1,''),(1989,'    ,  -  ','44525652',' , 4',1,'30101810645250000000'),(1990,'','44525652','',1,''),(1991,'   () -  ','44525660',' , 4',1,'30101810145250000000'),(1992,'','44525660','',1,''),(1993,'    -  ','44525686',' , 4',1,'30101810145250000000'),(1994,'','44525686','',1,''),(1995,'    -  ','44525692',' , 4',1,'30101810045250000000'),(1996,'','44525692','',1,''),(1997,'   -  ','44525755',' , 4',1,'30101810445250000000'),(1998,'','44525755','',1,''),(1999,'   24 () -  ','44525760',' , 4',1,'30101810045250000000'),(2000,'','44525760','',1,''),(2001,'   () -  ','44525776',' , 4',1,'30101810945250000000'),(2002,'','44525776','',1,''),(2003,'  2   -  ','44525779',' , 4',1,'30101810845250000000'),(2004,'','44525779','',1,''),(2005,'   () -  ','44525783',' , 4',1,'30101810145250000000'),(2006,'','44525783','',1,''),(2007,'   () -  ','44525789',' , 4',1,'30101810945250000000'),(2008,'','44525789','',1,''),(2009,'    -  ','44525857',' , 4',1,'30101810945250000000'),(2010,'','44525857','',1,''),(2011,'    -  ','44525895',' , 4',1,'30101810745250000000'),(2012,'','44525895','',1,''),(2013,'     -  ','44525899',' , 4',1,'30101810945250000000'),(2014,'','44525899','',1,''),(2015,'    -  ','44525946',' , 4',1,'30101810445250000000'),(2016,'','44525946','',1,''),(2017,'  ','44525084',' , 9,  4,  1',1,'30101810145250000000'),(2018,'','44525084','',1,''),(2019,'.','44525060','. . .   , . , . 10',1,'30101810500000000000'),(2020,'','44525060','',1,''),(2021,'','44525060','',1,''),(2022,'    ','10051191','. , .38',1,'40116810445370000000'),(2023,'','10051191','',1,'40116810245376600000'),(2024,'','10051191','',1,''),(2025,'    ','10052192','. , .93',1,'40116810645370000000'),(2026,'','10052192','',1,'40116810645376600000'),(2027,'','10052192','',1,'40116810945376600000'),(2028,'','10052192','',1,''),(2029,' ','49205878','-  , . 43',1,'30101810622029200000'),(2030,'','49205878','',1,''),(2031,'','49205878','',1,''),(2032,'    ','45209777',' , 3 ',1,'30101810000000000000'),(2033,'','45209777','',1,''),(2034,'','45209777','',1,''),(2035,'    ','46577422','  , 37',1,'30101810765770000000'),(2036,'','46577422','',1,''),(2037,'   ()- ','46614748',' , 4',1,'30101810566140000000'),(2038,'','46614748','',1,''),(2039,'  - ','18327106',' , 37',1,'40102810145370000000'),(2040,'','18327106','',1,'40116810045370000000'),(2041,'','18327106','',1,''),(2042,'    -  ','46015872','. , .4',1,'30101810100000000000'),(2043,'','46015872','',1,''),(2044,'  () ','44525222',' ,  36',1,'30101810500000000000'),(2045,'','44525222','',1,''),(2046,'','44525222','',1,''),(2047,'  ','44525229',' ,  10',1,'30101810845250000000'),(2048,'','44525229','',1,''),(2049,'','44525229','',1,''),(2050,'    ()','44525236','. 1- -, . 21',1,'30101810800000000000'),(2051,'','44525236','',1,''),(2052,'','44525236','',1,''),(2053,'    ','47501830',' , 13',1,'30101810200000000000'),(2054,'','47501830','',1,''),(2055,'    -  ','40349772',' , 4',1,'30101810700000000000'),(2056,'','40349772','',1,''),(2057,'    -  ','44525179',' , 4',1,'30101810445250000000'),(2058,'','44525179','',1,''),(2059,'   -  ','44525183',' , 4',1,'30101810745250000000'),(2060,'','44525183','',1,''),(2061,'    -  ','44525241',' , 4',1,'30101810645250000000'),(2062,'','44525241','',1,''),(2063,'  - () -  ','44525242',' , 4',1,'30101810945250000000'),(2064,'','44525242','',1,''),(2065,'    -  ','44525244',' , 4',1,'30101810545250000000'),(2066,'','44525244','',1,''),(2067,'   () -  ','44525246',' , 4',1,'30101810145250000000'),(2068,'','44525246','',1,''),(2069,'   () -  ','44525250',' , 4',1,'30101810445250000000'),(2070,'','44525250','',1,''),(2071,'    -  ','44525253','. , . 4',1,'30101810345250000000'),(2072,'','44525253','',1,''),(2073,'   () -  ','44525274','. , . 4',1,'30101810845250000000'),(2074,'','44525274','',1,''),(2075,'    -  ','44525279','. , . 4',1,'30101810100000000000'),(2076,'','44525279','',1,''),(2077,'  -  -  ','44525284','. , . 4',1,'30101810945250000000'),(2078,'','44525284','',1,''),(2079,'    -  ','44525286',' , 4',1,'30101810545250000000'),(2080,'','44525286','',1,''),(2081,'  - () -  ','44525292',' , 4',1,'30101810445250000000'),(2082,'','44525292','',1,''),(2083,'  - ()','44525188','  , 6,  2',1,'30101810245250000000'),(2084,'','44525188','',1,''),(2085,'    -  ','44525293','. , . 4',1,'30101810745250000000'),(2086,'','44525293','',1,''),(2087,'   () -  ','44525280','. , .4',1,'30101810500000000000'),(2088,'','44525280','',1,''),(2089,'    -  ','44525287',' , 4',1,'30101810845250000000'),(2090,'','44525287','',1,''),(2091,'    -  ','44525300',' , 4',1,'30101810600000000000'),(2092,'','44525300','',1,''),(2093,'    -  ','44525328',' , 4',1,'30101810445250000000'),(2094,'','44525328','',1,''),(2095,'    -  ','44525337',' , 4',1,'30101810245250000000'),(2096,'','44525337','',1,''),(2097,'    -  ','44525342',' , 4',1,'30101810845250000000'),(2098,'','44525342','',1,''),(2099,'    -  ','44525356',' , 4',1,'30101810145250000000'),(2100,'','44525356','',1,''),(2101,'   ()- ','44525350',' , 4',1,'30101810100000000000'),(2102,'','44525350','',1,''),(2103,'   ','44030303','- , . 64,  ,  8, . 23',1,'30103810040300000000'),(2104,'','44030303','',1,''),(2105,'    -  ','44525304',' , 4',1,'30101810045250000000'),(2106,'','44525304','',1,''),(2107,'  ','43207777',' -, 5',1,'30124810445373200000'),(2108,'','43207777','',1,''),(2109,'   ','44371001','.  . ., . 1',1,''),(2110,'  ','44525186',' ,  38,  1',1,'30101810400000000000'),(2111,'','44525186','',1,''),(2112,'','44525186','',1,''),(2113,'  ','44525922',' ., .2',1,'30101810800000000000'),(2114,'','44525922','',1,''),(2115,'','44525922','',1,''),(2116,' ','245010945','.  , . 24',1,'40503810545250000000'),(2117,'','245010945','',1,'40503810845250000000'),(2118,'','245010945','',1,''),(2119,'    ','44525067','. , . 7,  1',1,'30101810845250000000'),(2120,'','44525067','',1,''),(2121,'  ','40349909','. , 47',1,'30101810900000000000'),(2122,'','40349909','',1,''),(2123,'  ','44525148','. , .27, . 1',1,'30101810845250000000'),(2124,'','44525148','',1,''),(2125,'','44525148','',1,''),(2126,'    ','40349548',' , 41',1,'30101810400000000000'),(2127,'','40349548','',1,''),(2128,'    ()','49706749','  , 25 ',1,'30101810600000000000'),(2129,'','49706749','',1,''),(2130,'    ','48209742',' , 19,  \"\"\"\"',1,'30101810200000000000'),(2131,'','48209742','',1,''),(2132,'   ','44525811','. , . 26',1,'30101810500000000000'),(2133,'','44525811','',1,''),(2134,'','44525811','',1,''),(2135,'-    ','44030866',' , 13  ',1,'30101810300000000000'),(2136,'','44030866','',1,''),(2137,'    ','43601845','. , .75',1,'30101810422023600000'),(2138,'','43601845','',1,''),(2139,'   () -  ','40407795','. , . 59, . 2',1,'30101810800000000000'),(2140,'','40407795','',1,''),(2141,'  ()','45004850','. ,  48',1,'30101810100000000000'),(2142,'','45004850','',1,''),(2143,'','45004850','',1,''),(2144,'     .','45004725',' -, 184/1',1,'30101810400000000000'),(2145,'','45004725','',1,''),(2146,'    -  ','44525306',' , 4',1,'30101810645250000000'),(2147,'','44525306','',1,''),(2148,'    -  ','44525335',' , 4',1,'30101810645250000000'),(2149,'','44525335','',1,''),(2150,'    -  ','44525359',' , 4',1,'30101810045250000000'),(2151,'','44525359','',1,''),(2152,'    -  ','44525387',' , 4',1,'30101810745250000000'),(2153,'','44525387','',1,''),(2154,'    -  ','44525423',' , 4',1,'30101810845250000000'),(2155,'','44525423','',1,''),(2156,'  - () -  ','44525461',' , 4',1,'30101810645250000000'),(2157,'','44525461','',1,''),(2158,'   ','43601607',' -, 305',1,'30101810200000000000'),(2159,'','43601607','',1,''),(2160,'','43601607','',1,''),(2161,'  ','100070024','. , 4',1,''),(2162,'  N8627  ','44705615','- , 37',1,'30101810300000000000'),(2163,'','44705615','',1,''),(2164,' -','44525911',' ., .5, .3',1,'30101810645250000000'),(2165,'','44525911','',1,''),(2166,'','44525911','',1,''),(2167,'-  ()','41012765',' , 225',1,'30101810300000000000'),(2168,'','41012765','',1,''),(2169,'','41012765','',1,''),(2170,'-   ','42007681',' 9 , 28',1,'30101810600000000000'),(2171,'','42007681','',1,''),(2172,'','42007681','',1,''),(2173,' ','44525267','. , . 45',1,'30101810645250000000'),(2174,'','44525267','',1,''),(2175,'','44525267','',1,''),(2176,'-   -  .','44525142','  ,  40,  2',1,'30101810045250000000'),(2177,'','44525142','',1,''),(2178,'   -  ','42406738',' , 4',1,'30101810200000000000'),(2179,'','42406738','',1,''),(2180,'   ','40349788','. . , 15, .  1101',1,'30101810003490000000'),(2181,'','40349788','',1,''),(2182,'    ','40396050','. , 4',1,'30101810145370400000'),(2183,'','40396050','',1,''),(2184,'   ','42202876',' , 26/11',1,'30101810300000000000'),(2185,'','42202876','',1,''),(2186,'   ','48080100',' , 62',1,'40116810300000000000'),(2187,'','48080100','',1,''),(2188,'   -  ','48580724',' , 4',1,'30101810900000000000'),(2189,'','48580724','',1,''),(2190,'   - -  ','46015938','. , .4',1,'30101810400000000000'),(2191,'','46015938','',1,''),(2192,'   () -  ','46015728','. , .4',1,'30101810500000000000'),(2193,'','46015728','',1,''),(2194,'  N8626  ','42748634','. ., . 1, . 1',1,'30101810100000000000'),(2195,'','42748634','',1,''),(2196,'','42748634','',1,''),(2197,'   ','258000013',' , 23',1,'40301810700000000000'),(2198,'','258000013','',1,''),(2199,'    ','44371902','. , . 93',1,'40102810245370000000'),(2200,'','44371902','',1,'40116810445370000000'),(2201,'','44371902','',1,'40116810745370000000'),(2202,'','44371902','',1,'40116810045370000000'),(2203,'','44371902','',1,'40116810345370000000'),(2204,'','44371902','',1,'40116810645370000000'),(2205,'','44371902','',1,'40116810145370000000'),(2206,'','44371902','',1,''),(2207,'   ','280001523',' , 19',1,'40202810965770000000'),(2208,'','280001523','',1,'40301810565770000000'),(2209,'','280001523','',1,''),(2210,'    ','42202807','. , .100, .1',1,'30101810922020000000'),(2211,'','42202807','',1,''),(2212,'    ','42520728','.  , 99',1,'30101810300000000000'),(2213,'','42520728','',1,''),(2214,'  ','49401758',' , 34',1,'30103810822029400000'),(2215,'','49401758','',1,''),(2216,' -','100070025','. , 92',1,''),(2217,'  ','44525102','.2- , .13, .42',1,'30101810400000000000'),(2218,'','44525102','',1,''),(2219,'','44525102','',1,''),(2220,'    ','44525999','  ,  2/1,  3',1,'30101810845250000000'),(2221,'','44525999','',1,''),(2222,'     ','44525288',' , 1,  2',1,'30101810145250000000'),(2223,'','44525288','',1,''),(2224,'   -  ','42520849','. , 4',1,'30101810700000000000'),(2225,'','42520849','',1,''),(2226,'   ','44525134','  ,  19,  1',1,'30101810545250000000'),(2227,'','44525134','',1,''),(2228,'','44525134','',1,''),(2229,'  ','44525108',' ,  79',1,'30101810200000000000'),(2230,'','44525108','',1,''),(2231,'','44525108','',1,''),(2232,'   ()','44525107',' ,  20,  1, 5 ',1,'30101810900000000000'),(2233,'','44525107','',1,''),(2234,'','44525107','',1,''),(2235,'  ','44030861','. , . 2, . 1',1,'30101810800000000000'),(2236,'','44030861','',1,'40701810300000000000'),(2237,'','44030861','',1,''),(2238,'','44030861','',1,''),(2239,'   ','45004701','  , 26, 26/1',1,'30101810950040000000'),(2240,'','45004701','',1,''),(2241,'   ','44525112',' ,  18,  2',1,'30101810500000000000'),(2242,'','44525112','',1,''),(2243,'   ','44525220','. , . , .101, .5',1,'30101810145250000000'),(2244,'','44525220','',1,''),(2245,'   ','47003764',' , .85',1,'30101810600000000000'),(2246,'','47003764','',1,''),(2247,'   ','42007677',' , 12 ',1,'30101810300000000000'),(2248,'','42007677','',1,''),(2249,'    ','44525795',' ,  32',1,'30101810845250000000'),(2250,'','44525795','',1,''),(2251,'','44525795','',1,''),(2252,'   - -  ','44525465',' , 4',1,'30101810845250000000'),(2253,'','44525465','',1,''),(2254,'    () -  ','44525485',' , 4',1,'30101810045250000000'),(2255,'','44525485','',1,''),(2256,'    -  ','44525491','. , . 4',1,'30101810945250000000'),(2257,'','44525491','',1,''),(2258,'','44525491','',1,''),(2259,'    -  ','44525536',' , 4',1,'30101810745250000000'),(2260,'','44525536','',1,''),(2261,'  () -  ','44525538',' , 4',1,'30101810345250000000'),(2262,'','44525538','',1,''),(2263,'   ()','44525541',' , 4',1,'30101810100000000000'),(2264,'','44525541','',1,''),(2265,'   () -  ','44525549',' , 4',1,'30101810745250000000'),(2266,'','44525549','',1,''),(2267,'   () -  ','44525556',' , 4',1,'30101810945250000000'),(2268,'','44525556','',1,''),(2269,'   () -  ','44525563',' , 4',1,'30101810145250000000'),(2270,'','44525563','',1,''),(2271,'   () -  ','44525584',' , 4',1,'30101810645250000000'),(2272,'','44525584','',1,''),(2273,'    -  ','44525586',' , 4',1,'30101810245250000000'),(2274,'','44525586','',1,''),(2275,'   -  ','44525591',' , 4',1,'30101810845250000000'),(2276,'','44525591','',1,''),(2277,'   -  ','44525366',' , 4',1,'30101810245250000000'),(2278,'','44525366','',1,''),(2279,'   -  ','44525368',' , 4',1,'30101810845250000000'),(2280,'','44525368','',1,''),(2281,'   () -  ','44525355',' , 4',1,'30101810845250000000'),(2282,'','44525355','',1,''),(2283,' - ()  ','44525353',' , 4',1,'30101810000000000000'),(2284,'','44525353','',1,''),(2285,' - () -  ','44525376',' , 4',1,'30101810345250000000'),(2286,'','44525376','',1,''),(2287,'   - -  ','44525378',' , 4',1,'30101810945250000000'),(2288,'','44525378','',1,''),(2289,'   () -  ','44525373',' , 4',1,'30101810445250000000'),(2290,'','44525373','',1,''),(2291,'    ()- ','44525374',' , 4',1,'30101810745250000000'),(2292,'','44525374','',1,''),(2293,'   () -  ','44525375',' , 4',1,'30101810800000000000'),(2294,'','44525375','',1,''),(2295,'   ','44525094','.  - , . 2/62, . 4',1,'30101810245250000000'),(2296,'','44525094','',1,''),(2297,'  ','41909786',' , 3',1,'30101810800000000000'),(2298,'','41909786','',1,''),(2299,'','41909786','',1,''),(2300,'    -  ','48952749','. , 4',1,'30101810500000000000'),(2301,'','48952749','',1,''),(2302,' - ()','44525881',' ,  18',1,'30101810445250000000'),(2303,'','44525881','',1,''),(2304,'','44525881','',1,''),(2305,'   () -  ','44030760','. , . 4',1,'30101810600000000000'),(2306,'','44030760','',1,''),(2307,' ','44030705',' , 1  ',1,'30101810500000000000'),(2308,'','44030705','',1,''),(2309,'','44030705','',1,''),(2310,'    -  ','44030754',' , . 4',1,'30101810700000000000'),(2311,'','44030754','',1,''),(2312,'','44030754','',1,''),(2313,'     -  ','44030772','. , 4',1,'30101810300000000000'),(2314,'','44030772','',1,''),(2315,'    -  ','44030870',' , . 4',1,'30101810600000000000'),(2316,'','44030870','',1,''),(2317,'     -  ','44030885',' , . 4',1,'30101810200000000000'),(2318,'','44030885','',1,''),(2319,'    -  ','44030925',' , . 4',1,'30101810640300000000'),(2320,'','44030925','',1,''),(2321,'','44030925','',1,''),(2322,'   ','46490002',' , .47',1,''),(2323,' - ','44525502',' ,  14  1',1,'30101810000000000000'),(2324,'','44525502','',1,''),(2325,'','44525502','',1,''),(2326,' ','44525488','1-  , . 13',1,'30101810945250000000'),(2327,'','44525488','',1,''),(2328,'','44525488','',1,''),(2329,'   ','44785102','- , 14/2',1,'40116810400000000000'),(2330,'','44785102','',1,'40116810947850000000'),(2331,'','44785102','',1,'40116810547850000000'),(2332,'','44785102','',1,''),(2333,'    ()','44525520','. , . 29',1,'30101810845250000000'),(2334,'','44525520','',1,''),(2335,'  ','44525514','. , . 31/2, . 1',1,'30101810700000000000'),(2336,'','44525514','',1,''),(2337,'','44525514','',1,''),(2338,' ','44525362','. , . 15',1,'30101810800000000000'),(2339,'','44525362','',1,''),(2340,'','44525362','',1,''),(2341,'  ','44525505',' ,  12',1,'30105810345250000000'),(2342,'','44525505','',1,''),(2343,'','44525505','',1,''),(2344,'  N8644  ','40173604',' -, 106 ',1,'30101810200000000000'),(2345,'','40173604','',1,''),(2346,'   N8614  ','48860630','  , 109',1,'30101810300000000000'),(2347,'','48860630','',1,''),(2348,' - ()','48860889',' , 39',1,'30101810300000000000'),(2349,'','48860889','',1,''),(2350,'  ','44525845','.  , . 5',1,'30101810745374500000'),(2351,'','44525845','',1,''),(2352,'  ','44525709',' 2- ,  3',1,'30101810145250000000'),(2353,'','44525709','',1,''),(2354,'','44525709','',1,''),(2355,' -  ','47888760',' , 16',1,'30101810300000000000'),(2356,'','47888760','',1,''),(2357,'','47888760','',1,''),(2358,' -  ','40702773',' , 25 ',1,'30101810500000000000'),(2359,'','40702773','',1,''),(2360,' -  ','40813744',' , 57',1,'30101810700000000000'),(2361,'','40813744','',1,''),(2362,'','40813744','',1,''),(2363,'   () -  ','44525719',' , 4',1,'30101810245250000000'),(2364,'','44525719','',1,''),(2365,'   ()- ','44525729',' , 4',1,'30101810345250000000'),(2366,'','44525729','',1,''),(2367,'   -  ','44525746',' , 4',1,'30101810645250000000'),(2368,'','44525746','',1,''),(2369,'    -  ','44525744',' , 4',1,'30101810045250000000'),(2370,'','44525744','',1,''),(2371,'   -  ','44525731',' , 4',1,'30101810045250000000'),(2372,'','44525731','',1,''),(2373,'   - ','44525695',' , 4',1,'30101810945250000000'),(2374,'','44525695','',1,''),(2375,'   - ','44525703',' , 4',1,'30101810345250000000'),(2376,'','44525703','',1,''),(2377,'    -  ','44525713',' , 4',1,'30101810445250000000'),(2378,'','44525713','',1,''),(2379,'    -  ','44525718',' , 4',1,'30101810945250000000'),(2380,'','44525718','',1,''),(2381,'   - ','44525694',' , 4',1,'30101810645250000000'),(2382,'','44525694','',1,''),(2383,'   -    ( )','44501078','.  , . 24, . 2, . I, . 1-29',1,'30414810345010000000'),(2384,'','44501078','',1,'30414810645010000000'),(2385,'','44501078','',1,'30415810345010000000'),(2386,'','44501078','',1,''),(2387,'   () -  ','44525957',' , 4',1,'30101810845250000000'),(2388,'','44525957','',1,''),(2389,'   () -  ','44525993',' , 4',1,'30101810045250000000'),(2390,'','44525993','',1,''),(2391,' ','200000390',' , 9, . 1',1,'40106810845250000000'),(2392,'','200000390','',1,''),(2393,'  ','245011052','. , . 7',1,'40106810245250000000'),(2394,'','245011052','',1,'40106810545250000000'),(2395,'','245011052','',1,''),(2396,'  ','245011074',' , . 21, . 1',1,'40503810145250000000'),(2397,'','245011074','',1,''),(2398,' ','245011066','.   60- , . 69',1,'40503810445250000000'),(2399,'','245011066','',1,''),(2400,'    ','245011073',' ',1,'40808810245250000000'),(2401,'','245011073','',1,''),(2402,' ','49205933',' , . 88',1,'30101810622029200000'),(2403,'','49205933','',1,''),(2404,'','49205933','',1,''),(2405,'   () -  ','44525120',' , 4',1,'30101810245250000000'),(2406,'','44525120','',1,''),(2407,'    -  ','44525211',' , 4',1,'30101810345250000000'),(2408,'','44525211','',1,''),(2409,'    -  ','44525130',' , 4',1,'30101810345250000000'),(2410,'','44525130','',1,''),(2411,'   () -  ','44525154',' , 4',1,'30101810745250000000'),(2412,'','44525154','',1,''),(2413,'    -  ','44525157',' , 4',1,'30101810645250000000'),(2414,'','44525157','',1,''),(2415,'     -  ','44525180',' , 4',1,'30101810845250000000'),(2416,'','44525180','',1,''),(2417,'    -  ','44525193',' , 4',1,'30101810600000000000'),(2418,'','44525193','',1,''),(2419,'    -  ','44525208',' , 4',1,'30101810345250000000'),(2420,'','44525208','',1,''),(2421,'   () -  ','44525146',' , 4',1,'30101810245250000000'),(2422,'','44525146','',1,''),(2423,'   () -  ','44525140',' , 4',1,'30101810445250000000'),(2424,'','44525140','',1,''),(2425,'  N5230  ','40702615',' , 361',1,'30101810907020000000'),(2426,'','40702615','',1,''),(2427,'','40702615','',1,''),(2428,'  ()','42520872',' , 18',1,'30101810900000000000'),(2429,'','42520872','',1,''),(2430,'    - ','44525748',' , 4',1,'30101810000000000000'),(2431,'','44525748','',1,''),(2432,'   () -  ','44525749',' , 4',1,'30101810545250000000'),(2433,'','44525749','',1,''),(2434,' ','44525555',' ,  10,  22',1,'30101810400000000000'),(2435,'','44525555','',1,''),(2436,'','44525555','',1,''),(2437,'   - () -  ','44525971',' , 4',1,'30101810245250000000'),(2438,'','44525971','',1,''),(2439,'   () -  ','44525932',' , 4',1,'30101810145250000000'),(2440,'','44525932','',1,''),(2441,'     () -  ','44525930',' , 4',1,'30101810545250000000'),(2442,'','44525930','',1,''),(2443,'   ','44525147',' .,  29',1,'30101810545250000000'),(2444,'','44525147','',1,''),(2445,'','44525147','',1,''),(2446,'  -  -  ','44525910',' , 4',1,'30101810345250000000'),(2447,'','44525910','',1,''),(2448,'   () -  ','44525907',' , 4',1,'30101810100000000000'),(2449,'','44525907','',1,''),(2450,'   -  ','44525902',' , 4',1,'30101810845250000000'),(2451,'','44525902','',1,''),(2452,'   - -  ','44525928',' , 4',1,'30101810845250000000'),(2453,'','44525928','',1,''),(2454,'    -  ','44525398',' , 4',1,'30101810145250000000'),(2455,'','44525398','',1,''),(2456,'   -  ','44525397',' , 4',1,'30101810845250000000'),(2457,'','44525397','',1,''),(2458,'   () -  ','44525421','. , . 4',1,'30101810245250000000'),(2459,'','44525421','',1,''),(2460,'  - () -  ','44525424',' , 4',1,'30101810900000000000'),(2461,'','44525424','',1,''),(2462,'     -  ','44525431',' , 4',1,'30101810345250000000'),(2463,'','44525431','',1,''),(2464,'   () -  ','44525433',' , 4',1,'30101810945250000000'),(2465,'','44525433','',1,''),(2466,'   () -  ','44525921',' , 4',1,'30101810745250000000'),(2467,'','44525921','',1,''),(2468,'  ()','44525934','. , . 8.',1,'30103810345250000000'),(2469,'','44525934','',1,''),(2470,'','44525934','',1,''),(2471,'    ','47501982','  , 38',1,'30101810200000000000'),(2472,'','47501982','',1,''),(2473,'    ','46015327','.  , . 3',1,'30101810345376000000'),(2474,'','46015327','',1,''),(2475,'  ','44525787','. , . 8',1,'30101810100000000000'),(2476,'','44525787','',1,''),(2477,'','44525787','',1,''),(2478,' -  .--','46015913',' , 40',1,'30101810700000000000'),(2479,'','46015913','',1,''),(2480,'   -  ','44525471',' , 4',1,'30101810745250000000'),(2481,'','44525471','',1,''),(2482,'   () -  ','44525477',' , 4',1,'30101810545250000000'),(2483,'','44525477','',1,''),(2484,'    -  ','44525484','-4',1,'30101810745250000000'),(2485,'','44525484','',1,''),(2486,'  - () -  ','44525501',' , 4',1,'30101810945250000000'),(2487,'','44525501','',1,''),(2488,'    -  ','44525534',' , 4',1,'30101810900000000000'),(2489,'','44525534','',1,''),(2490,'    -  ','44525535','. , . 4',1,'30101810445250000000'),(2491,'','44525535','',1,''),(2492,' - () -  ','44525569',' , 4',1,'30101810700000000000'),(2493,'','44525569','',1,''),(2494,'    () -  ','44525547',' , 4',1,'30101810145250000000'),(2495,'','44525547','',1,''),(2496,'    -  ','44525568',' , 4',1,'30101810645250000000'),(2497,'','44525568','',1,''),(2498,'    -  ','44525434','. , .4',1,'30101810245250000000'),(2499,'','44525434','',1,''),(2500,'     -  ','44525447',' , 4',1,'30101810245250000000'),(2501,'','44525447','',1,''),(2502,'   -  ','44525455',' , 4',1,'30101810500000000000'),(2503,'','44525455','',1,''),(2504,' - () -  ','44525436',' , 4',1,'30101810845250000000'),(2505,'','44525436','',1,''),(2506,'   ','44525191','  ,  1,  6',1,'30101810745374500000'),(2507,'','44525191','',1,''),(2508,'','44525191','',1,''),(2509,'    () -  ','44525445',' , 4',1,'30101810645250000000'),(2510,'','44525445','',1,''),(2511,' ','245011058','.  , 9',1,'40106810545250000000'),(2512,'','245011058','',1,'40301810845250000000'),(2513,'','245011058','',1,''),(2514,' ','42908701',' , 4',1,'30101810600000000000'),(2515,'','42908701','',1,''),(2516,'   ','260000867',' , 112',1,'40202810545376000000'),(2517,'','260000867','',1,'40301810100000000000'),(2518,'','260000867','',1,''),(2519,'','201000873','- , 59',1,'40301810800000000000'),(2520,'','201000873','',1,''),(2521,'   ','220000008',' , 1',1,'40301810300000000000'),(2522,'','220000008','',1,''),(2523,'-   ()  . ','47144721','- , 12',1,'30101810400000000000'),(2524,'','47144721','',1,''),(2525,'','47144721','',1,''),(2526,'  ()','44525247','. ,  23,  4',1,'30101810200000000000'),(2527,'','44525247','',1,''),(2528,'','44525247','',1,''),(2529,'   ','44030308','.  , . 37,  ,  609',1,'30103810245374000000'),(2530,'','44030308','',1,''),(2531,'   ','238000020',' . , 7',1,'40301810200000000000'),(2532,'','238000020','',1,''),(2533,'   ','42520607','.  , .10',1,'30101810900000000000'),(2534,'','42520607','',1,''),(2535,'','42520607','',1,''),(2536,' -','46577781',' 8 , 51,  10,  8.1',1,'30101810600000000000'),(2537,'','46577781','',1,''),(2538,' ','285000012',' .., 18',1,'40301810400000000000'),(2539,'','285000012','',1,''),(2540,'- ()','44525685',' ,  73',1,'30101810845250000000'),(2541,'','44525685','',1,''),(2542,'','44525685','',1,''),(2543,'  -    ()','49205677','. , .4',1,'30101810845379200000'),(2544,'','49205677','',1,''),(2545,' ','46902728','- , 90',1,'30101810500000000000'),(2546,'','46902728','',1,''),(2547,'','46902728','',1,''),(2548,'   -','40813770',' -, 36',1,'30101810800000000000'),(2549,'','40813770','',1,''),(2550,'    -  ','49706723',', 4',1,'30101810600000000000'),(2551,'','49706723','',1,''),(2552,' -   ()','49706717',' , 138',1,'30101810700000000000'),(2553,'','49706717','',1,''),(2554,'    -  ','49706725',', 4',1,'30101810200000000000'),(2555,'','49706725','',1,''),(2556,'   - ','271001005','  , 14',1,'40301810600000000000'),(2557,'','271001005','',1,''),(2558,'   -  ','46311751','. , 4',1,'30101810100000000000'),(2559,'','46311751','',1,''),(2560,'   ','263000258',' , 116',1,'40202810822020000000'),(2561,'','263000258','',1,'40301810200000000000'),(2562,'','263000258','',1,''),(2563,' ','46015078',' ,  233',1,'30101810760150000000'),(2564,'','46015078','',1,''),(2565,'','46015078','',1,''),(2566,'  ','49805770','- , 1',1,'30101810300000000000'),(2567,'','49805770','',1,''),(2568,'','49805770','',1,''),(2569,'   () -  ','44525173','. , . 4',1,'30101810645250000000'),(2570,'','44525173','',1,''),(2571,'  ','100070032','. . , 80',1,''),(2572,'   ','235000565','. , . 18',1,'40202810145373500000'),(2573,'','235000565','',1,'40301810035100000000'),(2574,'','235000565','',1,''),(2575,' ','40147000','.  , 127',1,''),(2576,' ','45795000',' 20  , 122',1,''),(2577,'  N8598  ','48073601','  , 5',1,'30101810300000000000'),(2578,'','48073601','',1,''),(2579,'   1  ','49033746','. , .4',1,'30101810900000000000'),(2580,'','49033746','',1,''),(2581,'   ()  ','49033764','. , .4',1,'30101810500000000000'),(2582,'','49033764','',1,''),(2583,'  - ()  ','49033780','. , .4',1,'30101810500000000000'),(2584,'','49033780','',1,''),(2585,'    ','49033199',' , 20',1,'30111810990330000000'),(2586,'','49033199','',1,''),(2587,'   ','44525808','. , . 10',1,'30101810500000000000'),(2588,'','44525808','',1,''),(2589,'','44525808','',1,''),(2590,'   -  ','41909717',' , 4',1,'30101810400000000000'),(2591,'','41909717','',1,''),(2592,'  6318   ()','43601968',' , 204',1,'30101810422023600000'),(2593,'','43601968','',1,''),(2594,'','43601968','',1,''),(2595,'  ()','44525187',' .,  12',1,'30101810700000000000'),(2596,'','44525187','',1,''),(2597,'','44525187','',1,''),(2598,' -','44525593','. , . 27',1,'30101810200000000000'),(2599,'','44525593','',1,''),(2600,'','44525593','',1,''),(2601,' ','49401814',' , 268',1,'30101810200000000000'),(2602,'','49401814','',1,''),(2603,'','49401814','',1,''),(2604,'     ','44525690',' , 4',1,'30101810445250000000'),(2605,'','44525690','',1,''),(2606,'   ','44525303','.  , . 10',1,'30103810100000000000'),(2607,'','44525303','',1,''),(2608,'     -  ','44525737',' , 4',1,'30101810845250000000'),(2609,'','44525737','',1,''),(2610,'   - -  ','44525679','. , . 4',1,'30101810945250000000'),(2611,'','44525679','',1,''),(2612,'    -  ','44525126','. , . 4',1,'30101810800000000000'),(2613,'','44525126','',1,''),(2614,'   - ','44525676','. , . 4',1,'30101810045250000000'),(2615,'','44525676','',1,''),(2616,'  -  -  ','44525320','. , . 4',1,'30101810800000000000'),(2617,'','44525320','',1,''),(2618,'     -  ','43678859',' -, 8',1,'30101810500000000000'),(2619,'','43678859','',1,''),(2620,'  - -  ','43678929',' -, 8',1,'30101810100000000000'),(2621,'','43678929','',1,''),(2622,'  ','44525412',' ,  , 24- , . 1, . 1, 9 ',1,'30101810445250000000'),(2623,'','44525412','',1,''),(2624,'','44525412','',1,''),(2625,'   ','224000020',' , 9',1,'40301810400000000000'),(2626,'','224000020','',1,''),(2627,'   () -  ','44525429',' , 4',1,'30101810400000000000'),(2628,'','44525429','',1,''),(2629,'    ','200000046','- , .16',1,'40301810245370500000'),(2630,'','200000046','',1,''),(2631,'    ','200000027','. , 101',1,'40301810445370500000'),(2632,'','200000027','',1,''),(2633,'       ','200000048','.  . 45',1,'40202810145373200000'),(2634,'','200000048','',1,'40301810745373200000'),(2635,'','200000048','',1,''),(2636,'     . ','200000056','.  . 11',1,'40202810845370400000'),(2637,'','200000056','',1,'40301810445370400000'),(2638,'','200000056','',1,''),(2639,'    2    ','200000058','.  , . 36',1,'40202810145370400000'),(2640,'','200000058','',1,'40301810745370400000'),(2641,'','200000058','',1,''),(2642,'    ','200000045','. , .32',1,'40301810845379300000'),(2643,'','200000045','',1,''),(2644,'    ','45004818','  , 53',1,'30101810050040000000'),(2645,'','45004818','',1,''),(2646,'  ','40507795',' , 47',1,'30101810800000000000'),(2647,'','40507795','',1,''),(2648,'','40507795','',1,''),(2649,'  ','40507705',' , 27 ',1,'30101810900000000000'),(2650,'','40507705','',1,''),(2651,'','40507705','',1,''),(2652,'   ','40507803',' -, 44',1,'30101810200000000000'),(2653,'','40507803','',1,''),(2654,'','40507803','',1,''),(2655,' ','40507717',' , 6 ',1,'30101810600000000000'),(2656,'','40507717','',1,''),(2657,'','40507717','',1,''),(2658,'   ','40507840','-  , 3',1,'30101810905070000000'),(2659,'','40507840','',1,''),(2660,'     ','44525299','  . 16 ,  1',1,'30103810900000000000'),(2661,'','44525299','',1,''),(2662,'','44525299','',1,''),(2663,'  ()','43510607','   60- ,  34',1,'30101810335100000000'),(2664,'','43510607','',1,''),(2665,'  ','49205774','  , 3',1,'30101810500000000000'),(2666,'','49205774','',1,''),(2667,'','49205774','',1,''),(2668,'   ()','44525135',' ,  14',1,'30101810845250000000'),(2669,'','44525135','',1,''),(2670,'','44525135','',1,''),(2671,'   -','46577964',' , 7-',1,'30101810100000000000'),(2672,'','46577964','',1,''),(2673,'     () -  ','44525526','. , . 4',1,'30101810645250000000'),(2674,'','44525526','',1,''),(2675,'    . ','200000013','. , 22',1,'40202810045370400000'),(2676,'','200000013','',1,'40301810645370400000'),(2677,'','200000013','',1,''),(2678,'    ','200000004','. , 25',1,'40301810045370700000'),(2679,'','200000004','',1,''),(2680,'     . ','200000040','.  , .14',1,'40301810045376300000'),(2681,'','200000040','',1,''),(2682,'     . ','200000041','. , .3',1,'40301810745376300000'),(2683,'','200000041','',1,''),(2684,'      ','200000043',' , . 17',1,'40301810545374400000'),(2685,'','200000043','',1,''),(2686,'     ','200000076','. , .24',1,'40301810845371900000'),(2687,'','200000076','',1,''),(2688,'     .','200000063','. , .162',1,'40202810745377000000'),(2689,'','200000063','',1,'40301810345377000000'),(2690,'','200000063','',1,''),(2691,'    -  ','42202720',' , 4',1,'30101810100000000000'),(2692,'','42202720','',1,''),(2693,' ','44525453',' ,  57  1',1,'30101810145250000000'),(2694,'','44525453','',1,''),(2695,'  -    ()','42202733',' , 4',1,'30101810122020000000'),(2696,'','42202733','',1,''),(2697,'    -  ','42202773',' , 4',1,'30101810522020000000'),(2698,'','42202773','',1,''),(2699,'   ','222000300',',  2',1,'40202810600000000000'),(2700,'','222000300','',1,'40301810800000000000'),(2701,'','222000300','',1,''),(2702,'    -  ','44525621',' , 4',1,'30101810045250000000'),(2703,'','44525621','',1,''),(2704,'     -  ','44525592',' , 4',1,'30101810900000000000'),(2705,'','44525592','',1,''),(2706,'    -  ','44525636',' , 4',1,'30101810645250000000'),(2707,'','44525636','',1,''),(2708,'  () -  ','44525653',' , 4',1,'30101810945250000000'),(2709,'','44525653','',1,''),(2710,'    -  ','44525664',' , 4',1,'30101810345250000000'),(2711,'','44525664','',1,''),(2712,'','278000688','- , . 1',1,'40202810645250000000'),(2713,'','278000688','',1,'40301810245250000000'),(2714,'','278000688','',1,''),(2715,'   ()- ','44525672',' , 4',1,'30101810845250000000'),(2716,'','44525672','',1,''),(2717,'','278000785',' , 13',1,'40202810145250000000'),(2718,'','278000785','',1,'40301810745250000000'),(2719,'','278000785','',1,''),(2720,'','278000760','. ,  14,  3',1,'40503810545250000000'),(2721,'','278000760','',1,''),(2722,'','278000689',' ., . 22, . 3',1,'40503810645250000000'),(2723,'','278000689','',1,''),(2724,'  ','44525809',' ,  118, . 1',1,'30101810545374500000'),(2725,'','44525809','',1,''),(2726,'   ()','44525058','  ,  ,  38,  1,  2/4',1,'30103810145374500000'),(2727,'','44525058','',1,''),(2728,'   ','244000054',' , 6',1,'40202810545374400000'),(2729,'','244000054','',1,'40301810000000000000'),(2730,'','244000054','',1,''),(2731,'','208000079','. -, . 19,  103',1,'40202810245370800000'),(2732,'','208000079','',1,'40301810800000000000'),(2733,'','208000079','',1,''),(2734,'        ','200000033','. , . 34',1,'40202810445378000000'),(2735,'','200000033','',1,'40301810745378000000'),(2736,'','200000033','',1,''),(2737,'    ','200000355','. , . 1',1,'40202810845375900000'),(2738,'','200000355','',1,'40301810245375900000'),(2739,'','200000355','',1,''),(2740,'    ','200000353','. , . 31/8',1,'40202810545375900000'),(2741,'','200000353','',1,'40301810645375900000'),(2742,'','200000353','',1,''),(2743,'        ','200000053','. . , .118',1,'40202810845378100000'),(2744,'','200000053','',1,'40301810945378100000'),(2745,'','200000053','',1,''),(2746,'          ','200000049','. , . 85',1,'40202810645378100000'),(2747,'','200000049','',1,'40301810845378100000'),(2748,'','200000049','',1,''),(2749,'        ','200000054','. , . 6',1,'40202810945378100000'),(2750,'','200000054','',1,'40301810145378100000'),(2751,'','200000054','',1,''),(2752,'  ','200000351','.  , . 2',1,'40202810345375800000'),(2753,'','200000351','',1,'40301810345375800000'),(2754,'','200000351','',1,''),(2755,'  ','200000354','. , . 26',1,'40202810645375800000'),(2756,'','200000354','',1,'40301810045375800000'),(2757,'','200000354','',1,''),(2758,'  ','200000352','. , . 1',1,'40202810945375800000'),(2759,'','200000352','',1,'40301810645375800000'),(2760,'','200000352','',1,''),(2761,'    1    ','200000005','. , .2',1,'40202810445373500000'),(2762,'','200000005','',1,'40301810045373500000'),(2763,'','200000005','',1,''),(2764,' -  ','46711119','- , .1',1,'30101810545376700000'),(2765,'','46711119','',1,''),(2766,' -  ','45004816',' , 37 ',1,'30101810500000000000'),(2767,'','45004816','',1,''),(2768,'','45004816','',1,''),(2769,' -  ','44371122','    , . 4',1,'30101810745374400000'),(2770,'','44371122','',1,''),(2771,' -  ','42157106','- , 8',1,'30101810745372200000'),(2772,'','42157106','',1,''),(2773,'- -  ','44030920',' , 38  ',1,'30101810000000000000'),(2774,'','44030920','',1,''),(2775,'','44030920','',1,''),(2776,'    ()','44525313','. , . 7, . 1',1,'30103810445250000000'),(2777,'','44525313','',1,''),(2778,' - ()','44525161',' ,  39,  80',1,'30101810945250000000'),(2779,'','44525161','',1,''),(2780,'','44525161','',1,''),(2781,'   ()','45004832','  , 86',1,'30103810100000000000'),(2782,'','45004832','',1,'30214810350040000000'),(2783,'','45004832','',1,''),(2784,'','45004832','',1,''),(2785,'    ','42157901','. , 38',1,'40102810745370000000'),(2786,'','42157901','',1,'40116810045370000000'),(2787,'','42157901','',1,'40116810345370000000'),(2788,'','42157901','',1,'40116810145370000000'),(2789,'','42157901','',1,'40116810445370000000'),(2790,'','42157901','',1,''),(2791,'  ','44030757',' , 8 .  . 1-',1,'30101810600000000000'),(2792,'','44030757','',1,''),(2793,'','44030757','',1,''),(2794,'    ','48073948',' , 27',1,'30101810980730000000'),(2795,'','48073948','',1,''),(2796,'    -  ','43469714',' , 4',1,'30101810300000000000'),(2797,'','43469714','',1,''),(2798,'  ','41012718',' . , 1',1,'30101810700000000000'),(2799,'','41012718','',1,'30101810700000000000'),(2800,'','41012718','',1,'30101810700000000000'),(2801,'','41012718','',1,''),(2802,'','41012718','',1,''),(2803,'  ','44525989','. , . 2',1,'30103810845374500000'),(2804,'','44525989','',1,''),(2805,'','44525989','',1,''),(2806,'   ','44030783','. , . 3,  2,  ,  234, 238, 239',1,'30101810700000000000'),(2807,'','44030783','',1,'30101810700000000000'),(2808,'','44030783','',1,''),(2809,'     ','200000002','  .. ,  1',1,'40301810045373700000'),(2810,'','200000002','',1,''),(2811,'     ','200000003','.  , . 1',1,'40301810745373700000'),(2812,'','200000003','',1,''),(2813,'      ','200000007',' ,  5',1,'40301810545374200000'),(2814,'','200000007','',1,''),(2815,'   () -  ','44525238','. , . 4',1,'30101810645250000000'),(2816,'','44525238','',1,''),(2817,'','44525238','',1,''),(2818,'  - -  ','44525261','. , . 4',1,'30101810845250000000'),(2819,'','44525261','',1,''),(2820,'   () -  ','44525319','. , . 4',1,'30101810645250000000'),(2821,'','44525319','',1,''),(2822,'','44525319','',1,''),(2823,'   -  ','44525298','. , . 4',1,'30101810245250000000'),(2824,'','44525298','',1,''),(2825,'','44525298','',1,''),(2826,'    -  ','44525325','. , . 4',1,'30101810545250000000'),(2827,'','44525325','',1,''),(2828,'  - () -  ','44525756',' , 4',1,'30101810745250000000'),(2829,'','44525756','',1,''),(2830,'    -  ','44525553','. , . 4',1,'30101810045250000000'),(2831,'','44525553','',1,''),(2832,'   () -  ','44525775','. , . 4',1,'30101810645250000000'),(2833,'','44525775','',1,''),(2834,'  - -  ','44525773','. , . 4',1,'30101810045250000000'),(2835,'','44525773','',1,''),(2836,'    -  ','44525931','. , . 4',1,'30101810845250000000'),(2837,'','44525931','',1,''),(2838,'','44525931','',1,''),(2839,' -  -  ','44525941','. , . 4',1,'30101810945250000000'),(2840,'','44525941','',1,''),(2841,'  ','44501050','Office .55, Yarzathingaha Street, Ottarathiri Township',1,'30111810645370000000'),(2842,'','44501050','',1,''),(2843,'    ()','44525767',' ,  14',1,'30101810900000000000'),(2844,'','44525767','',1,''),(2845,'','44525767','',1,''),(2846,'   ','247000033','- , 75',1,'40202810545374700000'),(2847,'','247000033','',1,'40301810800000000000'),(2848,'','247000033','',1,''),(2849,'  - ','41203726',' , 4',1,'30101810800000000000'),(2850,'','41203726','',1,''),(2851,'       .   ','200000345','. . , 62',1,'40206810445375200000'),(2852,'','200000345','',1,''),(2853,'    - ','43209705',' ,  51/2, 3',1,'30101810700000000000'),(2854,'','43209705','',1,''),(2855,'  - -  ','45209703','. , .54',1,'30101810050045200000'),(2856,'','45209703','',1,''),(2857,'   () -  ','44525401','. , . 4',1,'30101810800000000000'),(2858,'','44525401','',1,''),(2859,'   ','46311001',' , .2, .1',1,''),(2860,' -  ','41806715',' .  , 65 ',1,'30101810100000000000'),(2861,'','41806715','',1,''),(2862,'','41806715','',1,''),(2863,'-   ','46015602',' , 37',1,'30101810600000000000'),(2864,'','46015602','',1,''),(2865,'','46015602','',1,''),(2866,'   ','17601329',' , 17',1,'40102810945370000000'),(2867,'','17601329','',1,'40816810300000000000'),(2868,'','17601329','',1,''),(2869,'   ()  .  ','42202891','. ,  19/6',1,'30101810000000000000'),(2870,'','42202891','',1,''),(2871,'   ','44525498',' ,  1,  57,  2,3',1,'30101810045250000000'),(2872,'','44525498','',1,''),(2873,'','44525498','',1,''),(2874,'    ','44525086',' , . 20,  1',1,'30101810745250000000'),(2875,'','44525086','',1,''),(2876,'   ','233000221','  , 69',1,'40202810145373300000'),(2877,'','233000221','',1,'40301810600000000000'),(2878,'','233000221','',1,''),(2879,'  ','44525245',' ,  8,  1',1,'30101810845250000000'),(2880,'','44525245','',1,''),(2881,'','44525245','',1,''),(2882,' 4   -','40702734','. , 284/1',1,'30101810400000000000'),(2883,'','40702734','',1,''),(2884,'    ','200000357','. , 4-',1,'40301810845371700000'),(2885,'','200000357','',1,''),(2886,'   ','40349830','. , 4',1,'30101810600000000000'),(2887,'','40349830','',1,''),(2888,' - ()','44525341',' ,  25',1,'30101810300000000000'),(2889,'','44525341','',1,''),(2890,'','44525341','',1,''),(2891,'   ','44680002','. , . 2',1,''),(2892,'   -','44525774','  ,  4, 4 ,  10',1,'30101810345250000000'),(2893,'','44525774','',1,''),(2894,'  ()','47888728',' , 30',1,'30101810300000000000'),(2895,'','47888728','',1,''),(2896,' -   -','44030871','- , . 28',1,'30101810745374000000'),(2897,'','44030871','',1,''),(2898,' -   -','44030817','. , . 18',1,'30101810945374000000'),(2899,'','44030817','',1,''),(2900,'    ','200000359',' ,  175',1,'40301810745371700000'),(2901,'','200000359','',1,''),(2902,'    ','200000360','  ,  44',1,'40301810445371700000'),(2903,'','200000360','',1,''),(2904,'   ','200000362','1 ,  55',1,'40301810145371700000'),(2905,'','200000362','',1,''),(2906,'    ','46577517',' ,  55',1,'30101810065770000000'),(2907,'','46577517','',1,'30101810065770000000'),(2908,'','46577517','',1,''),(2909,'-   ','42202603',' , 35',1,'30101810900000000000'),(2910,'','42202603','',1,''),(2911,'','42202603','',1,''),(2912,'   (), . ','40507867',' -, 131 ',1,'30101810000000000000'),(2913,'','40507867','',1,'30101810000000000000'),(2914,'','40507867','',1,''),(2915,'','40507867','',1,''),(2916,'    -  ','44525322','. , . 4',1,'30101810645250000000'),(2917,'','44525322','',1,''),(2918,' ','42202718',' , 13',1,'30101810422020000000'),(2919,'','42202718','',1,''),(2920,'  ','49205800','. , .24',1,'30101810845379200000'),(2921,'','49205800','',1,''),(2922,'','49205800','',1,''),(2923,'   1   .','200000366','. , 69',1,'40202810445373300000'),(2924,'','200000366','',1,'40301810045373300000'),(2925,'','200000366','',1,''),(2926,'   ','268000429',' , 53',1,'40202810445370000000'),(2927,'','268000429','',1,'40202810745370000000'),(2928,'','268000429','',1,'40301810500000000000'),(2929,'','268000429','',1,''),(2930,'   ','211000123',' , 1',1,'40202810945371100000'),(2931,'','211000123','',1,'40301810800000000000'),(2932,'','211000123','',1,''),(2933,'    ','41117309',' , 3',1,'30103810400000000000'),(2934,'','41117309','',1,''),(2935,'  7806   ()','44030707','.  , . 52,  ',1,'30101810240300000000'),(2936,'','44030707','',1,''),(2937,'','44030707','',1,''),(2938,'- 8647  ','47102651',' , 61',1,'30101810800000000000'),(2939,'','47102651','',1,''),(2940,'','47102651','',1,''),(2941,'   ','42785100',' , 27 ',1,'40116810827850000000'),(2942,'','42785100','',1,'40116810127850000000'),(2943,'','42785100','',1,'40116810327850000000'),(2944,'','42785100','',1,'40116810527850000000'),(2945,'','42785100','',1,'40116810127850000000'),(2946,'','42785100','',1,'40116810127850000000'),(2947,'','42785100','',1,'40116810340800000000'),(2948,'','42785100','',1,'40116810540800000000'),(2949,'','42785100','',1,'40116810940800100000'),(2950,'','42785100','',1,''),(2951,'  ','44525388','. , . 27/35',1,'30101810800000000000'),(2952,'','44525388','',1,''),(2953,'','44525388','',1,''),(2954,'- -    ','44030795',' ,  3,  ',1,'30101810540300000000'),(2955,'','44030795','',1,''),(2956,'..  - ','48073765','. , . 4',1,'30101810480730000000'),(2957,'','48073765','',1,''),(2958,'-     ','42282881',' , 8',1,'30101810300000000000'),(2959,'','42282881','',1,'30101810300000000000'),(2960,'','42282881','',1,''),(2961,'  ','44525201','.  , . 1',1,'30101810000000000000'),(2962,'','44525201','',1,''),(2963,'','44525201','',1,''),(2964,' ','44525111',' ,  3',1,'30101810200000000000'),(2965,'','44525111','',1,''),(2966,'','44525111','',1,''),(2967,'    ','40053194','.  , .11, .1',1,'40116810945376600000'),(2968,'','40053194','',1,''),(2969,'    ','40052193','.  , .11, .1',1,'40116810745376600000'),(2970,'','40052193','',1,''),(2971,'    ','40054196','.  , .11, .1',1,'40116810745376600000'),(2972,'','40054196','',1,''),(2973,'    ','43512200','.  , .11, .1',1,'40116810045376600000'),(2974,'','43512200','',1,''),(2975,'    ','46080102','.  , .11, .1',1,'40116810745376600000'),(2976,'','46080102','',1,''),(2977,'    ','46709112','.  , .11, .1',1,'40116810345376600000'),(2978,'','46709112','',1,''),(2979,'    ','40051194','.  , .11, .1',1,'40116810445376600000'),(2980,'','40051194','',1,''),(2981,'    --','200000368','.  , . 13, . 115',1,'40301810345370800000'),(2982,'','200000368','',1,''),(2983,'-    ','200000367','. , .14',1,'40202810345373000000'),(2984,'','200000367','',1,''),(2985,'      ','200000369','. , .60',1,'40301810545370800000'),(2986,'','200000369','',1,''),(2987,' -  ','46577975',' . , 4',1,'30101810500000000000'),(2988,'','46577975','',1,''),(2989,'  ','40507595','. , . 33',1,'30101810205070000000'),(2990,'','40507595','',1,''),(2991,'   ()','40507707',' , 15',1,'30103810305070000000'),(2992,'','40507707','',1,''),(2993,'   ','40507750',' 100- ,  155,  ',1,'30101810105070000000'),(2994,'','40507750','',1,''),(2995,'   ','40173733','- , 80 ',1,'30101810100000000000'),(2996,'','40173733','',1,''),(2997,'   ','41012731',' , 142',1,'30101810800000000000'),(2998,'','41012731','',1,''),(2999,'   ','41117772','  , 34',1,'30101810000000000000'),(3000,'','41117772','',1,''),(3001,'   ','48073934',' , 70',1,'30101810200000000000'),(3002,'','48073934','',1,''),(3003,'   ','41403740',' , 49',1,'30101810200000000000'),(3004,'','41403740','',1,''),(3005,'   ','41501747','- , 23',1,'30101810500000000000'),(3006,'','41501747','',1,''),(3007,'   ','48142727',' , 57 ',1,'30101810400000000000'),(3008,'','48142727','',1,''),(3009,'   ','41708772',' . , 1 ',1,'30101810600000000000'),(3010,'','41708772','',1,''),(3011,'   ','41806863',' , 1 ',1,'30101810900000000000'),(3012,'','41806863','',1,''),(3013,'   ','42007811',' -, 19 ',1,'30101810700000000000'),(3014,'','42007811','',1,''),(3015,'   ','48209793','- , 54 ',1,'30101810000000000000'),(3016,'','48209793','',1,''),(3017,'   ','42406780','- , 21,  1',1,'30101810300000000000'),(3018,'','42406780','',1,''),(3019,'   ','42618783',' , 13 ',1,'30101810300000000000'),(3020,'','42618783','',1,''),(3021,'   ','42520700',' , 21',1,'30101810700000000000'),(3022,'','42520700','',1,''),(3023,'-   ','48327710','- , 10 ',1,'30101810100000000000'),(3024,'','48327710','',1,''),(3025,'   ','42748878',' , 3',1,'30101810500000000000'),(3026,'','42748878','',1,''),(3027,'   ','42908780','. , . 2',1,'30101810100000000000'),(3028,'','42908780','',1,''),(3029,'   ','43002801','- 50  , 21',1,'30101810100000000000'),(3030,'','43002801','',1,''),(3031,'   ','43207782',' -, 8 ',1,'30101810800000000000'),(3032,'','43207782','',1,''),(3033,'   ','43304787',' , 5',1,'30101810600000000000'),(3034,'','43304787','',1,''),(3035,'   ','48702739',' , 112/1',1,'30101810900000000000'),(3036,'','48702739','',1,''),(3037,'   ','43469731','- , 6',1,'30101810600000000000'),(3038,'','43469731','',1,''),(3039,'   ','40349536','. . , 2',1,'30101810700000000000'),(3040,'','40349536','',1,''),(3041,'   ','40407923','. , . 33',1,'30101810300000000000'),(3042,'','40407923','',1,''),(3043,'   ','43807798',' , 12',1,'30101810700000000000'),(3044,'','43807798','',1,''),(3045,'   ','44206756',' , 17 ',1,'30101810800000000000'),(3046,'','44206756','',1,''),(3047,'   .','200000364',' .,2',1,'40202810445372600000'),(3048,'','200000364','',1,'40301810745372600000'),(3049,'','200000364','',1,''),(3050,'   ','200000372','. , . 75',1,'40202810245374700000'),(3051,'','200000372','',1,'40301810845374700000'),(3052,'','200000372','',1,''),(3053,'     . ','200000371','.  , 3',1,'40202810745373300000'),(3054,'','200000371','',1,'40301810345373300000'),(3055,'','200000371','',1,''),(3056,'   .   1','200000363',' , . 2, . 202',1,'40202810245378600000'),(3057,'','200000363','',1,'40301810145378600000'),(3058,'','200000363','',1,''),(3059,'   .   2','200000365',' , . 2',1,'40202810545378600000'),(3060,'','200000365','',1,'40301810445378600000'),(3061,'','200000365','',1,''),(3062,'   - ','200000223','. , . 3, . 25',1,'40301810145370800000'),(3063,'','200000223','',1,''),(3064,'   ','226000017','. , 37',1,'40202810545372600000'),(3065,'','226000017','',1,'40301810100000000000'),(3066,'','226000017','',1,''),(3067,'   ','42368903','.  , . 11',1,'40102810545370000000'),(3068,'','42368903','',1,'40116810845370000000'),(3069,'','42368903','',1,'40116810145370000000'),(3070,'','42368903','',1,'40116810045370000000'),(3071,'','42368903','',1,'40116810445370000000'),(3072,'','42368903','',1,'40116810745370000000'),(3073,'','42368903','',1,'40116810445370000000'),(3074,'','42368903','',1,''),(3075,'    ','200000209','. , . 14',1,'40202810945378600000'),(3076,'','200000209','',1,'40301810845378600000'),(3077,'','200000209','',1,''),(3078,' - ','46015718','  , . 140',1,'30101810145376000000'),(3079,'','46015718','',1,''),(3080,'  ','44525158',' ,  20,  2',1,'30101810945250000000'),(3081,'','44525158','',1,''),(3082,'','44525158','',1,''),(3083,'    ','44030751','...    7,  9- .., . 34,  ',1,'30101810940300000000'),(3084,'','44030751','',1,''),(3085,'   ','48860721',' , 116',1,'30101810400000000000'),(3086,'','48860721','',1,''),(3087,'   ','48952750',' , 47 ',1,'30101810900000000000'),(3088,'','48952750','',1,''),(3089,'   ','42202846',' , 3',1,'30101810000000000000'),(3090,'','42202846','',1,''),(3091,'   ','45004784',' , 13',1,'30101810700000000000'),(3092,'','45004784','',1,''),(3093,'   ','45209822',' , 52',1,'30101810900000000000'),(3094,'','45209822','',1,''),(3095,'   ','45354816',' , 59 ',1,'30101810000000000000'),(3096,'','45354816','',1,''),(3097,'   ','45402751',' , 31  ',1,'30101810700000000000'),(3098,'','45402751','',1,''),(3099,'   ','45655718',' , 39',1,'30101810600000000000'),(3100,'','45655718','',1,''),(3101,'   ','45773897',' , 50',1,'30101810800000000000'),(3102,'','45773897','',1,''),(3103,'   ','40507861','.  , .12',1,'30101810200000000000'),(3104,'','40507861','',1,''),(3105,'   ','45805772',' , 44 ',1,'30101810900000000000'),(3106,'','45805772','',1,''),(3107,'   ','46015211','- , .37',1,'30101810800000000000'),(3108,'','46015211','',1,''),(3109,'   - ','44525720','  1-,  7, . 1',1,'30101810645250000000'),(3110,'','44525720','',1,''),(3111,'   - ','44525430','  1-,  7, . 1',1,'30101810045250000000'),(3112,'','44525430','',1,''),(3113,'   ','46126793',' , 58',1,'30101810900000000000'),(3114,'','46126793','',1,''),(3115,'   ','43601978',' -,  207',1,'30101810900000000000'),(3116,'','43601978','',1,''),(3117,'-   ','44030910',' , 5-1  ',1,'30101810900000000000'),(3118,'','44030910','',1,''),(3119,'','44030910','',1,''),(3120,'   ','46311843',' .  .., 65/2',1,'30101810500000000000'),(3121,'','46311843','',1,''),(3122,'   ','46401747','- , 107',1,'30101810500000000000'),(3123,'','46401747','',1,''),(3124,'   ','46577922','  , 15',1,'30101810100000000000'),(3125,'','46577922','',1,''),(3126,'   ','46614776',' , 2 ',1,'30101810500000000000'),(3127,'','46614776','',1,''),(3128,'   ','40702701','  , 26',1,'30101810200000000000'),(3129,'','40702701','',1,''),(3130,'   ','46850713','  , 20',1,'30101810600000000000'),(3131,'','46850713','',1,''),(3132,'   ','49205706',' , 80',1,'30101810400000000000'),(3133,'','49205706','',1,''),(3134,'   ','42809795','  , 37',1,'30101810600000000000'),(3135,'','42809795','',1,''),(3136,' -  -','44030786',' , 40  ',1,'30101810600000000000'),(3137,'','44030786','',1,''),(3138,'   ','282000048',' , 1',1,'40202810745378200000'),(3139,'','282000048','',1,'40301810200000000000'),(3140,'','282000048','',1,''),(3141,'   1   .','200000375','. , 79',1,'40202810045373300000'),(3142,'','200000375','',1,'40301810645373300000'),(3143,'','200000375','',1,''),(3144,'   2   .','200000376','. , 69',1,'40202810345373300000'),(3145,'','200000376','',1,'40301810945373300000'),(3146,'','200000376','',1,''),(3147,'   ','269000094',' , 6',1,'40202810145375000000'),(3148,'','269000094','',1,'40301810800000000000'),(3149,'','269000094','',1,''),(3150,' -','44525232','. , .18, .1',1,'30101810600000000000'),(3151,'','44525232','',1,''),(3152,'','44525232','',1,''),(3153,'  2351   ()','40349758','. , 43/ . . , 68',1,'30101810703490000000'),(3154,'','40349758','',1,''),(3155,'','40349758','',1,''),(3156,'   ','46902711',' , 8 ',1,'30101810300000000000'),(3157,'','46902711','',1,''),(3158,'   ','49304738','.  , . 23',1,'30101810400000000000'),(3159,'','49304738','',1,''),(3160,'   ','47003715',' , 5',1,'30101810400000000000'),(3161,'','47003715','',1,''),(3162,'   ','47102622',' , 21',1,'30101810800000000000'),(3163,'','47102622','',1,''),(3164,'   ','49401710',' , 30',1,'30101810100000000000'),(3165,'','49401710','',1,''),(3166,'   ','47308897',' , 15,  1',1,'30101810200000000000'),(3167,'','47308897','',1,''),(3168,'   ','40813733','. , 28',1,'30101810300000000000'),(3169,'','40813733','',1,''),(3170,'   ','47501821','- , 26 ',1,'30101810400000000000'),(3171,'','47501821','',1,''),(3172,'   ','49690719','- .. , 10/77',1,'30101810600000000000'),(3173,'','49690719','',1,''),(3174,'   ','47601740',' -, 21',1,'30101810400000000000'),(3175,'','47601740','',1,''),(3176,'   ','49706752',' -, 31',1,'30101810600000000000'),(3177,'','49706752','',1,''),(3178,'   ','49805771',' , 12',1,'30101810600000000000'),(3179,'','49805771','',1,''),(3180,'   ','47888717',' , 28 ',1,'30101810900000000000'),(3181,'','47888717','',1,''),(3182,'    -  ','44525986',' , 4',1,'30101810600000000000'),(3183,'','44525986','',1,''),(3184,' 10   -','42202717','. , .139, . 4',1,'30101810122020000000'),(3185,'','42202717','',1,''),(3186,' -  ','42202803','. , . 31, 1',1,'30101810700000000000'),(3187,'','42202803','',1,''),(3188,'','42202803','',1,''),(3189,'   , ','200000370','.,249',1,'40301810045378600000'),(3190,'','200000370','',1,''),(3191,'  .    ','200000015',' , . 33',1,'40301810845379700000'),(3192,'','200000015','',1,''),(3193,'      ','200000009','. , 12',1,'40202810645373300000'),(3194,'','200000009','',1,'40301810245373300000'),(3195,'','200000009','',1,''),(3196,'    . ','200000008','- . .., . 15',1,'40301810045371800000'),(3197,'','200000008','',1,''),(3198,'  8621  ','41806647',' , 40',1,'30101810100000000000'),(3199,'','41806647','',1,''),(3200,'  N8625  ','41203602',' , 41',1,'30101810500000000000'),(3201,'','41203602','',1,''),(3202,'   ()','44525976',' ,  18',1,'30101810500000000000'),(3203,'','44525976','',1,''),(3204,'','44525976','',1,''),(3205,'    -  ','42202908','. , 4',1,'30101810445372200000'),(3206,'','42202908','',1,''),(3207,'  -  ','40173754',' , 4',1,'30101810600000000000'),(3208,'','40173754','',1,''),(3209,'     .-','44030706',' , 9',1,'30101810800000000000'),(3210,'','44030706','',1,''),(3211,' ','279000070',' , 199',1,'40202810545377900000'),(3212,'','279000070','',1,'40301810200000000000'),(3213,'','279000070','',1,''),(3214,'   ','273000290',' , 1',1,'40202810345377300000'),(3215,'','273000290','',1,'40301810200000000000'),(3216,'','273000290','',1,''),(3217,'   ','270000017',' , .2',1,'40202810445377000000'),(3218,'','270000017','',1,'40301810700000000000'),(3219,'','270000017','',1,''),(3220,'     ','44525297',' ,  5,  1',1,'30101810945250000000'),(3221,'','44525297','',1,''),(3222,'','44525297','',1,''),(3223,'    -  ','48952752',' , 4',1,'30101810500000000000'),(3224,'','48952752','',1,''),(3225,'  .','44525266','. , . 10',1,'30101810345250000000'),(3226,'','44525266','',1,''),(3227,'','44525266','',1,''),(3228,'   ','237000125',' , 25',1,'40202810445373700000'),(3229,'','237000125','',1,'40301810300000000000'),(3230,'','237000125','',1,''),(3231,'    ','200000348','. , . 48',1,'40202810945377200000'),(3232,'','200000348','',1,'40301810345377200000'),(3233,'','200000348','',1,''),(3234,'  ','46401989',' ,  2',1,'30103810864010000000'),(3235,'','46401989','',1,'30103810864010000000'),(3236,'','46401989','',1,''),(3237,'  ()','44030877','. , . 39,  ',1,'30101810700000000000'),(3238,'','44030877','',1,''),(3239,'','44030877','',1,''),(3240,'    ','40813886',' , 23',1,'30101810600000000000'),(3241,'','40813886','',1,'30101810600000000000'),(3242,'','40813886','',1,''),(3243,' .','46577904',' 8 , 13',1,'30101810500000000000'),(3244,'','46577904','',1,''),(3245,' ..    ()','44525218','  ,  10',1,'30101810200000000000'),(3246,'','44525218','',1,''),(3247,'','44525218','',1,''),(3248,' ','49205703',' , 18/23',1,'30101810500000000000'),(3249,'','49205703','',1,''),(3250,'','49205703','',1,''),(3251,' ','200000155','.  , . 9, . 319',1,'40301810245374400000'),(3252,'','200000155','',1,''),(3253,'     . ','200000022','. 60  , 46',1,'40202810545370400000'),(3254,'','200000022','',1,'40301810145370400000'),(3255,'','200000022','',1,''),(3256,'    ','44525065',' ,  8,  1, : 1.28-1.30, 1.54, 1.54',1,'30101810745374500000'),(3257,'','44525065','',1,''),(3258,' ','49205525','. , .21',1,'30101810522029200000'),(3259,'','49205525','',1,''),(3260,'','49205525','',1,''),(3261,'  N8599  ','43735650',' , 98',1,'30101810100000000000'),(3262,'','43735650','',1,''),(3263,'    ','211000237',' , 25',1,'40202810140302500000'),(3264,'','211000237','',1,'40301810100000000000'),(3265,'','211000237','',1,''),(3266,' - ()  ','47308815','.  . 4',1,'30101810800000000000'),(3267,'','47308815','',1,''),(3268,'  -    ','47308811','-4',1,'30101810600000000000'),(3269,'','47308811','',1,''),(3270,'  -    ','47308818',' , 138',1,'30101810522027300000'),(3271,'','47308818','',1,''),(3272,'  ','44525738','5-  , . 17, . 4/1',1,'30101810900000000000'),(3273,'','44525738','',1,''),(3274,'','44525738','',1,''),(3275,'  ','41909760','. , . 10',1,'30101810800000000000'),(3276,'','41909760','',1,''),(3277,'  ','44030904','. , . 16, . , . 13-',1,'30101810000000000000'),(3278,'','44030904','',1,''),(3279,'','44030904','',1,''),(3280,' - ()','44525348',' ,  9,  2',1,'30101810400000000000'),(3281,'','44525348','',1,''),(3282,'','44525348','',1,''),(3283,'  ','44501077','. , .12',1,'30414810045010000000'),(3284,'','44501077','',1,''),(3285,'   ','44501002','...   ,  , .12, . ',1,''),(3286,'     ','200000020',' , . , . , . 150',1,'40301810845379400000'),(3287,'','200000020','',1,''),(3288,'   .   ','200000023',' , . 26,  6',1,'40202810845370500000'),(3289,'','200000023','',1,'40301810145370500000'),(3290,'','200000023','',1,''),(3291,'   2   . ','200000021','. , 79',1,'40202810945373300000'),(3292,'','200000021','',1,'40301810545373300000'),(3293,'','200000021','',1,''),(3294,'      ','200000012','. 9 ,  64',1,'40301810345375400000'),(3295,'','200000012','',1,''),(3296,' ','271001666',' , 72',1,'40202810245377200000'),(3297,'','271001666','',1,'40301810200000000000'),(3298,'','271001666','',1,''),(3299,'          ','200000024','. , 111',1,'40202810745378100000'),(3300,'','200000024','',1,'40301810945378100000'),(3301,'','200000024','',1,''),(3302,'   ','203000221',' , 30',1,'40202810845370400000'),(3303,'','203000221','',1,'40301810300000000000'),(3304,'','203000221','',1,''),(3305,'  ','292000450',' , 7 ',1,'40202810445379200000'),(3306,'','292000450','',1,'40301810500000000000'),(3307,'','292000450','',1,''),(3308,'  ','44525503','. ,  71,  11',1,'30101810545250000000'),(3309,'','44525503','',1,'30101810545250000000'),(3310,'','44525503','',1,''),(3311,'','44525503','',1,''),(3312,'  -   - ','43601709','-4',1,'30101810700000000000'),(3313,'','43601709','',1,''),(3314,'   () -  ','43601806','-4',1,'30101810322023600000'),(3315,'','43601806','',1,''),(3316,'  -    ','43601863','-4',1,'30101810400000000000'),(3317,'','43601863','',1,''),(3318,'  -   ','43601869','-4',1,'30101810200000000000'),(3319,'','43601869','',1,''),(3320,'  -    ','43601878','-4',1,'30101810000000000000'),(3321,'','43601878','',1,''),(3322,'  -   ','43601933','-4',1,'30101810000000000000'),(3323,'','43601933','',1,''),(3324,'  -    ','43601919','. , . 19',1,'30101810600000000000'),(3325,'','43601919','',1,''),(3326,'   ','40886002','. , 3',1,''),(3327,'   ','257000961',' , 51',1,'40301810057730000000'),(3328,'','257000961','',1,''),(3329,'  1    ','200000001','. ,  4',1,'40301810245370500000'),(3330,'','200000001','',1,''),(3331,'-    ','44030839',' -, 108  ',1,'30101810900000000000'),(3332,'','44030839','',1,'30101810900000000000'),(3333,'','44030839','',1,''),(3334,'       ','200000031','  . 7',1,'40202810845373200000'),(3335,'','200000031','',1,'40301810445373200000'),(3336,'','200000031','',1,''),(3337,'    ','200000028',' ,  10,  61',1,'40301810745375300000'),(3338,'','200000028','',1,''),(3339,'  .    ','200000051','. 50  , .10',1,'40301810145379700000'),(3340,'','200000051','',1,''),(3341,'   ()  ','44525762',' , 4',1,'30101810400000000000'),(3342,'','44525762','',1,''),(3343,'      ','200000061','. , . 16',1,'40301810445373500000'),(3344,'','200000061','',1,''),(3345,'      ','200000014','. , 282',1,'40301810045370700000'),(3346,'','200000014','',1,''),(3347,'        ','200000034','. , .32',1,'40202810545378100000'),(3348,'','200000034','',1,'40301810645378100000'),(3349,'','200000034','',1,''),(3350,'   ','204000206','. , . 110',1,'40202810745370400000'),(3351,'','204000206','',1,'40301810200000000000'),(3352,'','204000206','',1,''),(3353,'        ','200000032','. , .71',1,'40202810345378100000'),(3354,'','200000032','',1,'40301810645378100000'),(3355,'','200000032','',1,''),(3356,'          ','200000036','.  , . 19',1,'40202810345378100000'),(3357,'','200000036','',1,'40301810545378100000'),(3358,'','200000036','',1,''),(3359,'          ','200000035','. , . 29/1',1,'40202810045378100000'),(3360,'','200000035','',1,'40301810245378100000'),(3361,'','200000035','',1,''),(3362,'      ','200000006','.  , . 7',1,'40202810745373500000'),(3363,'','200000006','',1,'40301810345373500000'),(3364,'','200000006','',1,''),(3365,'   ','242000073',' , 1',1,'40202810945374200000'),(3366,'','242000073','',1,'40301810400000000000'),(3367,'','242000073','',1,''),(3368,' -   . ','46015336',' , . 30',1,'30101810145376000000'),(3369,'','46015336','',1,''),(3370,'    ','288000267',' -, 29',1,'40202810545378900000'),(3371,'','288000267','',1,'40301810400000000000'),(3372,'','288000267','',1,''),(3373,'   ','281000080',' , 54',1,'40301810000000000000'),(3374,'','281000080','',1,''),(3375,'  ','44525815',' , .220',1,'30101810700000000000'),(3376,'','44525815','',1,''),(3377,'','44525815','',1,''),(3378,'   ','49205805','  , 1',1,'30101810000000000000'),(3379,'','49205805','',1,''),(3380,'','49205805','',1,''),(3381,'   ','42202747',' , 13',1,'30101810400000000000'),(3382,'','42202747','',1,''),(3383,'  ()','44525769','1-  ., . 6 . 1',1,'30101810745250000000'),(3384,'','44525769','',1,''),(3385,'','44525769','',1,''),(3386,'   ','230000770',' , 35',1,'40202810045373000000'),(3387,'','230000770','',1,'40301810700000000000'),(3388,'','230000770','',1,''),(3389,'-     ','42202894','. , . 8',1,'30101810245372200000'),(3390,'','42202894','',1,''),(3391,'','42202894','',1,''),(3392,' ','44525256','.  , . 34',1,'30101810000000000000'),(3393,'','44525256','',1,''),(3394,'','44525256','',1,''),(3395,'  ','46126744',' , 64',1,'30101810700000000000'),(3396,'','46126744','',1,''),(3397,'','46126744','',1,''),(3398,'  N8617  ','48702640',' , 89',1,'30101810400000000000'),(3399,'','48702640','',1,''),(3400,' ','44906000',' , 27/39',1,''),(3401,'   ','228000025','     , .5, . 131',1,'40202810245250000000'),(3402,'','228000025','',1,'40301810100000000000'),(3403,'','228000025','',1,''),(3404,'  ','42406701',' ,  13',1,'30101810800000000000'),(3405,'','42406701','',1,''),(3406,'  ()','44525326','. , .94',1,'30101810845250000000'),(3407,'','44525326','',1,''),(3408,'','44525326','',1,''),(3409,'  () -  ','48073842','. , . 4',1,'30101810800000000000'),(3410,'','48073842','',1,''),(3411,'   ','234000187','. , . 52',1,'40202810645373500000'),(3412,'','234000187','',1,'40301810300000000000'),(3413,'','234000187','',1,''),(3414,'     . ','200000038','. , 15',1,'40202810645370400000'),(3415,'','200000038','',1,'40301810245370400000'),(3416,'','200000038','',1,''),(3417,'     . ','200000039','.  160, . 513',1,'40202810345370400000'),(3418,'','200000039','',1,'40301810945370400000'),(3419,'','200000039','',1,''),(3420,'    . ','200000029','. , 32/11',1,'40202810245370400000'),(3421,'','200000029','',1,'40301810845370400000'),(3422,'','200000029','',1,''),(3423,'     ','200000030','-. , . 54 . , . 202',1,'40301810745379100000'),(3424,'','200000030','',1,''),(3425,'  64','200000044',' -, . 176,  ',1,'40301810345374000000'),(3426,'','200000044','',1,''),(3427,'    . ','200000026','. 1- , 230,  1',1,'40202810145370300000'),(3428,'','200000026','',1,'40301810445370400000'),(3429,'','200000026','',1,''),(3430,'   ','42780104',' , 27 ',1,'40116810700000000000'),(3431,'','42780104','',1,'40116810300000000000'),(3432,'','42780104','',1,'40116810127800000000'),(3433,'','42780104','',1,'40116810327800000000'),(3434,'','42780104','',1,'40116810127800000000'),(3435,'','42780104','',1,'40116810427800000000'),(3436,'','42780104','',1,'40116810727800000000'),(3437,'','42780104','',1,'40116810427800000000'),(3438,'','42780104','',1,'40116810927800000000'),(3439,'','42780104','',1,'40116810327800000000'),(3440,'','42780104','',1,'40116810127800000000'),(3441,'','42780104','',1,'40116810327800000000'),(3442,'','42780104','',1,'40116810627800000000'),(3443,'','42780104','',1,'40116810227800000000'),(3444,'','42780104','',1,'40116810927800000000'),(3445,'','42780104','',1,'40116810640800000000'),(3446,'','42780104','',1,'40116810040800000000'),(3447,'','42780104','',1,'40116810140800100000'),(3448,'','42780104','',1,'40116810640802300000'),(3449,'','42780104','',1,'40116810145376600000'),(3450,'','42780104','',1,'40116810345376600000'),(3451,'','42780104','',1,''),(3452,'   ','42784101',' , 27 ',1,'40116810900000000000'),(3453,'','42784101','',1,'40116810200000000000'),(3454,'','42784101','',1,'40116810900000000000'),(3455,'','42784101','',1,'40116810040800000000'),(3456,'','42784101','',1,''),(3457,'   ','44959722',' . , 9',1,'30101810500000000000'),(3458,'','44959722','',1,''),(3459,' ','40708000',' , 25,  1',1,''),(3460,' ','42282000',' , 73',1,''),(3461,' ','41013000','  , 22',1,''),(3462,' ','47173000',' 16.  20',1,''),(3463,'  ','46510000','  , 31',1,''),(3464,'  ()','44525880',' , .65, . 1',1,'30101810900000000000'),(3465,'','44525880','',1,''),(3466,'','44525880','',1,''),(3467,' ','41946000',' -, 12',1,''),(3468,' ','48086000',' 5 , 12',1,''),(3469,' ','48082000','- , 43 ',1,''),(3470,' ','48047000',' , 8',1,''),(3471,'   -','42202824',' , 61',1,'30101810200000000000'),(3472,'','42202824','',1,''),(3473,'   ','44030702',' , 2/4  ',1,'30101810600000000000'),(3474,'','44030702','',1,''),(3475,'','44030702','',1,''),(3476,'      --','200000347','.  , . 254',1,'40301810545376000000'),(3477,'','200000347','',1,''),(3478,'    ','280000624','  , 46',1,'40202810445378100000'),(3479,'','280000624','',1,'40301810800000000000'),(3480,'','280000624','',1,''),(3481,'   ','10507002',' , 69',1,'40102810545370000000'),(3482,'','10507002','',1,'40816810605070000000'),(3483,'','10507002','',1,''),(3484,'    ','40407699','. , . 92, . 123',1,'30101810100000000000'),(3485,'','40407699','',1,'30101810100000000000'),(3486,'','40407699','',1,''),(3487,'   ','40349838','. , 311/. . , 172',1,'30101810000000000000'),(3488,'','40349838','',1,'30101810000000000000'),(3489,'','40349838','',1,''),(3490,'   ','43601701',' , 46',1,'30101810300000000000'),(3491,'','43601701','',1,'30101810300000000000'),(3492,'','43601701','',1,''),(3493,'   ','46577403',' , 70',1,'30101810865770000000'),(3494,'','46577403','',1,'30101810865770000000'),(3495,'','46577403','',1,''),(3496,'   ','47501988','. , . 60',1,'30101810000000000000'),(3497,'','47501988','',1,'30101810000000000000'),(3498,'','47501988','',1,''),(3499,'    ','48073875',' , 100/1',1,'30101810480730000000'),(3500,'','48073875','',1,'30101810480730000000'),(3501,'','48073875','',1,''),(3502,'   ','49205555','. , .19/8',1,'30101810322029200000'),(3503,'','49205555','',1,'30101810322029200000'),(3504,'','49205555','',1,''),(3505,'   N8610  ','49205603',' , 44',1,'30101810600000000000'),(3506,'','49205603','',1,''),(3507,'   ','261000110',' , 7',1,'40202810245376100000'),(3508,'','261000110','',1,'40301810500000000000'),(3509,'','261000110','',1,''),(3510,' ','44525225',' ,  19',1,'30101810400000000000'),(3511,'','44525225','',1,''),(3512,'','44525225','',1,''),(3513,'','44525225','',1,''),(3514,' 24. () -  ','44525093',' , 4',1,'30101810945250000000'),(3515,'','44525093','',1,''),(3516,'    -  ','44525106',' , 4',1,'30101810845250000000'),(3517,'','44525106','',1,''),(3518,'     - ','44525057',' , 4',1,'30101810500000000000'),(3519,'','44525057','',1,'40701810000000000000'),(3520,'','44525057','',1,''),(3521,'   -  ','44525071',' , 4',1,'30101810145250000000'),(3522,'','44525071','',1,''),(3523,'   () -  ','44525072',' , 4',1,'30101810445250000000'),(3524,'','44525072','',1,''),(3525,'     ','44525073',' , 4',1,'30101810745250000000'),(3526,'','44525073','',1,''),(3527,'   () -  ','44525075','. , .4',1,'30101810345250000000'),(3528,'','44525075','',1,''),(3529,'    -  ','44525381',' , 4',1,'30101810945250000000'),(3530,'','44525381','',1,''),(3531,'    -  ','44525391',' , 4',1,'30101810045250000000'),(3532,'','44525391','',1,''),(3533,'   -  ','44525271',' , 4',1,'30101810945250000000'),(3534,'','44525271','',1,''),(3535,'  ,  -  ','44525259',' , 4',1,'30101810145250000000'),(3536,'','44525259','',1,''),(3537,'    -  ','44525270',' , 4',1,'30101810645250000000'),(3538,'','44525270','',1,''),(3539,'   -  ','44525237',' , 4',1,'30101810345250000000'),(3540,'','44525237','',1,''),(3541,'   () -  ','44525887',' , 4',1,'30101810245250000000'),(3542,'','44525887','',1,''),(3543,'   ()- ','44525882',' , 4',1,'30101810745250000000'),(3544,'','44525882','',1,''),(3545,'    -  ','44525861',' , 4',1,'30101810000000000000'),(3546,'','44525861','',1,''),(3547,'   -  ','44525832',' , 4',1,'30101810000000000000'),(3548,'','44525832','',1,''),(3549,'    ()  ','44525829',' , 4',1,'30101810000000000000'),(3550,'','44525829','',1,''),(3551,'   - -  ','44525090','. , . 4',1,'30101810045250000000'),(3552,'','44525090','',1,''),(3553,'  - -  ','44525166','. , . 4',1,'30101810445250000000'),(3554,'','44525166','',1,''),(3555,'','44525166','',1,''),(3556,' ()','44525059','. , . 10, . 7',1,'30101810345250000000'),(3557,'','44525059','',1,''),(3558,'    -  ','44525122','. , . 4',1,'30101810845250000000'),(3559,'','44525122','',1,''),(3560,'   ()  . --','46015999','. , . 91/258',1,'30101810300000000000'),(3561,'','46015999','',1,''),(3562,'','46015999','',1,''),(3563,'  ()','44525061','   ,  ,  18/336,  2',1,'30103810145374500000'),(3564,'','44525061','',1,''),(3565,'   .','200000349','. , .8',1,'40301810645372000000'),(3566,'','200000349','',1,''),(3567,'   ()  .-','44030764',' ,  6-8,  ',1,'30101810800000000000'),(3568,'','44030764','',1,''),(3569,'  ','44525974','. 2- , .38, .26',1,'30101810145250000000'),(3570,'','44525974','',1,''),(3571,'','44525974','',1,''),(3572,'  ','44525079','  ,  23 , 2 , . 1, .  1',1,'30101810545250000000'),(3573,'','44525079','',1,''),(3574,'','44525079','',1,''),(3575,'   -  .','200000119','.,.2',1,'40301810345379700000'),(3576,'','200000119','',1,''),(3577,'        ','200000079',' , . 25, . 319',1,'40301810345373500000'),(3578,'','200000079','',1,''),(3579,'      ','200000111','. , . 15',1,'40301810045373500000'),(3580,'','200000111','',1,''),(3581,'  - . ','200000065','., .63',1,'40202810045378200000'),(3582,'','200000065','',1,'40301810645378200000'),(3583,'','200000065','',1,''),(3584,'       ','200000067','. , 5, . 111',1,'40202810945379900000'),(3585,'','200000067','',1,'40301810545379900000'),(3586,'','200000067','',1,''),(3587,'   ','225000021',' , 1 ',1,'40202810745372500000'),(3588,'','225000021','',1,'40301810600000000000'),(3589,'','225000021','',1,''),(3590,'   ','210000050',' , 135',1,'40202810745371000000'),(3591,'','210000050','',1,'40301810000000000000'),(3592,'','210000050','',1,''),(3593,'     ','200000361','. , .9',1,'40202810145375900000'),(3594,'','200000361','',1,'40301810545375900000'),(3595,'','200000361','',1,''),(3596,'   ','212000008',' , 14',1,'40202810445371200000'),(3597,'','212000008','',1,'40301810700000000000'),(3598,'','212000008','',1,''),(3599,'          ','200000105','. , .6',1,'40202810545378100000'),(3600,'','200000105','',1,'40301810745378100000'),(3601,'','200000105','',1,''),(3602,'   ','275000099',' , 114',1,'40202810545377500000'),(3603,'','275000099','',1,'40301810800000000000'),(3604,'','275000099','',1,''),(3605,'   ','295000301','- , .67',1,'40202810145379500000'),(3606,'','295000301','',1,'40301810800000000000'),(3607,'','295000301','',1,''),(3608,'    ','200000350','. , . 5',1,'40202810445377200000'),(3609,'','200000350','',1,'40301810645377200000'),(3610,'','200000350','',1,''),(3611,' ','200000154','- , . 34',1,'40202810245372200000'),(3612,'','200000154','',1,'40301810245372200000'),(3613,'','200000154','',1,''),(3614,' -','290000103',' , 1',1,'40202810245379000000'),(3615,'','290000103','',1,'40301810600000000000'),(3616,'','290000103','',1,''),(3617,'    2    ','200000025','. , .6',1,'40202810045373500000'),(3618,'','200000025','',1,'40301810645373500000'),(3619,'','200000025','',1,''),(3620,'   ','44525151','. , . 36',1,'30101810845250000000'),(3621,'','44525151','',1,''),(3622,'','44525151','',1,''),(3623,'    ','219000037',' , 2',1,'40202810945371900000'),(3624,'','219000037','',1,'40301810100000000000'),(3625,'','219000037','',1,''),(3626,'   ','267000017',' , 3',1,'40202810445376700000'),(3627,'','267000017','',1,'40301810967110000000'),(3628,'','267000017','',1,''),(3629,'   ','287000077',' , 8',1,'40202810845378700000'),(3630,'','287000077','',1,'40301810800000000000'),(3631,'','287000077','',1,''),(3632,' ','296000010','- .., 3/25',1,'40202810445379700000'),(3633,'','296000010','',1,'40301810700000000000'),(3634,'','296000010','',1,''),(3635,'-   () -','44030827',' , 3  ',1,'30101810200000000000'),(3636,'','44030827','',1,''),(3637,'','44030827','',1,''),(3638,'    ','200000391','. , . 22',1,'40301810745378700000'),(3639,'','200000391','',1,''),(3640,'      ','200000373','. , .59',1,'40202810745375000000'),(3641,'','200000373','',1,'40301810045375000000'),(3642,'','200000373','',1,''),(3643,'-   ','200000389','.  ,  41-43',1,'40202810845372800000'),(3644,'','200000389','',1,'40301810445372800000'),(3645,'','200000389','',1,''),(3646,'    -  ','44525165',' , 4',1,'30101810145250000000'),(3647,'','44525165','',1,''),(3648,'   () -  ','44525784',' , 4',1,'30101810445250000000'),(3649,'','44525784','',1,''),(3650,'  N8604  ','47003608',' , 1',1,'30101810300000000000'),(3651,'','47003608','',1,''),(3652,'    () -  ','44525994',' , 4',1,'30101810345250000000'),(3653,'','44525994','',1,''),(3654,'    ','46577420',' 8 , 150',1,'30101810165770000000'),(3655,'','46577420','',1,'30101810165770000000'),(3656,'','46577420','',1,''),(3657,'-    ','40702748',' , 231/11',1,'30101810007020000000'),(3658,'','40702748','',1,'30101810007020000000'),(3659,'','40702748','',1,''),(3660,'   ','44525619','. ,  30/1,  2',1,'30101810100000000000'),(3661,'','44525619','',1,''),(3662,'','44525619','',1,''),(3663,'    ','44525682',' , . 7, . 2',1,'30101810945250000000'),(3664,'','44525682','',1,'30101810945250000000'),(3665,'','44525682','',1,''),(3666,'  ','44525604',' ,  7,  2',1,'30101810745250000000'),(3667,'','44525604','',1,''),(3668,'','44525604','',1,''),(3669,'       ','200000121',' ,  44',1,'40202810245373200000'),(3670,'','200000121','',1,'40301810645373200000'),(3671,'','200000121','',1,''),(3672,'-     2','200000137','. , .2',1,'40202810045378900000'),(3673,'','200000137','',1,'40301810645378900000'),(3674,'','200000137','',1,''),(3675,'        ','200000118','. , . 243, . 230',1,'40202810545373600000'),(3676,'','200000118','',1,'40301810145373600000'),(3677,'','200000118','',1,''),(3678,'     . ','200000132','. , .50',1,'40202810645377000000'),(3679,'','200000132','',1,'40301810245377000000'),(3680,'','200000132','',1,''),(3681,'      ','200000123','.  , . 10',1,'40202810745371500000'),(3682,'','200000123','',1,'40301810345371500000'),(3683,'','200000123','',1,''),(3684,'    ','200000077','. , . 4',1,'40202810145377200000'),(3685,'','200000077','',1,'40301810745377200000'),(3686,'','200000077','',1,''),(3687,'      ','200000122','. , . 57, . 6',1,'40301810845375800000'),(3688,'','200000122','',1,''),(3689,'     . ','200000133','. , .50',1,'40202810945377000000'),(3690,'','200000133','',1,'40301810545377000000'),(3691,'','200000133','',1,''),(3692,'        ','200000134',' ,  2',1,'40202810445373700000'),(3693,'','200000134','',1,'40301810045373700000'),(3694,'','200000134','',1,''),(3695,'    ','200000358','. , . 2',1,'40301810145371900000'),(3696,'','200000358','',1,''),(3697,'      ','200000130','. . , . 39',1,'40301810945373500000'),(3698,'','200000130','',1,''),(3699,'      ','200000128','. , .1',1,'40301810245373500000'),(3700,'','200000128','',1,''),(3701,'      ','200000129','. , .129',1,'40301810545373500000'),(3702,'','200000129','',1,''),(3703,'        ','200000125','. , . 15',1,'40301810845373500000'),(3704,'','200000125','',1,''),(3705,'      ','200000126','., .1, .313',1,'40301810145373500000'),(3706,'','200000126','',1,''),(3707,'      ','200000127','. , . 1',1,'40301810445373500000'),(3708,'','200000127','',1,''),(3709,'      ','200000113','. , .3',1,'40301810645373500000'),(3710,'','200000113','',1,''),(3711,'      ','200000377','. , .6, . 412',1,'40301810745373500000'),(3712,'','200000377','',1,''),(3713,'      ','200000124',' , 29',1,'40301810245375700000'),(3714,'','200000124','',1,''),(3715,'    ','299000020',' , 3 ',1,'40202810245379900000'),(3716,'','299000020','',1,'40301810700000000000'),(3717,'','299000020','',1,''),(3718,'          ','200000117','. , .142/1',1,'40202810845378100000'),(3719,'','200000117','',1,'40301810045378100000'),(3720,'','200000117','',1,''),(3721,'     ','245011072','. , .4',1,'40503810245250000000'),(3722,'','245011072','',1,'40503810545250000000'),(3723,'','245011072','',1,'40503810845250000000'),(3724,'','245011072','',1,'40503810145250000000'),(3725,'','245011072','',1,'40503810445250000000'),(3726,'','245011072','',1,'40503810745250000000'),(3727,'','245011072','',1,'40503810045250000000'),(3728,'','245011072','',1,'40503810345250000000'),(3729,'','245011072','',1,'40503810745370000000'),(3730,'','245011072','',1,'40503810045370000000'),(3731,'','245011072','',1,''),(3732,'   - -  ','40173749',' , 4',1,'30101810000000000000'),(3733,'','40173749','',1,''),(3734,'    ','42202714','. , . 64, . 10',1,'30101810222020000000'),(3735,'','42202714','',1,'30101810222020000000'),(3736,'','42202714','',1,''),(3737,'   ','45004763',' , 11',1,'30101810150040000000'),(3738,'','45004763','',1,''),(3739,'','45004763','',1,''),(3740,'   ','45773790',' ,  54  ',1,'30101810800000000000'),(3741,'','45773790','',1,''),(3742,'','45773790','',1,''),(3743,'  ()','44525416','.  , . 1, .1',1,'30101810645250000000'),(3744,'','44525416','',1,''),(3745,'','44525416','',1,''),(3746,'  ','44525770',' ,  70',1,'30101810145250000000'),(3747,'','44525770','',1,''),(3748,'','44525770','',1,''),(3749,'       .   ','200000099','. , . 25',1,'40301810445375200000'),(3750,'','200000099','',1,''),(3751,'       ','200000069','  . 5',1,'40202810345373200000'),(3752,'','200000069','',1,'40301810945373200000'),(3753,'','200000069','',1,''),(3754,'     . ','200000166','. , . 28, .58',1,'40301810345376100000'),(3755,'','200000166','',1,''),(3756,'    ','200000052','. , . 8',1,'40202810345372500000'),(3757,'','200000052','',1,'40301810445372500000'),(3758,'','200000052','',1,''),(3759,'   1    ( )','200000017','.  , 3',1,'40202810045372500000'),(3760,'','200000017','',1,'40301810145372500000'),(3761,'','200000017','',1,''),(3762,'   3    ( )','200000016','. , . 14, . 611',1,'40202810745372500000'),(3763,'','200000016','',1,'40301810845372500000'),(3764,'','200000016','',1,''),(3765,'   2    ( )','200000011','.  , . 27',1,'40202810445372500000'),(3766,'','200000011','',1,'40301810545372500000'),(3767,'','200000011','',1,''),(3768,'  - ','283000024','- , 27',1,'40202810045378300000'),(3769,'','283000024','',1,'40301810900000000000'),(3770,'','283000024','',1,''),(3771,'    ','200000114','. , .10,.212',1,'40202810445379500000'),(3772,'','200000114','',1,'40301810745379500000'),(3773,'','200000114','',1,''),(3774,'','254000012','. , .1, . 233',1,'40202810845375400000'),(3775,'','254000012','',1,'40301810900000000000'),(3776,'','254000012','',1,''),(3777,'','214000061',' , 4',1,'40202810545371400000'),(3778,'','214000061','',1,'40301810700000000000'),(3779,'','214000061','',1,''),(3780,'    ','46015300',' -, 21/50',1,'30101810300000000000'),(3781,'','46015300','',1,'30101810300000000000'),(3782,'','46015300','',1,''),(3783,'  ','44525470',' , . 10',1,'30101810200000000000'),(3784,'','44525470','',1,''),(3785,'','44525470','',1,''),(3786,'       ','200000106','-  . 34',1,'40202810745373200000'),(3787,'','200000106','',1,'40301810345373200000'),(3788,'','200000106','',1,''),(3789,'     . ','200000103','. , 63',1,'40202810045370400000'),(3790,'','200000103','',1,'40301810645370400000'),(3791,'','200000103','',1,''),(3792,'   .. ,    ','200000070','. , . 31',1,'40202810045373200000'),(3793,'','200000070','',1,'40301810645373200000'),(3794,'','200000070','',1,''),(3795,'       ','200000092',' ,  14',1,'40202810245373200000'),(3796,'','200000092','',1,'40301810845373200000'),(3797,'','200000092','',1,''),(3798,'     ','200000095',' ,  25',1,'40202810545373200000'),(3799,'','200000095','',1,'40301810145373200000'),(3800,'','200000095','',1,''),(3801,'      ','200000071',' , 76 ',1,'40301810545375300000'),(3802,'','200000071','',1,''),(3803,'    1   . ','200000073','. 60    . 31',1,'40202810945370400000'),(3804,'','200000073','',1,'40301810545370400000'),(3805,'','200000073','',1,''),(3806,'     . ','200000072','.  , . 56',1,'40202810245370400000'),(3807,'','200000072','',1,'40301810845370400000'),(3808,'','200000072','',1,''),(3809,'     ','200000098','. , . 1-',1,'40202810445373200000'),(3810,'','200000098','',1,'40301810045373200000'),(3811,'','200000098','',1,''),(3812,'     . ','200000060','. .  .., .4',1,'40301810345376300000'),(3813,'','200000060','',1,''),(3814,'     . ','200000059','. .  .., .13/15',1,'40301810645376300000'),(3815,'','200000059','',1,''),(3816,'      ','200000062','. , . 45, . 303',1,'40301810145370000000'),(3817,'','200000062','',1,''),(3818,'      ','200000055','. , . 34',1,'40301810045370000000'),(3819,'','200000055','',1,''),(3820,'     ','200000107','. , . 58',1,'40301810545371900000'),(3821,'','200000107','',1,''),(3822,'      ','200000078','.  , .15',1,'40301810745373500000'),(3823,'','200000078','',1,''),(3824,'  N8612  ','43304609',' , 25',1,'30101810500000000000'),(3825,'','43304609','',1,''),(3826,'  .    ','200000380','. . , . 22',1,'40301810445379700000'),(3827,'','200000380','',1,''),(3828,'-    -','42748877',' , 39',1,'30101810927480000000'),(3829,'','42748877','',1,''),(3830,'  ','44525272',' ., .2',1,'30101810000000000000'),(3831,'','44525272','',1,''),(3832,'','44525272','',1,''),(3833,' ','44525460',' , . 52 . 7',1,'30101810345250000000'),(3834,'','44525460','',1,''),(3835,'','44525460','',1,''),(3836,' ','44525521','  ,  32,  1',1,'30101810900000000000'),(3837,'','44525521','',1,''),(3838,'','44525521','',1,''),(3839,' .    ','200000116','. , 23',1,'40202810345377600000'),(3840,'','200000116','',1,'40301810945377600000'),(3841,'','200000116','',1,''),(3842,'-    ','200000385','. , . 252',1,'40301810945376400000'),(3843,'','200000385','',1,''),(3844,'      ','200000378','-  , .8',1,'40301810345376700000'),(3845,'','200000378','',1,''),(3846,' ','200000131','- ,  32/34',1,'40301810245370000000'),(3847,'','200000131','',1,''),(3848,'    ','200000379','. , . 11',1,'40301810845378700000'),(3849,'','200000379','',1,''),(3850,'       ','200000101',' ,  38',1,'40202810645373200000'),(3851,'','200000101','',1,'40301810045373200000'),(3852,'','200000101','',1,''),(3853,'       ','200000102',' ,  62',1,'40202810345373200000'),(3854,'','200000102','',1,'40301810745373200000'),(3855,'','200000102','',1,''),(3856,'    ','200000068',' , 133',1,'40301810745371000000'),(3857,'','200000068','',1,''),(3858,'       ','200000104',' ,  37',1,'40202810945373200000'),(3859,'','200000104','',1,'40301810345373200000'),(3860,'','200000104','',1,''),(3861,'       ','200000100','  ,  22',1,'40202810045373200000'),(3862,'','200000100','',1,'40301810445373200000'),(3863,'','200000100','',1,''),(3864,'    ','200000037','. , . 8',1,'40202810145377100000'),(3865,'','200000037','',1,'40301810745377100000'),(3866,'','200000037','',1,''),(3867,'-     1','200000115','. , .2',1,'40202810745378900000'),(3868,'','200000115','',1,'40301810345378900000'),(3869,'','200000115','',1,''),(3870,'    -','200000042','. , . 11',1,'40202810145377200000'),(3871,'','200000042','',1,'40301810145377200000'),(3872,'','200000042','',1,''),(3873,'  ','46577795',' 8 , 51,  11',1,'30101810900000000000'),(3874,'','46577795','',1,''),(3875,'','46577795','',1,''),(3876,'   ','41180002','. , . 62',1,''),(3877,' ','44525192',' ,  12',1,'30101810545250000000'),(3878,'','44525192','',1,''),(3879,'','44525192','',1,''),(3880,'    ','200000374','. , . 24',1,'40202810245377200000'),(3881,'','200000374','',1,'40301810545377200000'),(3882,'','200000374','',1,''),(3883,'      ','200000382','.  .2',1,'40301810645376700000'),(3884,'','200000382','',1,''),(3885,'  ','200000384','.  , .2',1,'40301810845371400000'),(3886,'','200000384','',1,''),(3887,'   ','10053193','. , .21',1,'40116810845370000000'),(3888,'','10053193','',1,'40116810445376600000'),(3889,'','10053193','',1,'40116810745376600000'),(3890,'','10053193','',1,'40116810345376600000'),(3891,'','10053193','',1,'40116810845376600000'),(3892,'','10053193','',1,'40116810145376600000'),(3893,'','10053193','',1,''),(3894,'   ','266000058',' , 1',1,'40202810645376600000'),(3895,'','266000058','',1,'40301810800000000000'),(3896,'','266000058','',1,''),(3897,'  ()','44525823','. ,  16,  1.',1,'30101810200000000000'),(3898,'','44525823','',1,''),(3899,'','44525823','',1,''),(3900,'      ','200000090','. , .7',1,'40301810045373500000'),(3901,'','200000090','',1,''),(3902,'      ','200000086','.  , .1',1,'40301810345373500000'),(3903,'','200000086','',1,''),(3904,'      ','200000084','. 30  , .15',1,'40301810945373500000'),(3905,'','200000084','',1,''),(3906,'      ','200000085','. , .1',1,'40301810645373500000'),(3907,'','200000085','',1,''),(3908,'     . ','200000094','. , . 10',1,'40202810345377000000'),(3909,'','200000094','',1,'40301810945377000000'),(3910,'','200000094','',1,''),(3911,'     . ','200000093','. , . 67',1,'40202810045377000000'),(3912,'','200000093','',1,'40301810645377000000'),(3913,'','200000093','',1,''),(3914,'        ','200000082','. , . 15, . 15',1,'40301810245373500000'),(3915,'','200000082','',1,''),(3916,'      ','200000110','.  , . 1',1,'40301810545373500000'),(3917,'','200000110','',1,''),(3918,'      ','200000083','. , .11',1,'40301810945373500000'),(3919,'','200000083','',1,''),(3920,'    ','200000064','., .21',1,'40202810845377900000'),(3921,'','200000064','',1,'40301810145377900000'),(3922,'','200000064','',1,''),(3923,'   ','276004297',' , 158',1,'40202810045377600000'),(3924,'','276004297','',1,'40301810900000000000'),(3925,'','276004297','',1,''),(3926,'    ','200000356','. , . 6',1,'40202810445375900000'),(3927,'','200000356','',1,'40301810945375900000'),(3928,'','200000356','',1,''),(3929,'   ','217000027',' -, 21',1,'40202810945371700000'),(3930,'','217000027','',1,'40301810200000000000'),(3931,'','217000027','',1,''),(3932,'   ','207000150',' , 1',1,'40202810445370700000'),(3933,'','207000150','',1,'40301810800000000000'),(3934,'','207000150','',1,''),(3935,'          ','200000074','., .3',1,'40202810245378100000'),(3936,'','200000074','',1,'40301810445378100000'),(3937,'','200000074','',1,''),(3938,'     . ','200000381','. , 17',1,'40202810545379000000'),(3939,'','200000381','',1,'40301810145379000000'),(3940,'','200000381','',1,''),(3941,'   ','100070046','.  , 41',1,''),(3942,'   4    ( )','200000010','. , . 24',1,'40202810045372500000'),(3943,'','200000010','',1,'40301810245372500000'),(3944,'','200000010','',1,''),(3945,'   ','229000080',' , 74,  1 ',1,'40202810045372900000'),(3946,'','229000080','',1,'40301810200000000000'),(3947,'','229000080','',1,''),(3948,'      ','200000386','. , . 6',1,'40202810045375000000'),(3949,'','200000386','',1,'40301810945375000000'),(3950,'','200000386','',1,''),(3951,'  ()','46401727',' , 145',1,'30101810300000000000'),(3952,'','46401727','',1,''),(3953,'','46401727','',1,''),(3954,'   N8602  ','49514608','. , . 165, . 1, . 2',1,'30101810500000000000'),(3955,'','49514608','',1,''),(3956,'-   () -','42007800',' , 11',1,'30101810220070000000'),(3957,'','42007800','',1,''),(3958,' ','49209000','  , 45',1,''),(3959,'  ()','44525933','- 60- , .10',1,'30101810200000000000'),(3960,'','44525933','',1,''),(3961,'','44525933','',1,''),(3962,' .. ()','44525701',' ,  39,  79',1,'30103810345250000000'),(3963,'','44525701','',1,''),(3964,'  ()','44525635','.  , . 8',1,'30101810345250000000'),(3965,'','44525635','',1,''),(3966,'','44525635','',1,''),(3967,'       ','200000097',' , . 40',1,'40202810645373200000'),(3968,'','200000097','',1,'40301810245373200000'),(3969,'','200000097','',1,''),(3970,'    ','200000392','. , 157',1,'40202810645377600000'),(3971,'','200000392','',1,'40301810245377600000'),(3972,'','200000392','',1,''),(3973,'    ','200000388','. , 70',1,'40301810945378300000'),(3974,'','200000388','',1,''),(3975,'      ','200000393','. , .3',1,'40301810945376700000'),(3976,'','200000393','',1,''),(3977,'      ','200000394','. , .14',1,'40301810245376700000'),(3978,'','200000394','',1,''),(3979,'        ','200000096','. , . , .7',1,'40202810645377300000'),(3980,'','200000096','',1,'40301810645377300000'),(3981,'','200000096','',1,''),(3982,'    ','200000120','. , . 4, .118',1,'40301810845371900000'),(3983,'','200000120','',1,''),(3984,'    2    ','200000087','. , .1',1,'40301810245373500000'),(3985,'','200000087','',1,''),(3986,'      ','200000088','. , . 17',1,'40301810545373500000'),(3987,'','200000088','',1,''),(3988,'      ','200000081','. , . 27',1,'40301810845373500000'),(3989,'','200000081','',1,''),(3990,'      ','200000091','. , 7',1,'40301810145373500000'),(3991,'','200000091','',1,''),(3992,'      ','200000089','. , .85 ',1,'40301810445373500000'),(3993,'','200000089','',1,''),(3994,'   ','200000075','. , .21',1,'40301810545379000000'),(3995,'','200000075','',1,''),(3996,'      ','200000080','. , . 22',1,'40301810745373500000'),(3997,'','200000080','',1,''),(3998,'      ','200000108','. , .5, . 315',1,'40301810045373500000'),(3999,'','200000108','',1,''),(4000,'      ','200000109','. , .71',1,'40301810345373500000'),(4001,'','200000109','',1,''),(4002,'      ','200000112','. , 8',1,'40301810645373500000');
/*!40000 ALTER TABLE `banks` ENABLE KEYS */;
UNLOCK TABLES;

--
-- Table structure for table `betting`
--

DROP TABLE IF EXISTS `betting`;
/*!40101 SET @saved_cs_client     = @@character_set_client */;
/*!40101 SET character_set_client = utf8 */;
CREATE TABLE `betting` (
  `id` int(11) NOT NULL AUTO_INCREMENT,
  `user_id` int(11) NOT NULL,
  `chart_id` int(11) NOT NULL,
  `wallet_id` int(11) NOT NULL,
  `type` int(11) NOT NULL,
  `amount` decimal(27,8) NOT NULL,
  `start_price` decimal(27,8) NOT NULL,
  `end_price` decimal(27,8) NOT NULL,
  `minutes` int(11) NOT NULL,
  `start_date` int(11) NOT NULL,
  `end_date` int(11) NOT NULL,
  `status` int(11) NOT NULL DEFAULT 0,
  PRIMARY KEY (`id`)
) ENGINE=InnoDB AUTO_INCREMENT=14 DEFAULT CHARSET=utf8mb4 COLLATE=utf8mb4_general_ci;
/*!40101 SET character_set_client = @saved_cs_client */;

--
-- Dumping data for table `betting`
--

LOCK TABLES `betting` WRITE;
/*!40000 ALTER TABLE `betting` DISABLE KEYS */;
INSERT INTO `betting` VALUES (1,1,259,1,1,0.00050000,19894.39000000,20102.05000000,1,1662024730,1662024790,1),(2,1,259,1,0,0.00500000,19907.70000000,20104.84000000,1,1662024821,1662024881,3),(3,1,259,1,0,0.00500000,19977.97000000,20105.16000000,1,1662028691,1662028751,3),(4,1,259,1,0,0.05000000,19977.08000000,20105.27000000,1,1662028769,1662028829,3),(5,1,259,1,1,0.00200000,19991.35000000,20104.23000000,1,1662031408,1662031468,1),(6,1,260,2,0,555.00000000,1592.61000000,1548.03000000,1,1663243142,1663243202,1),(7,1,260,2,1,0.10000000,1547.19000000,1548.03000000,1,1667456745,1667456805,1),(8,1,260,2,0,50000.00000000,1547.43000000,1548.31000000,1,1667457047,1667457107,3),(9,1,260,2,1,30.00000000,1548.24000000,1549.22000000,1,1667457348,1667457408,1),(10,1,260,2,0,10.00000000,1523.41000000,1528.11000000,1,1667479825,1667479885,3),(11,24,260,11,1,5.00000000,1623.95000000,1624.16000000,1,1667722585,1667722645,1),(12,1,260,2,1,10.00000000,1206.44000000,1207.31000000,1,1668628021,1668628081,1),(13,1,258,6,0,1.00000000,23491.20000000,23503.01000000,1,1677605507,1677605567,3);
/*!40000 ALTER TABLE `betting` ENABLE KEYS */;
UNLOCK TABLES;

--
-- Table structure for table `chain`
--

DROP TABLE IF EXISTS `chain`;
/*!40101 SET @saved_cs_client     = @@character_set_client */;
/*!40101 SET character_set_client = utf8 */;
CREATE TABLE `chain` (
  `id` int(11) NOT NULL AUTO_INCREMENT,
  `active` int(11) NOT NULL DEFAULT 1,
  `name` varchar(255) NOT NULL,
  `cryptomus` int(11) DEFAULT 0,
  PRIMARY KEY (`id`)
) ENGINE=InnoDB AUTO_INCREMENT=117 DEFAULT CHARSET=utf8mb4 COLLATE=utf8mb4_general_ci;
/*!40101 SET character_set_client = @saved_cs_client */;

--
-- Dumping data for table `chain`
--

LOCK TABLES `chain` WRITE;
/*!40000 ALTER TABLE `chain` DISABLE KEYS */;
INSERT INTO `chain` VALUES (1,1,'btc',1),(2,1,'BNB',0),(3,1,'bsc',1),(4,1,'bch',1),(5,1,'lts',1),(6,1,'eth',1),(7,1,'BTG',0),(8,1,'DASH',1),(9,1,'DOGE',1),(10,1,'ETC',0),(11,1,'QTUM',0),(12,1,'tron',1),(13,1,'USDT',0),(14,1,'SOL',0),(15,1,'WAVES',0),(16,1,'XMR',1),(17,1,'XRP',0),(18,1,'XVG',0),(19,1,'ZEC',0),(23,1,'EUR',0),(30,1,'AUD',0),(33,1,'BEAM',0),(38,1,'CELO',0),(49,1,'DGB',0),(53,1,'FIRO',0),(54,1,'GBP',0),(71,1,'KMD',0),(91,1,'RVN',0),(97,1,'SYS',0),(110,1,'XEM',0),(114,1,'ZEN',0),(115,1,'polygon',1),(116,1,'ton',1);
/*!40000 ALTER TABLE `chain` ENABLE KEYS */;
UNLOCK TABLES;

--
-- Table structure for table `chart`
--

DROP TABLE IF EXISTS `chart`;
/*!40101 SET @saved_cs_client     = @@character_set_client */;
/*!40101 SET character_set_client = utf8 */;
CREATE TABLE `chart` (
  `id` int(11) NOT NULL AUTO_INCREMENT,
  `active` int(11) NOT NULL DEFAULT 0,
  `symbol` varchar(255) DEFAULT NULL,
  `name` varchar(255) DEFAULT NULL,
  `yield` int(11) DEFAULT NULL,
  `priority` int(11) DEFAULT NULL,
  `p2p` int(11) NOT NULL,
  `b2b` int(11) NOT NULL,
  `cryptomus` int(11) DEFAULT 0,
  PRIMARY KEY (`id`)
) ENGINE=InnoDB AUTO_INCREMENT=2708 DEFAULT CHARSET=utf8 COLLATE=utf8_general_ci;
/*!40101 SET character_set_client = @saved_cs_client */;

--
-- Dumping data for table `chart`
--

LOCK TABLES `chart` WRITE;
/*!40000 ALTER TABLE `chart` DISABLE KEYS */;
INSERT INTO `chart` VALUES (258,1,'BTC','Bitcoin',60,2,1,1,0),(259,1,'USDT','Tether',0,0,1,1,1),(260,1,'ETH','Ethereum',44,1,1,1,0),(261,1,'BNB','Binance Coin',37,0,0,0,0),(262,1,'XRP','XRP',39,0,0,0,0),(264,1,'ADA','Cardano',21,0,0,0,0),(265,1,'DOGE','Dogecoin',47,0,0,0,0),(266,1,'LTC','Litecoin',84,0,0,0,0),(267,1,'BCH','Bitcoin Cash',32,0,0,0,0),(268,1,'LINK','Chainlink',33,0,0,0,0),(269,1,'XLM','Stellar',34,0,0,0,0),(270,1,'USDC','USD Coin',35,0,1,1,0),(271,1,'THETA','Theta',27,0,0,0,0),(272,1,'TRX','Tron',30,0,0,0,0),(273,1,'XMR','Monero',31,0,0,0,0),(274,1,'NEO','Neo',33,0,0,0,0),(275,1,'EOS','EOS',32,0,0,0,0),(277,1,'MKR','Maker',35,0,0,0,0),(278,1,'XTZ','Tezos',31,0,0,0,0),(279,1,'ICX','ICON',33,0,0,0,0),(280,1,'RIF','RIF',32,0,0,0,0),(281,1,'ZEC','Zcash',31,0,0,0,0),(285,1,'ZIL','ZILLIQA',26,0,0,0,0),(286,1,'ZRX','0X',35,0,0,0,0),(287,1,'IOST','IOST',33,0,0,0,0),(288,1,'ELF','AELF',22,0,0,0,0),(290,1,'DAI','DAI',21,0,0,0,0),(292,1,'NEXO','Nexo',21,0,0,0,0),(293,1,'DCR','Decred',23,0,0,0,0),(296,1,'CVC','CIVIC',31,0,0,0,0),(298,1,'ANT','Aragon',17,0,0,0,0),(299,1,'STX','Blockstack',34,0,0,0,0),(300,1,'DASH','DASH',39,0,0,0,0),(301,1,'LRC','Loopring',31,0,0,0,0),(304,1,'BTG','Bitcoin Gold',29,0,0,0,0),(309,1,'MITH','Mithril',35,0,0,0,0),(310,1,'ONT','Ontology',34,0,0,0,0),(311,1,'OMG','OMG',32,0,0,0,0),(313,1,'REP','Augur',37,0,0,0,0),(314,1,'QTUM','QTUM',38,0,0,0,0),(315,1,'MLN','MLN',33,0,0,0,0),(316,1,'DATA','Streamr DC',31,0,0,0,0),(318,1,'LSK','LISK',36,0,0,0,0),(319,1,'UTK','UTK',49,0,0,0,0),(320,1,'ETC','Ethereum Classic',31,0,0,0,0),(322,1,'BNT','BNT',37,0,0,0,0),(324,1,'WAVES','Waves',34,0,0,0,0),(325,1,'STORJ','Storj',37,0,0,0,0),(326,1,'BAT','Basic Attention',33,0,0,0,0),(327,1,'KNC','KNC',21,0,0,0,0),(332,1,'MANA','Mana',24,0,0,0,0),(336,1,'ENJ','Enjin Coin',23,0,0,0,0),(338,1,'XVG','Verge',31,0,0,0,0),(340,1,'ARDR','Ardor',27,0,0,0,0),(465,1,'EUR','Euro',50,0,0,0,0),(476,1,'1INCH','1INCH Token',50,0,0,0,0),(488,1,'AAVE','Aave Token',50,0,0,0,0),(538,1,'AKRO','Akropolis',50,0,0,0,0),(547,1,'ALPHA','Alpha',50,0,0,0,0),(558,1,'AMP','Amp',50,0,0,0,0),(572,1,'APE','ApeCoin',50,0,0,0,0),(594,1,'ARPA','ARPA Token',50,0,0,0,0),(605,1,'ATOM','ATOMX',50,0,0,0,0),(607,1,'AUD','Australian Dollar',50,0,0,0,0),(619,1,'AXS','Axie Infinity Shard',50,0,0,0,0),(633,1,'BAR','Titanium BAR Token',50,0,0,0,0),(664,1,'BEAM','Beam',50,0,0,0,0),(693,1,'BICO','Biconomy Token',50,0,0,0,0),(720,1,'BLZ','Bluzelle Token',50,0,0,0,0),(733,1,'BNX','BTCNEXT token',50,0,0,0,0),(800,1,'BTT','BitTorrent (BC Chain)',50,0,0,0,0),(801,1,'BTTC','Bittwit Coin',50,0,0,0,0),(810,1,'BUSD','Binance USD (ERC20)',50,0,0,0,0),(875,1,'CELO','Celo',50,0,0,0,0),(877,1,'CELR','CelerNetwork',50,0,0,0,0),(895,1,'CHR','Chromia',50,0,0,0,0),(899,1,'CHZ','chiliZ',50,0,0,0,0),(903,1,'CITY','CITY',50,0,0,0,0),(919,1,'CLV','Clover',50,0,0,0,0),(942,1,'COMP','Compound',50,0,0,0,0),(949,1,'COTI','Coti',50,0,0,0,0),(995,1,'CTK','Cryptyk Tokens',50,0,0,0,0),(997,1,'CTSI','Cartesi Token',50,0,0,0,0),(999,1,'CTXC','Cortex Coin',50,0,0,0,0),(1010,1,'CVP','Concentrated Voting Power',50,0,0,0,0),(1033,1,'DAR','Defraycoin',50,0,0,0,0),(1063,1,'DENT','DENT',50,0,0,0,0),(1067,1,'DGB','DigiByte',50,0,0,0,0),(1074,1,'DIA','DIAToken',50,0,0,0,0),(1093,1,'DNT','Dante Token',50,0,0,0,0),(1095,1,'DOCK','DockToken',50,0,0,0,0),(1102,1,'DOT','Polkadot (BC Chain)',50,0,0,0,0),(1126,1,'DUSK','Dusk Network',50,0,0,0,0),(1130,1,'DYDX','dYdX',50,0,0,0,0),(1194,1,'ENS','Ethereum Name Service',50,0,0,0,0),(1282,1,'FET','Fetch',50,0,0,0,0),(1290,1,'FIRO','Firo',50,0,0,0,0),(1310,1,'FOR','The Force Token',50,0,0,0,0),(1311,1,'FORTH','Ampleforth Governance',50,0,0,0,0),(1325,1,'FTM','Fantom Token (ERC20)',50,0,0,0,0),(1326,1,'FTT','FTX Token',50,0,0,0,0),(1330,1,'FUN','FunFair',50,0,0,0,0),(1347,1,'GALA','Gala',50,0,0,0,0),(1353,1,'GBP','British Pound',50,0,0,0,0),(1424,1,'GRT','Graph Token',50,0,0,0,0),(1430,1,'GTO','Gifto',50,0,0,0,0),(1447,1,'HC','Hotcoin',50,0,0,0,0),(1473,1,'HOT','Hydro Protocol Token',50,0,0,0,0),(1512,1,'IDEX','IDEX Token',50,0,0,0,0),(1558,1,'IOTA','MIOTAC (BSC Chain)',50,0,0,0,0),(1559,1,'IOTX','IoTeX Network',50,0,0,0,0),(1590,1,'JST','JUST GOV v1.0 (Tron/TRC20)',50,0,0,0,0),(1600,1,'KEY','SelfKey',50,0,0,0,0),(1613,1,'KMD','Komodo',50,0,0,0,0),(1660,1,'LEND','EthLend Token',50,0,0,0,0),(1678,1,'LIT','Litentry',50,0,0,0,0),(1691,1,'LPT','Livepeer Token',50,0,0,0,0),(1701,1,'LUNA','Wrapped LUNA Token',50,0,0,0,0),(1713,1,'MATIC','Matic Token (ERC20)',50,0,0,0,0),(1725,1,'MCO','Monaco',50,0,0,0,0),(1743,1,'MFT','Mainframe Token',50,0,0,0,0),(1855,1,'NKN','NKN',50,0,0,0,0),(1860,1,'NMR','Numeraire',50,0,0,0,0),(1874,1,'NPXS','Pundi X Token',50,0,0,0,0),(1891,1,'NULS','Nuls',50,0,0,0,0),(1922,1,'ONE','BigONE Token',50,0,0,0,0),(1923,1,'ONG','onG',50,0,0,0,0),(1938,1,'ORN','Orion Protocol',50,0,0,0,0),(1953,1,'OXT','Orchid',50,0,0,0,0),(1962,1,'PAX','PAX',50,0,0,0,0),(1975,1,'PERL','Perlin',50,0,0,0,0),(2000,1,'PLA','PlayChip',50,0,0,0,0),(2015,1,'PNT','Penta Network Token',50,0,0,0,0),(2019,1,'POLY','Polymath',50,0,0,0,0),(2024,1,'RUB','RUB',50,0,0,0,0),(2025,1,'CLV','CLOVER',50,0,1,1,1),(2028,1,'POWR','PowerLedger',50,0,0,0,0),(2052,1,'PUNDIX','Pundi X Token',50,0,0,0,0),(2103,1,'REQ','Request Token',50,0,0,0,0),(2110,1,'RGT','Retail Global Token',50,0,0,0,0),(2138,1,'RVN','Ravencoin',50,0,0,0,0),(2154,1,'SAND','SAND',50,0,0,0,0),(2188,1,'SFP','SafePal Token (BSC Chain)',50,0,0,0,0),(2201,1,'SHIB','SHIBA INU (ERC20)',50,0,0,0,0),(2216,1,'SKL','SKALE',50,0,0,0,0),(2222,1,'SLP','Smooth Love Potion',50,0,0,0,0),(2241,1,'SNX','Synthetix Network Token',50,0,0,0,0),(2243,1,'SOL','Solana',50,0,0,0,0),(2283,1,'STMX','Crypterio Coin',50,0,0,0,0),(2286,1,'STORM','Storm Token',50,0,0,0,0),(2294,1,'SUN','SUNCOIN',50,0,0,0,0),(2298,1,'SUSHI','SushiToken',50,0,0,0,0),(2306,1,'SYS','Syscoin',50,0,0,0,0),(2329,1,'TCT','TokenClub Token',50,0,0,0,0),(2414,1,'TUSD','TrueUSD',50,0,0,0,0),(2422,1,'TWT','TwitCOIN',50,0,0,0,0),(2450,1,'UMA','UMA Voting Token v1',50,0,0,0,0),(2454,1,'UNI','Unica Coin',50,0,0,0,0),(2476,1,'USDS','StableUSD',50,0,0,0,0),(2482,1,'UST','Uservice Token',50,0,0,0,0),(2498,1,'VEN','VeChain Token (ERC20)',50,0,0,0,0),(2506,1,'VGX','Voyager Token',50,0,0,0,0),(2571,1,'WIN','WCOIN',50,0,0,0,0),(2584,1,'WOO','Wootrade Network',50,0,0,0,0),(2595,1,'WTC','Walton Token',50,0,0,0,0),(2619,1,'XEM','NEM',50,0,0,0,0),(2669,1,'YFI','yearn.finance',50,0,0,0,0),(2685,1,'ZEN','Horizen',50,0,0,0,0),(2686,1,'CGPT','CryptmusToken',50,0,0,0,0),(2687,1,'VERSE','verse',50,0,0,0,0),(2707,1,'USDT','USDT',50,0,0,0,0);
/*!40000 ALTER TABLE `chart` ENABLE KEYS */;
UNLOCK TABLES;

--
-- Table structure for table `chart_chain`
--

DROP TABLE IF EXISTS `chart_chain`;
/*!40101 SET @saved_cs_client     = @@character_set_client */;
/*!40101 SET character_set_client = utf8 */;
CREATE TABLE `chart_chain` (
  `id` int(11) NOT NULL AUTO_INCREMENT,
  `chart_id` int(11) NOT NULL,
  `chain_id` int(11) NOT NULL,
  `symbol` varchar(255) NOT NULL,
  `cryptomus` int(11) DEFAULT 0,
  PRIMARY KEY (`id`)
) ENGINE=InnoDB AUTO_INCREMENT=2315 DEFAULT CHARSET=utf8mb4 COLLATE=utf8mb4_general_ci;
/*!40101 SET character_set_client = @saved_cs_client */;

--
-- Dumping data for table `chart_chain`
--

LOCK TABLES `chart_chain` WRITE;
/*!40000 ALTER TABLE `chart_chain` DISABLE KEYS */;
INSERT INTO `chart_chain` VALUES (1,258,1,'BTC',1),(2,258,2,'BTC.BEP2',0),(3,258,3,'BTC.BEP20',0),(5,267,4,'BCH',0),(6,267,2,'BCH.BEP2',0),(7,267,3,'BCH.BEP20',0),(8,266,5,'LTC',0),(9,266,2,'LTC.BEP2',0),(10,266,3,'LTC.BEP20',0),(11,264,2,'ADA.BEP2',0),(12,264,3,'ADA.BEP20',0),(13,326,6,'BAT',0),(14,261,2,'BNB',0),(15,261,2,'BNB.BSC',0),(16,261,6,'BNB.ERC20',0),(17,322,6,'BNT',0),(18,304,7,'BTG',0),(19,290,6,'DAI',0),(20,290,3,'DAI.BEP20',0),(21,300,8,'DASH',0),(22,265,9,'DOGE',0),(23,265,2,'DOGE.BEP2',0),(24,265,3,'DOGE.BEP20',0),(25,336,6,'ENJ',0),(26,320,10,'ETC',0),(27,320,3,'ETC.BEP20',0),(28,260,6,'ETH',1),(29,260,2,'ETH.BEP2',0),(30,260,3,'ETH.BEP20',0),(31,287,6,'IOST',0),(32,327,6,'KNC',0),(33,268,6,'LINK',0),(34,268,3,'LINK.BEP20',0),(35,301,6,'LRC',0),(36,266,5,'LTC.Waves',0),(37,332,6,'MANA',0),(38,277,6,'MKR',0),(39,292,6,'NEXO',0),(40,311,6,'OMG',0),(41,314,11,'QTUM',0),(42,313,6,'REP',0),(43,325,6,'STORJ',0),(44,272,12,'USDT_TRC20',0),(45,272,2,'TRX.BEP2',0),(46,272,3,'TRX.BEP20',0),(47,272,6,'TRX.ERC20',0),(48,270,6,'USDC',0),(49,270,3,'USDC_ERC20',1),(50,270,12,'USDC_TRC20',1),(51,259,13,'USDT',0),(52,259,2,'USDT.BEP2',0),(53,259,3,'USDT.BEP20',0),(54,259,6,'usdterc20',1),(55,259,14,'USDT.SOL',0),(56,259,12,'usdttrc20',1),(57,259,13,'trx',0),(58,319,6,'UTK',0),(59,319,6,'UTK.Old',0),(60,324,15,'WAVES',0),(61,269,3,'XLM.BEP20',0),(62,273,16,'XMR',0),(63,262,17,'XRP',0),(64,262,2,'XRP.BEP2',0),(65,262,3,'XRP.BEP20',0),(66,338,18,'XVG',0),(67,281,19,'ZEC',0),(68,285,6,'ZIL',0),(69,286,6,'ZRX',0),(70,258,1,'BTC.Bitstamp',0),(74,465,23,'EUR',0),(85,476,6,'1INCH',0),(96,488,6,'AAVE',0),(146,538,6,'AKRO',0),(155,547,6,'ALPHA',0),(166,558,6,'AMP',0),(180,572,6,'APE',0),(202,594,6,'ARPA',0),(213,605,6,'ATOM',0),(215,607,30,'AUD',0),(227,619,6,'AXS',0),(241,633,6,'BAR',0),(272,664,33,'BEAM',0),(301,693,6,'BICO',0),(328,720,6,'BLZ',0),(341,733,6,'BNX',0),(408,800,2,'BTT.BEP2',0),(409,801,6,'BTTC',0),(418,810,6,'BUSD',0),(483,875,38,'CELO',0),(485,877,6,'CELR',0),(503,895,6,'CHR',0),(507,899,6,'CHZ',0),(511,903,6,'CITY',0),(527,919,6,'CLV',0),(550,942,6,'COMP',0),(557,949,6,'COTI',0),(603,995,6,'CTK',0),(605,997,6,'CTSI',0),(607,999,6,'CTXC',0),(618,1010,6,'CVP',0),(641,1033,6,'DAR',0),(671,1063,6,'DENT',0),(675,1067,49,'DGB',0),(682,1074,6,'DIA',0),(701,1093,6,'DNT',0),(703,1095,6,'DOCK',0),(710,1102,2,'DOT.BEP2',0),(734,1126,6,'DUSK',0),(738,1130,6,'DYDX',0),(802,1194,6,'ENS',0),(890,1282,6,'FET',0),(898,1290,53,'FIRO',0),(918,1310,6,'FOR',0),(919,1311,6,'FORTH',0),(933,1325,6,'FTM',0),(934,1326,6,'FTT',0),(938,1330,6,'FUN',0),(955,1347,6,'GALA',0),(961,1353,54,'GBP',0),(1032,1424,6,'GRT',0),(1038,1430,6,'GTO',0),(1055,1447,6,'HC',0),(1081,1473,6,'HOT',0),(1120,1512,6,'IDEX',0),(1166,1558,3,'IOTA.BEP20',0),(1167,1559,6,'IOTX',0),(1198,1590,12,'JST.TRC20',0),(1208,1600,6,'KEY',0),(1221,1613,71,'KMD',0),(1268,1660,6,'LEND',0),(1286,1678,6,'LIT',0),(1299,1691,6,'LPT',0),(1309,1701,6,'LUNA',0),(1321,1713,6,'MATIC',0),(1333,1725,6,'MCO',0),(1351,1743,6,'MFT',0),(1463,1855,6,'NKN',0),(1468,1860,6,'NMR',0),(1482,1874,6,'NPXS',0),(1499,1891,6,'NULS',0),(1530,1922,6,'ONE',0),(1531,1923,6,'ONG',0),(1546,1938,6,'ORN',0),(1561,1953,6,'OXT',0),(1570,1962,6,'PAX',0),(1583,1975,6,'PERL',0),(1608,2000,6,'PLA',0),(1623,2015,6,'PNT',0),(1627,2019,6,'POLY',0),(1636,2028,6,'POWR',0),(1660,2052,6,'PUNDIX',0),(1711,2103,6,'REQ',0),(1718,2110,6,'RGT',0),(1746,2138,91,'RVN',0),(1762,2154,6,'SAND',0),(1796,2188,3,'SFP.BEP20',0),(1809,2201,6,'SHIB',0),(1824,2216,6,'SKL',0),(1830,2222,6,'SLP',0),(1849,2241,6,'SNX',0),(1851,2243,14,'SOL',0),(1891,2283,6,'STMX',0),(1894,2286,6,'STORM',0),(1902,2294,6,'SUN',0),(1906,2298,6,'SUSHI',0),(1914,2306,97,'SYS',0),(1937,2329,6,'TCT',0),(2022,2414,6,'TUSD',0),(2030,2422,6,'TWT',0),(2058,2450,6,'UMA',0),(2062,2454,6,'UNI',0),(2084,2476,6,'USDS',0),(2090,2482,6,'UST',0),(2106,2498,6,'VEN',0),(2114,2506,6,'VGX',0),(2179,2571,6,'WIN',0),(2192,2584,6,'WOO',0),(2203,2595,6,'WTC',0),(2227,2619,110,'XEM',0),(2277,2669,6,'YFI',0),(2293,2685,114,'ZEN',0);
/*!40000 ALTER TABLE `chart_chain` ENABLE KEYS */;
UNLOCK TABLES;

--
-- Table structure for table `chart_favourite`
--

DROP TABLE IF EXISTS `chart_favourite`;
/*!40101 SET @saved_cs_client     = @@character_set_client */;
/*!40101 SET character_set_client = utf8 */;
CREATE TABLE `chart_favourite` (
  `id` int(11) NOT NULL AUTO_INCREMENT,
  `user_id` int(11) NOT NULL,
  `chart_id` int(11) NOT NULL,
  PRIMARY KEY (`id`)
) ENGINE=InnoDB AUTO_INCREMENT=61 DEFAULT CHARSET=utf8mb4 COLLATE=utf8mb4_general_ci;
/*!40101 SET character_set_client = @saved_cs_client */;

--
-- Dumping data for table `chart_favourite`
--

LOCK TABLES `chart_favourite` WRITE;
/*!40000 ALTER TABLE `chart_favourite` DISABLE KEYS */;
INSERT INTO `chart_favourite` VALUES (7,11,271),(10,11,260),(13,11,314),(16,20,264),(20,20,261),(22,21,258),(23,21,260),(24,28,258),(41,24,258),(42,24,301),(44,118,272),(47,134,258),(51,149,260),(52,149,274),(54,149,693),(55,149,258),(57,254,258),(58,294,258),(59,294,260),(60,294,261);
/*!40000 ALTER TABLE `chart_favourite` ENABLE KEYS */;
UNLOCK TABLES;

--
-- Table structure for table `commission`
--

DROP TABLE IF EXISTS `commission`;
/*!40101 SET @saved_cs_client     = @@character_set_client */;
/*!40101 SET character_set_client = utf8 */;
CREATE TABLE `commission` (
  `id` int(11) NOT NULL AUTO_INCREMENT,
  `title` varchar(255) NOT NULL,
  `value` int(11) NOT NULL DEFAULT 0,
  PRIMARY KEY (`id`)
) ENGINE=InnoDB AUTO_INCREMENT=12 DEFAULT CHARSET=utf8mb4 COLLATE=utf8mb4_general_ci;
/*!40101 SET character_set_client = @saved_cs_client */;

--
-- Dumping data for table `commission`
--

LOCK TABLES `commission` WRITE;
/*!40000 ALTER TABLE `commission` DISABLE KEYS */;
INSERT INTO `commission` VALUES (1,' ',0),(2,' ',0),(3,' ',0),(4,' ',0),(5,' ',0),(6,' ',0),(7,'  P2P',0),(8,'  B2B',0),(9,'  ',0),(10,'  ',0),(11,'  ',0);
/*!40000 ALTER TABLE `commission` ENABLE KEYS */;
UNLOCK TABLES;

--
-- Table structure for table `company`
--

DROP TABLE IF EXISTS `company`;
/*!40101 SET @saved_cs_client     = @@character_set_client */;
/*!40101 SET character_set_client = utf8 */;
CREATE TABLE `company` (
  `id` int(11) NOT NULL AUTO_INCREMENT,
  `user_id` int(11) NOT NULL,
  `inn` varchar(10) NOT NULL,
  `ogrn` varchar(13) NOT NULL,
  `name` varchar(255) NOT NULL,
  `address` varchar(255) NOT NULL,
  `main_okved` int(11) DEFAULT NULL,
  `kpp` varchar(30) DEFAULT NULL,
  `fio` varchar(150) DEFAULT NULL,
  `phone` varchar(12) DEFAULT NULL,
  `bank` int(11) DEFAULT NULL,
  `bik` varchar(12) DEFAULT NULL,
  `rs` varchar(30) DEFAULT NULL,
  `ks` varchar(30) DEFAULT NULL,
  PRIMARY KEY (`id`)
) ENGINE=InnoDB AUTO_INCREMENT=114 DEFAULT CHARSET=utf8mb4 COLLATE=utf8mb4_general_ci;
/*!40101 SET character_set_client = @saved_cs_client */;

--
-- Dumping data for table `company`
--

LOCK TABLES `company` WRITE;
/*!40000 ALTER TABLE `company` DISABLE KEYS */;
INSERT INTO `company` VALUES (26,356,'4214000608','1024201388661',' \" \"','  - ,  ,  ,  6',7,'43673467','','79049545884',754,'0470000000','54625472456724672467','346723467246724672467'),(28,429,'7702235133','1037700013020',' ',' ,  ,  12  ',8,'1','2','79059054455',1700,'5','6','78'),(50,230,'6150001188','1026102229120',' \"\"',' ,  , - ,  106',9,'615001001','  ','11111111111',1791,'111','11','11'),(51,438,'2222222222','2222222222222','22222222222','2222222222222222',5,'22222222222','2222222222222','222222222222',1901,'222222222','22222222222','2222222222'),(52,443,'7709383532','1027739707203',' \" -  \"',' ,  ,  77  1',10,'770501001','  ','2222222222',2144,'2','2','2'),(54,448,'7703370008','1037703012896',' \"\"',' ,  ,  1',2325,'64.99.11','64.99.11','79059051122',2475,'047047047','1037703012896','1037703012896'),(55,449,'7727309556','1177746071458',' \"\"','125362, ., ...    ,  , . 31, . 1, . XVI, . 1,  4',1468,'773301001','  ','6666666666',3209,'666','666','666'),(56,450,'6163087104','1076163008943',' \" \"',' --,  ,  61',1,'616701001','  ','89952900997',566,'1111111','111111111','111111111'),(57,452,'7842101010','1167847166035',' \"\"',' ,   ,  3,  312',2182,'772001001','  ','756745745545',568,'745','457','4574'),(58,453,'5031126789','1175053014070',' \"-\"',' ,  ,  ,  26,  10',2630,'503101001','  ','+79825066577',1605,'2','11111111','2'),(59,454,'5031126789','1175053014070',' \"-\"',' ,  ,  ,  26,  10',2630,'503101001','  ','+79825066577',1501,'5445454','22222222222222','33333333333333'),(60,455,'6161053974','1096161000110',' \"\"',' --, - ,  16',96,'616101001','  ','+79825066577',1717,'5445454','22222222222222','33333333333333'),(61,458,'7723517121','1047796535874','\"\"',' ,   ,  35  5',2769,'772301001','   ','',1756,'373883838','3783838382','3883388383'),(62,468,'5031148454','1225000122896',' \" \"','142406,  , .. ,  ,  7- , . 17, /. 1/VIII, . 4',1468,'503101001','  ','89165974817',2194,'2737373','111111111111111','11111111222222'),(63,471,'5053060676','1205000038870',' \"-\"',' ,  ,  ,  35,  122',1468,'505301001','  ','89175554323',2533,'5635364','23324242424','43535364'),(64,474,'7733881088','1147746537102',' \"\"',' ,  ,  6  1,  I  2, 2',1468,'772701001','  ','9952900997',2909,'5004333','123456890','1234567890'),(65,475,'5031126789','1175053014070',' \"-\"','142412,  , .. ,  ,  , . 26, . 10',2630,'503101001','  ','89353569708',3200,'123456','1234567890','1234567890'),(66,483,'7733881088','1147746537102',' \"\"',' ,  ,  6  1,  I  2, 2',1468,'772701001','  ','1234567890',8,'555555555','5555555555555555555555555555','5555555555555555555555555555'),(69,484,'7708503727','1037739877295',' \"\"',' ,   ,  2/1  1',1992,'770801001','  ','6666666666',10,'123456789','12345678901234567890','12345678901234567890'),(70,486,'6162079132','1186196026500',' \"\"',' --,  ,  113,  7, 7',1468,'616201001','  ','+79518330997',1,'041280103','1111111111111111111111111111','40116810100000000000'),(71,488,'1660145597','1101690059350',' \"\"',' ,   ,  8,  1133',1344,'165501001','  ','9952900997',2598,'044525593','1111111111111111111111111111','30101810200000000000'),(72,464,'5053059582','1195081063154',' \" \"',' ,  ,  ,  15,  45',2635,'505301001','  ','8999999998',3510,'044525225','12345678901234567890','30101810400000000000'),(74,494,'5053059582','1195081063154',' \" \"',' ,  ,  ,  15,  45',2635,'505301001','  ','9952900997',2598,'044525593','12345678901234567890','30101810200000000000'),(75,495,'5053059582','1195081063154',' \" \"',' ,  ,  ,  15,  45',2635,'505301001','  ','9952900997',2598,'044525593','12345678901234567890','30101810200000000000'),(76,497,'7707083893','1027700132195',' ',' ,  ,  19',2307,'773601001','  ','2727727273',3510,'044525225','12345678991234567890','30101810400000000000'),(77,498,'7707083893','1027700132195',' ',' ,  ,  19',2307,'773601001','  ','1222123213',3510,'044525225','1111111111111111111111111111','30101810400000000000'),(78,499,'7707083893','1027700132195',' ',' ,  ,  19',2307,'773601001','  ','1727727374',3510,'044525225','2838828282838383838383838828','30101810400000000000'),(79,500,'5053060676','1205000038870',' \"-\"',' ,  ,  ,  35,  122',1468,'505301001','  ','9952900997',2598,'044525593','11111111111111111111','30101810200000000000'),(80,501,'7720620378','1087746708015',' \"\"',' ,  ,  13  3,  522',2401,'772001001','  ','9952900997',2598,'044525593','40789762830492720493','30101810200000000000'),(81,502,'7810350616','1157847159007',' \"\"',' -, - ,  44  ,  2',1779,'781001001','  ','8925456432',2598,'044525593','65433976544433338889','30101810200000000000'),(82,504,'7728168971','1027700067328',' \"-\"',' ,  ,  27',2307,'770801001','  ','4673737373',2598,'044525593','3737747372737477473738384774','30101810200000000000'),(83,506,'5053060676','1205000038870',' \"-\"',' ,  ,  ,  35,  122',1468,'505301001','  ','9100037707',3510,'044525225','11111111111111111111','30101810400000000000'),(84,508,'7728168971','1027700067328',' \"-\"',' ,  ,  27',2307,'770801001','  ','1111111111',2598,'044525593','1221321312321312312312312312','30101810200000000000'),(85,509,'7728168971','1027700067328',' \"-\"',' ,  ,  27',2307,'770801001','  ','1234567890',2598,'044525593','12345678901234567890','30101810200000000000'),(86,510,'7710140679','1027739642281',' \" \"',' ,   2-,  38  26',2307,'771301001','  ','1111111111',3569,'044525974','1111111111111111111111111111','30101810145250000000'),(87,517,'7825706086','1027809237796',' \"\"',' -,  -,  90/92',1809,'784101001',' ','9952900997',1860,'044525599','22222222222222323333','30101810245250000000'),(88,518,'7734254019','1037734001425',' \"\"',' ,  3- ,  5  1',1743,'771801001','','9952900997',2598,'044525593','53535353535353526262','30101810200000000000'),(89,519,'7723092091','1037700114297','\" \"',' ,  ,  3',2836,'772301001','  ','3727847584',3510,'044525225','12345678901234567890','30101810400000000000'),(90,521,'9723083799','1197700005304',' \" \"',' ,  ,  54  2,  106',2815,'772301001','  ','1111111111',3510,'044525225','1111111111111111111111111111','30101810400000000000'),(91,522,'7709429770','1037709057627',' \"\"',' , - ,  49,  83',2563,'770201001','  ','9952900997',2598,'044525593','20000000000000000000','30101810200000000000'),(92,523,'6362007569','1026303888247',' \"\"',' ,  ,  ,  12  1',24,'636201001','  ','9952900997',3510,'044525225','11111111111122222222','30101810400000000000'),(93,524,'9729353995','1237700589466',' \" \"',' , - ,  105  4,  1',2630,'772901001','  ','9260700054',2598,'044525593','12345687901239394930','30101810200000000000'),(94,525,'9707006532','1237700590236',' \"-\"',' ,  ,  24  2,  12',1468,'770701001','  ','9260700054',2598,'044525593','12345678901233456778','30101810200000000000'),(95,532,'5053062232','1215000061418',' \" \"',' ,  ,  8 ,  15,  3',1503,'505301001','  ','8916455809',2598,'044525593','11113444445556677777','30101810200000000000'),(96,534,'7017358020','1147017014297',' \" \"',' ,  ,  6',1949,'701701001','  ','8912233332',2938,'047102651','40207812031033044055','30101810800000000000'),(97,535,'9721183149','1227700681845',' \"\"',' ,  ,  43,  IX  3, 3',2815,'772101001','  ','12345678900',3510,'044525225','1111111111111111111111111111','30101810400000000000'),(98,541,'9705167397','1227700159389',' \"-\"',' ,  ,  28,  IX  14, 14',1802,'770501001','  ','89779530808',1870,'044525411','40702810511689009755','30101810145250000000'),(99,542,'7718846561','1117746354110',' \"\"','121099, ., ...   ,  , . 17, // 4/I/11,12',2654,'770401001','  ','89263568888',3510,'044525225','77777777777777777777','30101810400000000000'),(100,543,'7106002120','1027100750808',' \"\"',' ,  ,  25,  1',1531,'710601001','  ','99529009977',2598,'044525593','55555555555555555555','30101810200000000000'),(101,548,'5752049812','1095752000805',' \"\"',' ,  ,  98',1753,'575201001','  ','89260700054',3510,'044525225','03836183837189372919','30101810400000000000'),(102,281,'5029249800','1195081066872',' \"\"','141006,  , .. ,  , - , . 29, . 1, / 32/31',1809,'502901001','  ','89465666666',3510,'044525225','77787788777777777777','30101810400000000000'),(103,549,'6686115733','1196658035474',' \"\"',' ,  ,  2,  1',1648,'668601001','  ','11111111111',3510,'044525225','11111111111111111112','30101810400000000000'),(104,560,'9701056696','1167700074222',' \"\"',' ,  ,  19,  94',2775,'772301001','  ','22222222222',3569,'044525974','2222222222222222222222222222','30101810145250000000'),(105,563,'7708738849','1117746361765',' \"\"',' ,  ,  ,  ,  6/1  2,  13, 13',407,'507501001','  ','89952900997',3510,'044525225','12345678901234567890','30101810400000000000'),(106,569,'9723144642','1227700155275',' \" \"',' ,  ,  6',2443,'771001001','  ','37737272727',3510,'044525225','2773467282737463727277374646','30101810400000000000'),(107,573,'9717155090','1247700135440',' \"-\"','129301, ., ...   ,   , . 18, . 1/',2433,'771701001','  ','89956563014',2938,'047102651','6373848836277667392194748377','30101810800000000000'),(108,579,'7838116454','1237800099900',' \" \"','198035, .-, ...   ,   , . 8,  , . 4-(114)',2275,'783801001','  ','79626939665',3510,'044525225','40817810900088403720','30101810400000000000'),(109,587,'9706045673','1247700380256',' \"\"',' , 2-  ,  9,  2',1802,'770601001','  ','89253568507',3510,'044525225','11111111111111111111','30101810400000000000'),(110,590,'7715994667','1147746231104',' \"-\"',' ,  ,  3  3',2496,'771501001','  ','79952900997',3569,'044525974','55555555555555555555','30101810145250000000'),(111,589,'5003021311','1025000653930',' \" \"',' -,   ,  24  ',1762,'781301001','  ','89119119191',3569,'044525974','77777777777777777777','30101810145250000000'),(112,593,'7842155505','1187847178705',' \"\"','196006, .-,  , . 3, . 3  , / 22/22',2457,'781001001','  ','89119119191',3569,'044525974','77777777777777777777','30101810145250000000'),(113,594,'9717163742','1247700405260',' \"\"',' ,   ,  5,  3',1514,'771701001','  ','79952900997',2598,'044525593','25252525255252525252','30101810200000000000');
/*!40000 ALTER TABLE `company` ENABLE KEYS */;
UNLOCK TABLES;

--
-- Table structure for table `cryptomus`
--

DROP TABLE IF EXISTS `cryptomus`;
/*!40101 SET @saved_cs_client     = @@character_set_client */;
/*!40101 SET character_set_client = utf8 */;
CREATE TABLE `cryptomus` (
  `id` int(11) NOT NULL AUTO_INCREMENT,
  `symbol` varchar(12) NOT NULL,
  `network` varchar(12) NOT NULL,
  `active` int(11) NOT NULL DEFAULT 1,
  PRIMARY KEY (`id`)
) ENGINE=InnoDB AUTO_INCREMENT=29 DEFAULT CHARSET=utf8mb4 COLLATE=utf8mb4_general_ci;
/*!40101 SET character_set_client = @saved_cs_client */;

--
-- Dumping data for table `cryptomus`
--

LOCK TABLES `cryptomus` WRITE;
/*!40000 ALTER TABLE `cryptomus` DISABLE KEYS */;
INSERT INTO `cryptomus` VALUES (1,'BCH','bch',1),(2,'BNB','bsc',1),(3,'BTC','btc',1),(4,'BUSD','tron',1),(5,'BUSD','bsc',1),(6,'BUSD','eth',1),(7,'CGPT','bsc',1),(8,'DAI','bsc',1),(9,'DAI','eth',1),(10,'DAI','polygon',1),(11,'DASH','dash',1),(12,'DOGE','doge',1),(13,'ETH','eth',1),(14,'LTC','ltc',1),(15,'MATIC','eth',1),(16,'MATIC','polygon',1),(17,'TON','ton',1),(18,'TRX','tron',1),(19,'USDC','bsc',1),(20,'USDC','tron',1),(21,'USDC','eth',1),(22,'USDC','polygon',1),(23,'USDT','tron',1),(24,'USDT','eth',1),(25,'USDT','bsc',1),(26,'USDT','polygon',1),(27,'VERSE','eth',1),(28,'XMR','xmr',1);
/*!40000 ALTER TABLE `cryptomus` ENABLE KEYS */;
UNLOCK TABLES;

--
-- Table structure for table `currency`
--

DROP TABLE IF EXISTS `currency`;
/*!40101 SET @saved_cs_client     = @@character_set_client */;
/*!40101 SET character_set_client = utf8 */;
CREATE TABLE `currency` (
  `id` int(11) NOT NULL AUTO_INCREMENT,
  `active` int(11) NOT NULL DEFAULT 1,
  `symbol` varchar(255) NOT NULL,
  `name` varchar(255) NOT NULL,
  `p2p` int(11) DEFAULT NULL,
  `b2b` int(11) DEFAULT NULL,
  PRIMARY KEY (`id`)
) ENGINE=InnoDB AUTO_INCREMENT=73 DEFAULT CHARSET=utf8mb4 COLLATE=utf8mb4_general_ci;
/*!40101 SET character_set_client = @saved_cs_client */;

--
-- Dumping data for table `currency`
--

LOCK TABLES `currency` WRITE;
/*!40000 ALTER TABLE `currency` DISABLE KEYS */;
INSERT INTO `currency` VALUES (1,1,'RUB','RUB',1,1),(2,1,'EUR','EUR',0,NULL),(3,1,'USD','USD',0,NULL),(4,1,'TRY','TRY',NULL,NULL),(5,1,'CHF','CHF',NULL,NULL),(6,1,'HRK','HRK',NULL,NULL),(7,1,'MXN','MXN',NULL,NULL),(8,1,'VES','VES',NULL,NULL),(9,1,'CLP','CLP',NULL,NULL),(10,1,'UGX','UGX',NULL,NULL),(11,1,'ZAR','ZAR',NULL,NULL),(12,1,'TND','TND',NULL,NULL),(13,1,'TZS','TZS',NULL,NULL),(14,1,'VND','VND',NULL,NULL),(15,1,'AUD','AUD',NULL,NULL),(16,1,'GHS','GHS',NULL,NULL),(17,1,'BOB','BOB',NULL,NULL),(18,1,'IDR','IDR',NULL,NULL),(19,1,'SDG','SDG',NULL,NULL),(20,1,'AMD','AMD',NULL,NULL),(21,1,'LBP','LBP',NULL,NULL),(22,1,'TJS','TJS',NULL,NULL),(23,1,'AED','AED',NULL,NULL),(24,1,'HKD','HKD',NULL,NULL),(25,1,'TWD','TWD',NULL,NULL),(26,1,'DKK','DKK',NULL,NULL),(27,1,'CAD','CAD',NULL,NULL),(28,1,'BGN','BGN',NULL,NULL),(29,1,'MMK','MMK',NULL,NULL),(30,1,'XOF','XOF',NULL,NULL),(31,1,'GEL','GEL',NULL,NULL),(32,1,'RON','RON',NULL,NULL),(33,1,'UYU','UYU',NULL,NULL),(34,1,'MAD','MAD',NULL,NULL),(35,1,'LKR','LKR',NULL,NULL),(36,1,'NGN','NGN',NULL,NULL),(37,1,'CZK','CZK',NULL,NULL),(38,1,'AZN','AZN',NULL,NULL),(39,1,'CRC','CRC',NULL,NULL),(40,1,'OMR','OMR',NULL,NULL),(41,1,'PKR','PKR',NULL,NULL),(42,1,'SEK','SEK',NULL,NULL),(43,1,'KES','KES',NULL,NULL),(44,1,'UAH','UAH',NULL,NULL),(45,1,'BHD','BHD',NULL,NULL),(46,1,'ARS','ARS',NULL,NULL),(47,1,'QAR','QAR',NULL,NULL),(48,1,'KZT','KZT',NULL,NULL),(49,1,'SAR','SAR',NULL,NULL),(50,1,'INR','INR',NULL,NULL),(51,1,'CNY','CNY',NULL,NULL),(52,1,'THB','THB',NULL,NULL),(53,1,'UZS','UZS',NULL,NULL),(54,1,'JPY','JPY',NULL,NULL),(55,1,'MNT','MNT',NULL,NULL),(56,1,'PLN','PLN',NULL,NULL),(57,1,'GBP','GBP',NULL,NULL),(58,1,'BYN','BYN',NULL,NULL),(59,1,'HUF','HUF',NULL,NULL),(60,1,'PHP','PHP',NULL,NULL),(61,1,'KWD','KWD',NULL,NULL),(62,1,'PYG','PYG',NULL,NULL),(63,1,'ISK','ISK',NULL,NULL),(64,1,'COP','COP',NULL,NULL),(65,1,'EGP','EGP',NULL,NULL),(66,1,'DZD','DZD',NULL,NULL),(67,1,'PAB','PAB',NULL,NULL),(68,1,'KGS','KGS',NULL,NULL),(69,1,'PEN','PEN',NULL,NULL),(70,1,'NZD','NZD',NULL,NULL),(71,1,'XAF','XAF',NULL,NULL),(72,1,'BRL','BRL',NULL,NULL);
/*!40000 ALTER TABLE `currency` ENABLE KEYS */;
UNLOCK TABLES;

--
-- Table structure for table `faq`
--

DROP TABLE IF EXISTS `faq`;
/*!40101 SET @saved_cs_client     = @@character_set_client */;
/*!40101 SET character_set_client = utf8 */;
CREATE TABLE `faq` (
  `id` int(11) NOT NULL AUTO_INCREMENT,
  `parent_id` int(11) NOT NULL,
  `title` varchar(255) NOT NULL,
  `description` text DEFAULT NULL,
  PRIMARY KEY (`id`)
) ENGINE=InnoDB AUTO_INCREMENT=171 DEFAULT CHARSET=utf8mb4 COLLATE=utf8mb4_general_ci;
/*!40101 SET character_set_client = @saved_cs_client */;

--
-- Dumping data for table `faq`
--

LOCK TABLES `faq` WRITE;
/*!40000 ALTER TABLE `faq` DISABLE KEYS */;
INSERT INTO `faq` VALUES (1,0,'',NULL),(2,1,'////',NULL),(3,2,'     ','  !!'),(4,2,'     ','  !!'),(5,2,' /  ','  !!'),(6,2,'    ','  !!'),(7,2,'   ','  !!'),(8,2,'    ','  !!'),(9,2,'    ','  !!'),(10,2,'  ','  !!'),(11,2,'  ','  !!'),(12,2,'      ','  !!'),(13,2,'     ','  !!'),(14,2,'   ','  !!'),(15,2,'  ','  !!'),(16,2,'     ','  !!'),(17,2,' ','  !!'),(18,2,' 10 000     ','  !!'),(19,1,' /  VIP ',NULL),(20,19,'   ID/','  !!'),(21,19,'   ','  !!'),(22,19,'   ','  !!'),(23,19,'   VIP','  !!'),(24,0,'P2P ',NULL),(25,24,'  2  / ',NULL),(26,25,'  P2P  /    P2P','  !!'),(27,25,' P2P-','  !!'),(28,25,'  ,     ','  !!'),(29,25,'    24 / 48   2','  !!'),(30,25,' 2    ','  !!'),(31,25,'     P2P','  !!'),(32,25,'2    3 ','  !!'),(33,25,'      2','  !!'),(34,25,'( )  ','  !!'),(35,24,'  P2P ',NULL),(36,35,'  Binance P2P','  !!'),(37,35,'  2    ','  !!'),(38,35,'     2','  !!'),(39,35,'       P2P','  !!'),(40,35,'    2()  ','  !!'),(41,35,'   2','  !!'),(42,24,'P2P ',NULL),(43,42,'  P2P-','  !!'),(44,42,'    P2P ','  !!'),(45,0,' Binance Visa',NULL),(46,45,' Binance Visa',NULL),(47,46,'   Binance','  !!'),(48,46,'Binance Card    ','  !!'),(49,46,'   75 BUSD    ','  !!'),(50,46,'Binance   ','  !!'),(51,46,'  Binance Card','  !!'),(52,46,'    Binance','  !!'),(53,46,'   Binance     ','  !!'),(54,46,'   Binance ','  !!'),(55,46,'    Binance','  !!'),(56,46,'   Binance','  !!'),(57,46,'   Binance','  !!'),(58,0,' /',NULL),(59,58,'RUB / UAH ',NULL),(60,59,'  RUB  QIWI','  !!'),(61,59,' UAH  VISA/Mastercard  ','  !!'),(62,59,'   ','  !!'),(63,59,'   /    ','  !!'),(64,59,'    Visa/Mastercard  ','  !!'),(65,59,' Visa/Mastercard     ','  !!'),(66,59,'       ','  !!'),(67,58,'RUB / UAH ',NULL),(68,67,' UAH    SettlePay  ','  !!'),(69,67,' UAH/RUB    ','  !!'),(70,0,' /',NULL),(71,70,'',NULL),(72,71,'   ','  !!'),(73,71,'   Binance  ','  !!'),(74,71,'      NFT','  !!'),(75,71,'    Binance ()','  !!'),(76,71,'   ','  !!'),(77,71,'      ','  !!'),(78,71,'   ','  !!'),(79,71,'   ','  !!'),(80,71,'/     ','  !!'),(81,70,'',NULL),(82,81,'   ,     ','  !!'),(83,81,'C    ,    ','  !!'),(84,81,'   ','  !!'),(85,81,'  /  ','  !!'),(86,81,'    ','  !!'),(87,81,'      ','  !!'),(88,81,'  ','  !!'),(89,0,'',NULL),(90,89,'',NULL),(91,90,'//-/ ','  !!'),(92,90,'  ','  !!'),(93,90,'  ','  !!'),(94,90,'    ','  !!'),(95,90,'    BNB','  !!'),(96,90,'  ','  !!'),(97,90,'   ','  !!'),(98,89,'',NULL),(99,98,' :     ','  !!'),(100,98,'  ','  !!'),(101,98,'    ','  !!'),(102,98,'    ','  !!'),(103,98,'    ','  !!'),(104,98,'  ','  !!'),(105,89,'',NULL),(106,105,'   ','  !!'),(107,105,'  ','  !!'),(108,105,'   ','  !!'),(109,105,'     ','  !!'),(110,105,'      ','  !!'),(111,89,'   ',NULL),(112,111,'      ','  !!'),(113,89,'(options trading)',NULL),(114,113,'   Binance','  !!'),(115,0,'Email/SMS/Google/Yubikey',NULL),(116,115,'/()/ 2FA/Yubikey',NULL),(117,116,'/ 2FA','  !!'),(118,116,'     ','  !!'),(119,116,'  Google 2FA','  !!'),(120,116,'   ','  !!'),(121,116,'  Google 2FA','  !!'),(122,116,'  Yubikey','  !!'),(123,116,'   ','  !!'),(124,0,' ',NULL),(125,124,' ',NULL),(126,125,'   (   P2P)','  !!'),(127,125,'   ','  !!'),(128,125,'   ','  !!'),(129,0,'  ',NULL),(130,129,' /  ',NULL),(131,130,'    ,    ','  !!'),(132,130,'   ','  !!'),(133,130,'Binance Football Fever 2022','  !!'),(134,130,'    Binance (Learn and Earn)','  !!'),(135,130,' Crypto WODL','  !!'),(136,130,': Binance Fiat Challenge','  !!'),(137,130,'  ','  !!'),(138,130,'Binance Live ','  !!'),(139,130,'Binance Pay  Crypto Box','  !!'),(140,130,':  0,01 BUSD/USDT   ','  !!'),(141,130,' Binance Pay 1 BUSD','  !!'),(142,130,' Binance /   ','  !!'),(143,130,':   Binance','  !!'),(144,129,'Binance Simple Earn',NULL),(145,144,'    Binance Simple Earn','  !!'),(146,144,'    ETH 2.0 ','  !!'),(147,144,'      Binance Simple Earn','  !!'),(148,144,'      Simple Earn','  !!'),(149,144,'    ','  !!'),(150,129,'Binance    ',NULL),(151,150,'      ','  !!'),(152,150,'  Binance  ','  !!'),(153,150,'     ','  !!'),(154,129,'',NULL),(155,154,'  ','  !!'),(156,0,'NFT',NULL),(157,156,'NFT',NULL),(158,157,'     NFT  Binance','  !!'),(159,157,'  NFT','  !!'),(160,157,'  NFT','  !!'),(161,157,'  NFT','  !!'),(162,157,'  NFT','  !!'),(163,157,'  NFT','  !!'),(164,157,'    Binance NFT','  !!'),(165,0,'/ ',NULL),(166,165,' / /',NULL),(167,166,' ','  !!'),(168,166,' ','  !!'),(169,166,'  /','  !!'),(170,166,'    Windows & Mac','  !!');
/*!40000 ALTER TABLE `faq` ENABLE KEYS */;
UNLOCK TABLES;

--
-- Table structure for table `futures`
--

DROP TABLE IF EXISTS `futures`;
/*!40101 SET @saved_cs_client     = @@character_set_client */;
/*!40101 SET character_set_client = utf8 */;
CREATE TABLE `futures` (
  `id` int(11) NOT NULL AUTO_INCREMENT,
  `user_id` int(11) NOT NULL,
  `chart_id` int(11) NOT NULL,
  `wallet_id` int(11) NOT NULL,
  `type` int(11) NOT NULL,
  `order_type` int(11) NOT NULL,
  `margin_type` int(11) NOT NULL,
  `multiplier` int(11) NOT NULL,
  `price` decimal(27,8) NOT NULL,
  `limit_price` decimal(27,8) NOT NULL DEFAULT 0.00000000,
  `amount` decimal(27,8) NOT NULL,
  `final_amount` decimal(27,8) NOT NULL DEFAULT 0.00000000,
  `date` int(11) NOT NULL,
  `status` int(11) NOT NULL DEFAULT 0,
  PRIMARY KEY (`id`)
) ENGINE=InnoDB AUTO_INCREMENT=35 DEFAULT CHARSET=utf8mb4 COLLATE=utf8mb4_general_ci;
/*!40101 SET character_set_client = @saved_cs_client */;

--
-- Dumping data for table `futures`
--

LOCK TABLES `futures` WRITE;
/*!40000 ALTER TABLE `futures` DISABLE KEYS */;
INSERT INTO `futures` VALUES (1,1,260,2,0,1,0,10,1.00000000,0.00000000,10.00000000,0.00000000,1667493678,0),(2,118,258,8,0,0,0,100,50.00000000,0.00000000,0.00000000,0.00000000,1667513152,0),(3,118,258,8,0,0,0,100,0.00000000,0.00000000,0.00000000,0.00000000,1667513152,0),(4,118,258,8,0,0,0,100,0.00000000,0.00000000,0.00000000,0.00000000,1667513153,0),(5,118,261,9,0,0,0,10,0.00000000,0.00000000,0.00000000,0.00000000,1667513193,0),(6,118,261,9,0,0,0,10,0.00000000,0.00000000,0.00000000,0.00000000,1667513197,0),(7,118,258,8,0,0,0,10,0.00000000,0.00000000,0.00000000,0.00000000,1667529653,0),(8,118,258,8,0,0,0,10,0.00000000,0.00000000,0.00000000,0.00000000,1667529654,0),(9,118,258,8,0,0,0,10,0.00000000,0.00000000,0.00000000,0.00000000,1667529655,0),(10,118,258,8,0,0,0,10,0.00000000,0.00000000,0.00000000,0.00000000,1667529738,0),(11,1,260,2,0,0,0,10,0.00000000,0.00000000,0.00000000,0.00000000,1667558560,0),(12,1,260,2,0,0,0,10,0.00000000,0.00000000,0.00000000,0.00000000,1667558567,0),(13,21,258,10,0,0,0,10,0.00000000,0.00000000,0.00000000,0.00000000,1667577635,0),(14,21,258,10,0,0,0,10,0.00000000,0.00000000,0.00000000,0.00000000,1667577637,0),(15,21,258,10,0,0,0,10,1000.00000000,0.00000000,0.00000000,0.00000000,1667649678,0),(16,24,258,13,0,0,0,10,0.00000000,0.00000000,0.00000000,0.00000000,1669035524,0),(17,24,258,13,0,3,0,10,0.00000000,0.00000000,0.00000000,0.00000000,1669036166,0),(18,1,266,16,0,0,0,10,0.00000000,0.00000000,0.00000000,0.00000000,1672003901,0),(19,143,258,17,0,0,0,10,0.00000000,0.00000000,0.00000000,0.00000000,1672334621,0),(20,1,260,19,0,0,0,10,0.00000000,0.00000000,0.00000000,0.00000000,1673535783,0),(21,1,260,19,0,0,0,10,0.00000000,0.00000000,0.00000000,0.00000000,1673870133,0),(22,1,260,19,0,0,0,10,0.00000000,0.00000000,0.00000000,0.00000000,1673870134,0),(23,1,260,19,0,0,0,10,0.00000000,0.00000000,0.00000000,0.00000000,1673870137,0),(24,1,260,19,0,0,0,10,0.00000000,0.00000000,0.00000000,0.00000000,1673870137,0),(25,1,260,19,0,0,0,10,0.00000000,0.00000000,0.00000000,0.00000000,1673870138,0),(26,1,260,19,0,0,0,10,0.00000000,0.00000000,0.00000000,0.00000000,1673870138,0),(27,1,260,19,0,0,0,10,0.00000000,0.00000000,0.00000000,0.00000000,1673906806,0),(28,149,258,20,0,0,0,10,0.00000000,0.00000000,0.00000000,0.00000000,1681536030,0),(29,149,258,20,0,0,0,10,0.00000000,0.00000000,0.00000000,0.00000000,1681536030,0),(30,149,258,20,0,0,0,10,0.00000000,0.00000000,0.00000000,0.00000000,1681536118,0),(31,152,258,22,0,0,1,10,0.00000000,0.00000000,0.00000000,0.00000000,1681809919,0),(32,152,258,22,0,0,1,10,0.00000000,0.00000000,0.00000000,0.00000000,1681809937,0),(33,152,258,22,0,0,1,10,0.00000000,0.00000000,0.00000000,0.00000000,1681809938,0),(34,230,258,24,0,0,0,10,0.00000000,0.00000000,0.00000000,0.00000000,1682504633,0);
/*!40000 ALTER TABLE `futures` ENABLE KEYS */;
UNLOCK TABLES;

--
-- Table structure for table `history`
--

DROP TABLE IF EXISTS `history`;
/*!40101 SET @saved_cs_client     = @@character_set_client */;
/*!40101 SET character_set_client = utf8 */;
CREATE TABLE `history` (
  `id` int(11) NOT NULL AUTO_INCREMENT,
  `user_id` int(11) NOT NULL,
  `type` int(11) NOT NULL,
  `start_price` decimal(27,8) NOT NULL,
  `end_price` decimal(27,8) NOT NULL,
  `start_chart_id` int(11) NOT NULL,
  `end_chart_id` int(11) NOT NULL,
  `date` int(11) NOT NULL,
  `status` int(11) NOT NULL DEFAULT 0,
  `wallet_direct_id` int(11) NOT NULL DEFAULT 0,
  `payment_id` int(11) DEFAULT NULL,
  `ipn_id` varchar(255) DEFAULT NULL,
  PRIMARY KEY (`id`),
  UNIQUE KEY `ipn_id_UNIQUE` (`ipn_id`)
) ENGINE=InnoDB AUTO_INCREMENT=73 DEFAULT CHARSET=utf8mb4 COLLATE=utf8mb4_general_ci;
/*!40101 SET character_set_client = @saved_cs_client */;

--
-- Dumping data for table `history`
--

LOCK TABLES `history` WRITE;
/*!40000 ALTER TABLE `history` DISABLE KEYS */;
INSERT INTO `history` VALUES (1,583,0,10.00000000,0.00000000,259,259,1718100733,4,12,NULL,'5090733526'),(2,464,0,12.00000000,0.00000000,259,259,1718106634,-1,12,NULL,'4840125248'),(4,464,0,11.00000000,0.00000000,259,259,1718110027,4,12,NULL,'5097128393'),(5,464,0,12.00000000,0.00000000,259,259,1718111078,-1,12,NULL,'4347276164'),(6,464,0,10.00000000,10.00000000,259,0,1718112423,1,10,NULL,'5000886730'),(7,580,0,10.00000000,0.00000000,259,259,1718121234,4,12,NULL,'6260076132'),(8,464,0,10.00000000,0.00000000,259,259,1718121845,0,12,NULL,'5786124611'),(9,464,0,10.00000000,0.00000000,259,259,1718121908,0,12,NULL,'4948843160'),(10,464,0,10.00000000,0.00000000,259,259,1718177117,0,12,NULL,'5064585324'),(11,464,0,13.00000000,0.00000000,259,259,1718177137,4,12,NULL,'6264393541'),(12,464,0,12.00000000,0.00000000,259,259,1718177171,4,12,NULL,'5318445783'),(13,464,0,12.50000000,0.00000000,259,259,1718177225,4,12,NULL,'4449658228'),(14,582,0,10.00000000,0.00000000,259,259,1718188074,4,12,NULL,'6254303919'),(15,585,0,12.50000000,0.00000000,259,259,1718190264,-1,12,NULL,'6400524555'),(16,585,0,10.00000000,10.00000000,259,0,1718190714,1,10,NULL,'5000888953'),(17,585,0,892.80000000,10.00000000,0,259,1718192041,0,11,NULL,NULL),(18,579,0,892.70000000,10.00000000,0,259,1718195104,0,11,NULL,NULL),(19,464,0,10.00000000,0.00000000,259,259,1718220796,4,12,NULL,'6111526599'),(20,585,0,881.80000000,10.00000000,0,259,1718279080,0,11,NULL,NULL),(21,585,0,881.80000000,10.00000000,0,259,1718279081,0,11,NULL,NULL),(22,585,0,10.00000000,0.00000000,259,259,1718284915,0,12,NULL,'6376964160'),(23,464,0,1.20000000,1.20000000,259,0,1718288824,0,10,NULL,'5000891893'),(24,464,0,10.00000000,0.00000000,259,259,1718288885,0,12,NULL,'6097656155'),(25,356,0,10.00000000,0.00000000,259,259,1718290276,4,12,NULL,'5819187470'),(26,587,0,88.35000000,1.00000000,0,259,1718297874,0,11,NULL,NULL),(27,587,0,88.35000000,1.00000000,0,259,1718297875,0,11,NULL,NULL),(28,585,0,883.50000000,10.00000000,0,259,1718297941,0,11,NULL,NULL),(29,585,0,883.50000000,10.00000000,0,259,1718297942,0,11,NULL,NULL),(30,587,0,883.50000000,10.00000000,0,259,1718297958,0,11,NULL,NULL),(31,587,0,88.35000000,1.00000000,0,259,1718298414,0,11,NULL,NULL),(32,587,0,883.50000000,10.00000000,0,259,1718298434,1,11,NULL,NULL),(33,587,0,10.00000000,0.00000000,259,259,1718299041,4,12,NULL,'4342465133'),(34,587,0,10.00000000,0.00000000,259,259,1718299241,4,12,NULL,'5721784747'),(35,587,0,10.00000000,0.00000000,259,259,1718299577,0,12,NULL,'4957516688'),(36,587,0,883.40000000,10.00000000,0,259,1718299912,0,11,NULL,NULL),(37,579,0,89210.00000000,1000.00000000,0,259,1718361217,0,11,NULL,NULL),(38,579,0,891800.00000000,9995.51670029,0,259,1718361702,0,11,NULL,NULL),(39,579,0,891800.00000000,9995.51670029,0,259,1718361703,0,11,NULL,NULL),(40,579,0,891800.00000000,10000.00000000,0,259,1718361704,0,11,NULL,NULL),(41,579,0,891800.00000000,9995.51670029,0,259,1718361707,0,11,NULL,NULL),(42,579,0,891800.00000000,9995.51670029,0,259,1718361708,0,11,NULL,NULL),(43,579,0,891800.00000000,9995.51670029,0,259,1718361708,0,11,NULL,NULL),(44,579,0,891800.00000000,9995.51670029,0,259,1718361708,0,11,NULL,NULL),(45,579,0,891800.00000000,9995.51670029,0,259,1718361709,0,11,NULL,NULL),(46,579,0,891800.00000000,9995.51670029,0,259,1718361710,0,11,NULL,NULL),(47,579,0,891800.00000000,9995.51670029,0,259,1718361711,0,11,NULL,NULL),(48,579,0,891800.00000000,9995.51670029,0,259,1718361711,0,11,NULL,NULL),(49,579,0,891800.00000000,9995.51670029,0,259,1718361712,0,11,NULL,NULL),(50,464,0,8922.00000000,100.00000000,0,259,1718361739,0,11,NULL,NULL),(51,579,0,89220.00000000,1000.00000000,0,259,1718361790,0,11,NULL,NULL),(52,579,0,89220.00000000,1000.00000000,0,259,1718361803,0,11,NULL,NULL),(53,464,0,29977.92000000,336.00000000,0,259,1718361809,0,11,NULL,NULL),(54,464,0,89220.00000000,999.77588525,0,259,1718361827,0,11,NULL,NULL),(55,579,0,89200.00000000,1000.00000000,0,259,1718362804,0,11,NULL,NULL),(56,579,0,10.00000000,0.00000000,259,259,1718362915,4,12,NULL,'6237909150'),(57,579,0,10.00000000,0.00000000,259,259,1718362947,0,12,NULL,'5350729595'),(58,579,0,16.00000000,0.00000000,259,259,1718362977,4,12,NULL,'4661613761'),(59,579,0,10.00000000,0.00000000,259,259,1718363088,0,12,NULL,'5172668234'),(60,579,0,17.00000000,0.00000000,259,259,1718363285,0,12,NULL,'4365803171'),(61,587,0,892000.00000000,10000.00000000,0,259,1718365646,1,11,NULL,NULL),(62,438,0,89.44000000,1.00000000,0,259,1718454677,0,11,NULL,NULL),(63,438,0,89.44000000,1.00000000,0,259,1718454727,0,11,NULL,NULL),(64,438,0,10.00000000,0.00000000,259,259,1718455215,0,12,NULL,'5767037068'),(65,589,0,10.00000000,0.00000000,259,259,1718482697,0,12,NULL,'5263685076'),(66,589,0,10.00000000,0.00000000,259,259,1718482751,0,12,NULL,'5104280252'),(67,464,0,892.80000000,10.00000000,0,259,1718531850,0,11,NULL,NULL),(68,464,0,892.80000000,10.00000000,0,259,1718532112,1,11,NULL,NULL),(69,464,0,11874.24000000,133.00000000,0,259,1718532154,1,11,NULL,NULL),(70,592,0,10.00000000,0.00000000,259,259,1718575381,0,12,NULL,'4361200650'),(71,590,0,10.00000000,0.00000000,259,259,1718575745,4,12,NULL,'4326348958'),(72,464,0,10.00000000,0.00000000,259,259,1719431476,0,12,NULL,'6133149817');
/*!40000 ALTER TABLE `history` ENABLE KEYS */;
UNLOCK TABLES;

--
-- Table structure for table `image`
--

DROP TABLE IF EXISTS `image`;
/*!40101 SET @saved_cs_client     = @@character_set_client */;
/*!40101 SET character_set_client = utf8 */;
CREATE TABLE `image` (
  `id` int(11) NOT NULL AUTO_INCREMENT,
  `filePath` varchar(400) NOT NULL,
  `itemId` int(11) DEFAULT NULL,
  `isMain` tinyint(1) DEFAULT NULL,
  `modelName` varchar(150) NOT NULL,
  `urlAlias` varchar(400) NOT NULL,
  `name` varchar(80) DEFAULT NULL,
  PRIMARY KEY (`id`)
) ENGINE=InnoDB AUTO_INCREMENT=136 DEFAULT CHARSET=utf8mb4 COLLATE=utf8mb4_general_ci;
/*!40101 SET character_set_client = @saved_cs_client */;

--
-- Dumping data for table `image`
--

LOCK TABLES `image` WRITE;
/*!40000 ALTER TABLE `image` DISABLE KEYS */;
INSERT INTO `image` VALUES (1,'Users/User1/7d0781.jpg',1,0,'User','b13e88dbac-3',''),(2,'Users/User1/547c4a.jpg',1,0,'User','2c01fe7e07-4',''),(3,'Users/User1/4f4e4d.jpg',1,0,'User','1a8aa7e433-2',''),(4,'Users/User1/b0e6af.jpg',1,1,'User','928016454e-1',''),(5,'Users/User8/5ecc18.jpg',8,1,'User','c7e0d5b65b-1',''),(6,'Users/User9/10f327.jpg',9,0,'User','a4bee598a7-2',''),(7,'Users/User9/efb600.jpg',9,1,'User','90705c279d-1',''),(8,'Users/User114/175cf1.jpg',114,1,'User','f9f8378313-1',''),(9,'Currencies/Currency1/ef6596.png',1,1,'Currency','38dd96b97e-1',''),(10,'Currencies/Currency2/b5ad58.png',2,1,'Currency','db0eee0fcc-1',''),(11,'Currencies/Currency3/41cb7d.png',3,1,'Currency','e5a30e3b7d-1',''),(12,'Currencies/Currency4/ee9e98.png',4,1,'Currency','9e5c866a9a-1',''),(30,'UserVerifies/UserVerify1/76e73d.jpg',1,1,'UserVerify','2075708189-1',''),(32,'UserVerifies/UserVerify3/855d9a.jpg',3,1,'UserVerify','49dff208f5-1',''),(33,'UserVerifies/UserVerify4/bc3970.jpg',4,1,'UserVerify','b80b36bd2e-1',''),(34,'UserVerifies/UserVerify2/176a37.jpg',2,1,'UserVerify','e87eeeeee4-1',''),(35,'UserVerifies/UserVerify9/708111.jpg',9,1,'UserVerify','d7f2987a02-1',''),(36,'UserVerifies/UserVerify10/62323c.jpg',10,1,'UserVerify','96a4ee22fd-1',''),(37,'UserVerifies/UserVerify11/1453dc.jpg',11,1,'UserVerify','593764d782-1',''),(38,'UserVerifies/UserVerify12/3866f1.jpg',12,1,'UserVerify','bb41439e88-1',''),(39,'UserVerifies/UserVerify13/dabfbf.jpg',13,1,'UserVerify','3b985701f0-1',''),(40,'UserVerifies/UserVerify14/7d0e35.jpg',14,1,'UserVerify','ac0a0559f4-1',''),(41,'UserVerifies/UserVerify15/5a1350.jpg',15,1,'UserVerify','2114f0083e-1',''),(42,'UserVerifies/UserVerify16/a0cebb.jpg',16,1,'UserVerify','5afbd47d9a-1',''),(43,'UserVerifies/UserVerify17/c40a1b.jpg',17,1,'UserVerify','caff4ff5c2-1',''),(44,'UserVerifies/UserVerify29/ef622b.jpg',29,1,'UserVerify','374a65522a-1',''),(45,'UserVerifies/UserVerify30/4564da.jpg',30,1,'UserVerify','c8cbd5c386-1',''),(46,'UserVerifies/UserVerify31/92bd59.jpg',31,1,'UserVerify','f77c38fa10-1',''),(47,'UserVerifies/UserVerify32/82ce91.jpg',32,1,'UserVerify','77a9b48701-1',''),(48,'UserVerifies/UserVerify37/073002.jpg',37,1,'UserVerify','ea6aa2858a-1',''),(49,'UserVerifies/UserVerify38/ce01ca.jpg',38,1,'UserVerify','c0d52e8927-1',''),(50,'UserVerifies/UserVerify39/9c37e1.jpg',39,1,'UserVerify','0df74d1842-1',''),(51,'UserVerifies/UserVerify40/3d544f.jpg',40,1,'UserVerify','df7b8f6d32-1',''),(52,'UserVerifies/UserVerify41/ef5482.jpg',41,1,'UserVerify','40d0dfb9c7-1',''),(53,'UserVerifies/UserVerify42/69910b.jpg',42,1,'UserVerify','97c70ce961-1',''),(54,'UserVerifies/UserVerify43/70a254.jpg',43,1,'UserVerify','a913a7d5ab-1',''),(55,'UserVerifies/UserVerify44/eef7c2.jpg',44,1,'UserVerify','a3db783b17-1',''),(56,'UserVerifies/UserVerify45/a4656c.jpg',45,1,'UserVerify','de38dc538e-1',''),(57,'Users/User247/d4727b.jpg',247,0,'User','1077a9603e-3',''),(58,'Users/User247/72d2a3.jpg',247,0,'User','bd83eacb84-4',''),(59,'Users/User247/453fa5.jpg',247,0,'User','1b1ce3331e-5',''),(60,'Users/User247/aceec8.jpg',247,0,'User','543ea68729-6',''),(61,'Users/User247/b2daf3.jpg',247,0,'User','8366031e21-7',''),(62,'Users/User247/0a5349.jpg',247,0,'User','b6352bc6df-8',''),(63,'Users/User247/6d0969.jpg',247,0,'User','1d7b8d20be-9',''),(64,'Users/User247/0f00e2.jpg',247,0,'User','f011ef24c0-10',''),(65,'Users/User247/c07f8a.jpg',247,0,'User','b2e641bdfa-11',''),(66,'Users/User247/9ae365.jpg',247,0,'User','1dc14bb5ba-12',''),(67,'Users/User247/b48376.jpg',247,0,'User','4304b7eba0-13',''),(68,'Users/User247/704536.jpg',247,0,'User','1d3a0fa834-14',''),(69,'Users/User247/dd7f1d.jpg',247,0,'User','d35bc41983-15',''),(70,'Users/User247/f87dc4.jpg',247,0,'User','e6a3268e9f-16',''),(71,'Users/User247/de3df6.jpg',247,0,'User','42ecc72b9f-17',''),(72,'Users/User247/774dbd.jpg',247,0,'User','c37ec485c8-18',''),(73,'Users/User247/f25bae.jpg',247,0,'User','befbc9d472-19',''),(74,'Users/User247/bfb9d3.jpg',247,0,'User','9b26844574-20',''),(75,'Users/User247/64b064.jpg',247,0,'User','28c1f842c5-21',''),(76,'Users/User247/225c4f.jpg',247,0,'User','9061674740-22',''),(77,'Users/User230/346f39.jpg',230,0,'User','9869bab93c-3',''),(78,'Users/User230/65d26f.jpg',230,0,'User','7f03d77263-4',''),(79,'Users/User230/d88651.jpg',230,0,'User','076a9120ff-5',''),(80,'Users/User230/9a335e.jpg',230,0,'User','d7b53da982-6',''),(81,'Users/User230/1ac8cb.jpg',230,0,'User','84aa6cfd3d-2',''),(82,'Users/User247/0f41f9.jpg',247,0,'User','dfe11912bb-23',''),(83,'Users/User247/df0736.jpg',247,0,'User','b8c1213ec8-2',''),(84,'Users/User247/8338ed.jpg',247,1,'User','c33870ce73-1',''),(85,'Users/User230/1e0246.jpg',230,1,'User','5a7b8ab956-1',''),(86,'Users/User276/a1ec24.jpg',276,1,'User','6244830889-1',''),(87,'UserVerifies/UserVerify65/7a5241.jpg',65,1,'UserVerify','2953272e88-1',''),(88,'UserVerifies/UserVerify66/8aeaf7.jpg',66,1,'UserVerify','15050e2828-1',''),(89,'UserVerifies/UserVerify67/04ef48.jpg',67,1,'UserVerify','6e01a29017-1',''),(90,'UserVerifies/UserVerify68/3ddfab.jpg',68,1,'UserVerify','1ce1495edf-1',''),(91,'Users/User281/ba6389.jpg',281,1,'User','90c946db83-1',''),(92,'Users/User282/903c0a.jpg',282,0,'User','a31450724c-3',''),(93,'UserVerifies/UserVerify77/66066b.jpg',77,1,'UserVerify','a4dee8506c-1',''),(94,'UserVerifies/UserVerify78/dca803.jpg',78,1,'UserVerify','5bbaf966a3-1',''),(95,'UserVerifies/UserVerify79/aeb305.jpg',79,1,'UserVerify','e9b502a8ad-1',''),(96,'Users/User285/5b2700.jpg',285,0,'User','9c18c030e0-3',''),(97,'Users/User285/006e16.jpg',285,0,'User','671a9ae6ef-4',''),(98,'Users/User285/abd01a.jpg',285,0,'User','cc711d6203-2',''),(99,'Users/User285/2c5185.jpg',285,1,'User','ce770c2984-1',''),(100,'Users/User282/b4d505.jpg',282,0,'User','ed935dbe8a-4',''),(101,'Users/User282/0484cf.jpg',282,0,'User','44e5aaef1f-5',''),(102,'UserVerifies/UserVerify69/509564.jpg',69,1,'UserVerify','2ead88bf19-1',''),(103,'Users/User283/5cf9e7.jpg',283,0,'User','2784195493-3',''),(104,'UserVerifies/UserVerify73/d270b8.jpg',73,1,'UserVerify','4aeb5971a7-1',''),(105,'UserVerifies/UserVerify74/8cfd2a.jpg',74,1,'UserVerify','c74374d6ea-1',''),(106,'Users/User283/950f3f.jpg',283,0,'User','f964e4598e-4',''),(107,'Users/User283/e520fe.jpg',283,0,'User','cb68e65d11-5',''),(108,'Users/User283/6acc6a.jpg',283,0,'User','80feac2254-6',''),(109,'UserVerifies/UserVerify70/b5fdb5.jpg',70,1,'UserVerify','a5e2f50897-1',''),(110,'Users/User283/5bd8e4.jpg',283,0,'User','c3e6fb3eb7-7',''),(111,'Users/User283/6c2c3a.jpg',283,0,'User','1b84461b58-8',''),(112,'Users/User283/5fbf61.jpg',283,0,'User','a61483206a-2',''),(113,'Users/User283/c35f3f.jpg',283,1,'User','086cab9d68-1',''),(114,'Users/User282/c68687.jpg',282,0,'User','027ccdccce-6',''),(115,'Users/User282/c52357.jpg',282,0,'User','28b13ee45b-2',''),(116,'Users/User282/f407c6.jpg',282,1,'User','8bcc9164c8-1',''),(117,'UserVerifies/UserVerify71/4a4ff2.jpg',71,1,'UserVerify','c538c77334-1',''),(118,'UserVerifies/UserVerify72/86cbd2.jpg',72,1,'UserVerify','c41e331d87-1',''),(119,'Users/User314/afbb31.jpg',314,1,'User','4d459288e1-1',''),(120,'Users/User315/fc53cc.jpg',315,1,'User','620c2e5444-1',''),(121,'Users/User317/0830ae.jpg',317,0,'User','f1d1637911-2',''),(122,'Users/User317/9032b1.jpg',317,1,'User','e8036f8c8b-1',''),(123,'Users/User318/f7f4a9.jpg',318,1,'User','c55bfbf4b8-1',''),(124,'Users/User356/049c41.jpg',356,1,'User','4b62c4f7b5-1',''),(125,'UserVerifies/UserVerify89/e5ecac.jpg',89,1,'UserVerify','3c4d6da6bb-1',''),(126,'UserVerifies/UserVerify90/ec3345.jpg',90,1,'UserVerify','62d750a956-1',''),(127,'UserVerifies/UserVerify91/9580c9.jpg',91,1,'UserVerify','a58d1e6e72-1',''),(128,'UserVerifies/UserVerify92/acc1e4.jpg',92,1,'UserVerify','854eb0638f-1',''),(129,'Users/User417/2ae28c.jpg',417,1,'User','bbea6949d8-1',''),(130,'Users/User425/49e989.jpg',425,0,'User','7fe0d76386-2',''),(131,'Users/User425/61c207.jpg',425,1,'User','c6ba2afc8a-1',''),(132,'Users/User427/775aa7.jpg',427,1,'User','1c719dff29-1',''),(133,'Users/User435/02af92.jpg',435,1,'User','66bcb513fd-1',''),(134,'Users/User438/64bab7.jpg',438,1,'User','832687dbcd-1','');
/*!40000 ALTER TABLE `image` ENABLE KEYS */;
UNLOCK TABLES;

--
-- Table structure for table `migration`
--

DROP TABLE IF EXISTS `migration`;
/*!40101 SET @saved_cs_client     = @@character_set_client */;
/*!40101 SET character_set_client = utf8 */;
CREATE TABLE `migration` (
  `version` varchar(180) NOT NULL,
  `apply_time` int(11) DEFAULT NULL,
  PRIMARY KEY (`version`)
) ENGINE=InnoDB DEFAULT CHARSET=utf8mb4 COLLATE=utf8mb4_general_ci;
/*!40101 SET character_set_client = @saved_cs_client */;

--
-- Dumping data for table `migration`
--

LOCK TABLES `migration` WRITE;
/*!40000 ALTER TABLE `migration` DISABLE KEYS */;
INSERT INTO `migration` VALUES ('m000000_000000_base',1685444526),('m230529_085943_create_auth_tokens_table',1685444534),('m230530_114724_change_filed_fcm_token_auth_tokens_table',1685466025),('m230531_121118_add_field_blocked_before_users_table',1685542457),('m230606_141323_add_field_expired_at_to_auth_tokens_table',1686065212),('m230613_164501_add_field_payment_',1686686673),('m230807_123029_walletInv',1691412544),('m230807_125316_wallettrade',1691412954),('m230807_150022_updateusers',1691420629),('m230809_112622_history',1691584340),('m230819_170848_ratings',1692465059),('m230820_143444_chart_update',1692542166),('m230825_121243_p2p_ads',1692965699),('m230825_122421_p2p_ads2',1692966332),('m230829_130950_p2ppayment',1693314660),('m230902_133850_paymentactive',1693662064),('m230902_142705_b2b',1693664944),('m230902_143951_b2b_uuid',1693665653),('m230902_144440_b2b_payment',1693665916),('m230903_124107_b2b_currency',1693744958),('m230903_130044_b2b_rename',1693746172),('m230903_130818_chart_b2b',1693746586),('m230903_155025_b2b_history',1693756345),('m230906_064528_p2p_history',1693982818),('m230906_064534_b2b_history',1693982818),('m230909_044407_b2b_history_add',1694235810),('m230909_050101_payment_desc',1694235810),('m230909_050243_p2p_history_add',1694235810),('m230914_074720_cryptomus',1694677767),('m230914_094019_cryptomys_update',1694684500),('m230914_102906_chainchart',1694687405),('m231219_073044_admin_update',1703398541),('m231220_034424_wallet_type',1703398541),('m231220_080602_status',1703398541),('m231226_103355_addokved',1703586963),('m231228_062922_okveds',1703757554),('m231228_093920_company_adds',1703757554),('m231228_121808_okveds_add',1703765991),('m240102_131240_okveds',1704201186),('m240127_055812_banks',1706335289),('m240228_071231_history',1709104549),('m240301_011839_b2b2',1709256021);
/*!40000 ALTER TABLE `migration` ENABLE KEYS */;
UNLOCK TABLES;

--
-- Table structure for table `okveds`
--

DROP TABLE IF EXISTS `okveds`;
/*!40101 SET @saved_cs_client     = @@character_set_client */;
/*!40101 SET character_set_client = utf8 */;
CREATE TABLE `okveds` (
  `id` int(11) NOT NULL AUTO_INCREMENT,
  `title` varchar(255) NOT NULL,
  `okved_id` varchar(10) NOT NULL,
  `active` varchar(2) DEFAULT '1',
  PRIMARY KEY (`id`)
) ENGINE=InnoDB AUTO_INCREMENT=2902 DEFAULT CHARSET=utf8mb4 COLLATE=utf8mb4_general_ci;
/*!40101 SET character_set_client = @saved_cs_client */;

--
-- Dumping data for table `okveds`
--

LOCK TABLES `okveds` WRITE;
/*!40000 ALTER TABLE `okveds` DISABLE KEYS */;
INSERT INTO `okveds` VALUES (1,'  ,        ','01','A'),(2,'  ','01.1','A'),(3,'  ( ),      ','01.11','A'),(4,'  ','01.11.1','A'),(5,' ','01.11.11','A'),(6,' ','01.11.12','A'),(7,' ','01.11.13','A'),(8,' ','01.11.14','A'),(9,' ','01.11.15','A'),(10,' ','01.11.16','A'),(11,'   ','01.11.19','A'),(12,'  ','01.11.2','A'),(13,'   ','01.11.3','A'),(14,'  ','01.11.31','A'),(15,'  ','01.11.32','A'),(16,'   ','01.11.33','A'),(17,'    ','01.11.39','A'),(18,' ','01.12','A'),(19,' , ,    ,   ','01.13','A'),(20,' ','01.13.1','A'),(21,'   ','01.13.11','A'),(22,'   ','01.13.12','A'),(23,'  ','01.13.2','A'),(24,'           ','01.13.3','A'),(25,' ','01.13.31','A'),(26,'            ','01.13.39','A'),(27,'   ,     ','01.13.4','A'),(28,'      ','01.13.5','A'),(29,'  ','01.13.51','A'),(30,'   ','01.13.52','A'),(31,'   ','01.13.6','A'),(32,' ,     ','01.13.9','A'),(33,'  ','01.14','A'),(34,'   ','01.15','A'),(35,'   ','01.16','A'),(36,' ','01.16.1','A'),(37,' ','01.16.2','A'),(38,'  ','01.16.3','A'),(39,'   ','01.16.9','A'),(40,'   ','01.19','A'),(41,'   ','01.19.1','A'),(42,'','01.19.2','A'),(43,'      ','01.19.21','A'),(44,'  ','01.19.22','A'),(45,'   (   )    ','01.19.3','A'),(46,'   ,     ','01.19.9','A'),(47,'  ','01.2','A'),(48,' ','01.21','A'),(49,'    ','01.22','A'),(50,'  ','01.23','A'),(51,'    ','01.24','A'),(52,'   ,   ','01.25','A'),(53,'     ','01.25.1','A'),(54,'     ','01.25.2','A'),(55,'  ','01.25.3','A'),(56,'   ','01.26','A'),(57,'    ','01.27','A'),(58,' ','01.27.1','A'),(59,'     ','01.27.9','A'),(60,' , -,    ','01.28','A'),(61,' ','01.28.1','A'),(62,' ','01.28.2','A'),(63,' ,     ,     ,     ','01.28.3','A'),(64,'   ','01.29','A'),(65,' ','01.3','A'),(66,' ','01.30','A'),(67,'','01.4','A'),(68,'    ,   ','01.41','A'),(69,'    ','01.41.1','A'),(70,'    ,  ','01.41.11','A'),(71,'     ','01.41.12','A'),(72,'           (,   .)','01.41.2','A'),(73,'   ','01.41.21','A'),(74,'       (,   .)','01.41.29','A'),(75,'       ,  ','01.42','A'),(76,'      ,  ,   .','01.42.1','A'),(77,'      ,  ,   .,  ','01.42.11','A'),(78,'       ,  ,   .','01.42.12','A'),(79,'  ,    ,   .','01.42.2','A'),(80,'        ','01.43','A'),(81,' , , , ','01.43.1','A'),(82,'   ','01.43.2','A'),(83,'    ','01.43.3','A'),(84,'      ','01.44','A'),(85,'   ','01.45','A'),(86,'   ','01.45.1','A'),(87,'     ','01.45.2','A'),(88,'  ()    ','01.45.3','A'),(89,'    ','01.45.4','A'),(90,' ','01.46','A'),(91,'   ','01.46.1','A'),(92,'   ','01.46.11','A'),(93,'   ','01.46.12','A'),(94,'  ','01.46.2','A'),(95,'  ','01.47','A'),(96,'    : , , ,   ','01.47.1','A'),(97,'    ','01.47.11','A'),(98,'   ','01.47.12','A'),(99,'   ','01.47.2','A'),(100,'   ','01.47.3','A'),(101,'  ','01.49','A'),(102,'','01.49.1','A'),(103,'  ','01.49.11','A'),(104,'  ','01.49.12','A'),(105,'  ','01.49.13','A'),(106,'       ','01.49.2','A'),(107,' ,      ','01.49.21','A'),(108,'     ','01.49.22','A'),(109,' ','01.49.3','A'),(110,'  ','01.49.31','A'),(111,'  ','01.49.32','A'),(112,' ','01.49.4','A'),(113,'   ','01.49.41','A'),(114,'  , ','01.49.42','A'),(115,'   (, , , )','01.49.43','A'),(116,'   ,  ,   (, , , ), ','01.49.44','A'),(117,'  ','01.49.5','A'),(118,'  ','01.49.6','A'),(119,'  ','01.49.7','A'),(120,'  ,     ','01.49.9','A'),(121,'  ','01.5','A'),(122,'  ','01.50','A'),(123,'          ','01.6','A'),(124,'    ','01.61','A'),(125,'    ','01.62','A'),(126,'    ','01.63','A'),(127,'   ','01.64','A'),(128,',     ,      ','01.7','A'),(129,',     ,      ','01.70','A'),(130,'  ','02','A'),(131,'    ','02.1','A'),(132,'    ','02.10','A'),(133,' ','02.10.1','A'),(134,'     (, )','02.10.11','A'),(135,'   ','02.10.19','A'),(136,'  ','02.10.2','A'),(137,'','02.2','A'),(138,'','02.20','A'),(139,'     ,      ','02.3','A'),(140,'     ,      ','02.30','A'),(141,'     ','02.30.1','A'),(142,'    ','02.30.11','A'),(143,'    , ','02.30.12','A'),(144,'    ','02.30.13','A'),(145,'  ','02.30.14','A'),(146,'     ','02.30.2','A'),(147,'      ','02.4','A'),(148,'      ','02.40','A'),(149,'    ','02.40.1','A'),(150,'    ','02.40.2','A'),(151,'  ','03','A'),(152,'','03.1','A'),(153,' ','03.11','A'),(154,'  ','03.11.1','A'),(155,'  ','03.11.2','A'),(156,'  -   ','03.11.3','A'),(157,'    - ','03.11.4','A'),(158,'     ()','03.11.5','A'),(159,' ','03.12','A'),(160,'  ','03.12.1','A'),(161,'     ()','03.12.2','A'),(162,'   ','03.12.3','A'),(163,'                ,      ','03.12.4','A'),(164,'','03.2','A'),(165,' ','03.21','A'),(166,'  ','03.21.1','A'),(167,'  ','03.21.2','A'),(168,'      ','03.21.3','A'),(169,'   ','03.21.4','A'),(170,'  ','03.21.5','A'),(171,'    ','03.21.9','A'),(172,' ','03.22','A'),(173,'  ','03.22.1','A'),(174,'  ','03.22.2','A'),(175,' ','03.22.3','A'),(176,'   ','03.22.4','A'),(177,'   ','03.22.5','A'),(178,'  ','03.22.6','A'),(179,'    ','03.22.7','A'),(180,'    ','03.22.9','A'),(181,'  ',' ','B'),(182,' ','05','B'),(183,'     ','05.1','B'),(184,'     ','05.10','B'),(185,'   ','05.10.1','B'),(186,'   ','05.10.11','B'),(187,'    ','05.10.12','B'),(188,' ,   ,     ,  ','05.10.13','B'),(189,'   ','05.10.14','B'),(190,'    ','05.10.15','B'),(191,' ,   ,     ,  ','05.10.16','B'),(192,' ','05.10.2','B'),(193,' ','05.10.21','B'),(194,'  ','05.10.22','B'),(195,' ,  ,     ','05.10.23','B'),(196,'     ()','05.2','B'),(197,'     ()','05.20','B'),(198,'   ()','05.20.1','B'),(199,'   ()  ','05.20.11','B'),(200,'   ()  ','05.20.12','B'),(201,'   ()','05.20.2','B'),(202,'    ','06','B'),(203,'    () ','06.1','B'),(204,'    () ','06.10','B'),(205,' ','06.10.1','B'),(206,'  () ,   ','06.10.2','B'),(207,'  () ','06.10.3','B'),(208,'     ','06.2','B'),(209,'     ','06.20','B'),(210,'  ','06.20.1','B'),(211,'  ','06.20.2','B'),(212,'  ','07','B'),(213,'    ','07.1','B'),(214,'    ','07.10','B'),(215,'    ','07.10.1','B'),(216,'    ','07.10.2','B'),(217,'    ','07.10.3','B'),(218,'   ','07.2','B'),(219,'    ','07.21','B'),(220,'     ','07.21.1','B'),(221,'    ,      ','07.21.11','B'),(222,'    ,    ','07.21.12','B'),(223,'     ','07.21.2','B'),(224,'    ','07.29','B'),(225,'    ','07.29.1','B'),(226,'      ','07.29.2','B'),(227,'    ','07.29.21','B'),(228,'    ','07.29.22','B'),(229,'     (  - )','07.29.3','B'),(230,'    ','07.29.31','B'),(231,'    ','07.29.32','B'),(232,' - ','07.29.33','B'),(233,'         ','07.29.4','B'),(234,'      (,     )','07.29.41','B'),(235,'      (, ,   . .)','07.29.42','B'),(236,'   - ','07.29.5','B'),(237,'    ','07.29.6','B'),(238,'    ','07.29.7','B'),(239,'    ','07.29.8','B'),(240,'      ','07.29.9','B'),(241,'   - ','07.29.91','B'),(242,'    ','07.29.92','B'),(243,'    () ','07.29.93','B'),(244,'      ,     ','07.29.99','B'),(245,'   ','08','B'),(246,' ,   ','08.1','B'),(247,'    , , ,   ','08.11','B'),(248,'        ','08.11.1','B'),(249,'       ','08.11.2','B'),(250,'    ','08.11.3','B'),(251,'    ','08.11.4','B'),(252,'    ,    ','08.12','B'),(253,'    ','08.12.1','B'),(254,'   ','08.12.2','B'),(255,'  ,     ','08.9','B'),(256,'         ','08.91','B'),(257,'   ','08.92','B'),(258,' ','08.92.1','B'),(259,' ','08.92.2','B'),(260,' ','08.93','B'),(261,'   ,     ','08.99','B'),(262,'  ,    ','08.99.1','B'),(263,'  , ,   ,  ,   (),    . .','08.99.2','B'),(264,'  ,  ','08.99.21','B'),(265,' ','08.99.22','B'),(266,'  ','08.99.23','B'),(267,'  , , ,   . .','08.99.3','B'),(268,'    ,  ','08.99.31','B'),(269,' ','08.99.32','B'),(270,' ','08.99.33','B'),(271,' ','08.99.34','B'),(272,'  ','08.99.35','B'),(273,' ','08.99.36','B'),(274,'      ','09','B'),(275,'        ','09.1','B'),(276,'        ','09.10','B'),(277,'   ,    ,    ','09.10.1','B'),(278,'   ,     ','09.10.2','B'),(279,'            (     - )','09.10.3','B'),(280,'          ','09.10.4','B'),(281,'         ','09.10.9','B'),(282,'       ','09.9','B'),(283,'       ','09.90','B'),(284,' ',' ','C'),(285,'  ','10','C'),(286,'       ','10.1','C'),(287,'   ','10.11','C'),(288,'    ','10.11.1','C'),(289,'     ','10.11.2','C'),(290,'       ','10.11.3','C'),(291,'  ,       ,     ,   ','10.11.4','C'),(292,'  ','10.11.5','C'),(293,' ,     ','10.11.6','C'),(294,'    ','10.12','C'),(295,'     ','10.12.1','C'),(296,'     ','10.12.2','C'),(297,'   ','10.12.3','C'),(298,'   ,     ','10.12.4','C'),(299,'   ','10.12.5','C'),(300,'        ','10.13','C'),(301,' , , , ,    ','10.13.1','C'),(302,'  ','10.13.2','C'),(303,'  () ','10.13.3','C'),(304,'  () ','10.13.4','C'),(305,'   () ','10.13.5','C'),(306,'         ','10.13.6','C'),(307,'        ,     ','10.13.7','C'),(308,'          ','10.13.9','C'),(309,'   ,   ','10.2','C'),(310,'   ,   ','10.20','C'),(311,'   ','10.20.1','C'),(312,'     ','10.20.2','C'),(313,'        ','10.20.3','C'),(314,'            ,    ','10.20.4','C'),(315,'    ,     ','10.20.5','C'),(316,'    , ,     ,     ','10.20.9','C'),(317,'     ','10.3','C'),(318,'   ','10.31','C'),(319,'      ','10.32','C'),(320,'       ','10.39','C'),(321,'    ( )  ','10.39.1','C'),(322,'     ','10.39.2','C'),(323,'             ','10.39.9','C'),(324,'      ','10.4','C'),(325,'   ','10.41','C'),(326,'     ,  ','10.41.1','C'),(327,'      ','10.41.2','C'),(328,'      ','10.41.21','C'),(329,'      ','10.41.22','C'),(330,'      ','10.41.23','C'),(331,'      ','10.41.24','C'),(332,'      ','10.41.25','C'),(333,'         ','10.41.26','C'),(334,'      ','10.41.27','C'),(335,'      ','10.41.28','C'),(336,'       ','10.41.29','C'),(337,'  ','10.41.3','C'),(338,'             ','10.41.4','C'),(339,'      ','10.41.5','C'),(340,'      ','10.41.51','C'),(341,'      ','10.41.52','C'),(342,'      ','10.41.53','C'),(343,'      ','10.41.54','C'),(344,'      ','10.41.55','C'),(345,'  , ,     ','10.41.56','C'),(346,'      ','10.41.57','C'),(347,'      ','10.41.58','C'),(348,'       ','10.41.59','C'),(349,'            ','10.41.6','C'),(350,'    ','10.41.7','C'),(351,'  ','10.42','C'),(352,'  ','10.5','C'),(353,'  ( )   ','10.51','C'),(354,'     ','10.51.1','C'),(355,'  ,  ,  ,  ,    - ','10.51.2','C'),(356,'    ','10.51.3','C'),(357,'      ','10.51.4','C'),(358,'   ','10.51.9','C'),(359,' ','10.52','C'),(360,'     ,    ','10.6','C'),(361,'     ','10.61','C'),(362,'  ','10.61.1','C'),(363,'    ','10.61.2','C'),(364,'      ','10.61.3','C'),(365,'          , ,   ','10.61.4','C'),(366,'    ','10.62','C'),(367,' ','10.62.1','C'),(368,'      ','10.62.2','C'),(369,'      ','10.62.3','C'),(370,'   ','10.62.9','C'),(371,'     ','10.7','C'),(372,'     ,     ','10.71','C'),(373,'      ','10.71.1','C'),(374,'   ,     ','10.71.2','C'),(375,'   ','10.71.3','C'),(376,' ,      ,    , , ,   ,    ','10.72','C'),(377,'  ,      ','10.72.1','C'),(378,'     ','10.72.2','C'),(379,'      ','10.72.3','C'),(380,' ','10.72.31','C'),(381,'   ','10.72.32','C'),(382,' ','10.72.33','C'),(383,'   ','10.72.34','C'),(384,' ,      ','10.72.35','C'),(385,'       ','10.72.39','C'),(386,'   ','10.72.4','C'),(387,'       ','10.73','C'),(388,'  ','10.73.1','C'),(389,' ','10.73.2','C'),(390,'     ','10.73.3','C'),(391,'   ','10.8','C'),(392,' ','10.81','C'),(393,'       ','10.81.1','C'),(394,'    ','10.81.11','C'),(395,'    ','10.81.12','C'),(396,'  ','10.81.2','C'),(397,' ','10.81.3','C'),(398,' ,     ','10.82','C'),(399,' ,  ,  ,   ,  ','10.82.1','C'),(400,'     ','10.82.2','C'),(401,'    ','10.82.3','C'),(402,'  ','10.82.4','C'),(403,'  , ,       ','10.82.5','C'),(404,'    ','10.82.6','C'),(405,'   ','10.83','C'),(406,'   ','10.84','C'),(407,'     ','10.85','C'),(408,'      ','10.86','C'),(409,'       ','10.86.1','C'),(410,'        ','10.86.11','C'),(411,'          ','10.86.12','C'),(412,'         ','10.86.2','C'),(413,'     ,      ','10.86.3','C'),(414,'       ','10.86.4','C'),(415,'       ','10.86.5','C'),(416,'   ,      ','10.86.6','C'),(417,'      ','10.86.61','C'),(418,'     ','10.86.62','C'),(419,'        ','10.86.63','C'),(420,'    ','10.86.64','C'),(421,'    ','10.86.69','C'),(422,'  ,     ','10.86.7','C'),(423,'     ','10.86.8','C'),(424,'       ','10.86.9','C'),(425,'   ,     ','10.89','C'),(426,'   ','10.89.1','C'),(427,'  ,  :     ()','10.89.2','C'),(428,'    ,  ,    ','10.89.3','C'),(429,'  ','10.89.4','C'),(430,'    ','10.89.5','C'),(431,'  (, ,    )','10.89.6','C'),(432,'    ','10.89.7','C'),(433,'     ','10.89.8','C'),(434,'   ,     ','10.89.9','C'),(435,'    ','10.9','C'),(436,'    ,   ','10.91','C'),(437,'   (  ),      ,  ,   ','10.91.1','C'),(438,'       ','10.91.2','C'),(439,'   , ,  , ,   ','10.91.3','C'),(440,'     ','10.92','C'),(441,' ','11','C'),(442,' ','11.0','C'),(443,',    ','11.01','C'),(444,'    : , , , ,   . .','11.01.1','C'),(445,' ,     ','11.01.2','C'),(446,'  ','11.01.3','C'),(447,'  ','11.01.4','C'),(448,'   ','11.02','C'),(449,'     ','11.03','C'),(450,'      ','11.04','C'),(451,' ','11.05','C'),(452,' ','11.06','C'),(453,'  ;    ,   .','11.07','C'),(454,'   ,   ','11.07.1','C'),(455,'    ','11.07.11','C'),(456,'    ','11.07.12','C'),(457,'    ','11.07.13','C'),(458,'    ','11.07.14','C'),(459,'     ','11.07.15','C'),(460,'    /   ,   ','11.07.2','C'),(461,'  ','12','C'),(462,'  ','12.0','C'),(463,'  ','12.00','C'),(464,'     : , , , ,   ,  ,  ,  ,  ,   ,    ','12.00.1','C'),(465,'    ','12.00.2','C'),(466,' (  )  - ','12.00.3','C'),(467,'  ','13','C'),(468,'    ','13.1','C'),(469,'    ','13.10','C'),(470,'  ','13.10.1','C'),(471,'   ','13.10.2','C'),(472,'   ','13.10.3','C'),(473,'  ','13.10.4','C'),(474,'  ,    ','13.10.5','C'),(475,'  ','13.10.6','C'),(476,'     ','13.10.9','C'),(477,'  ','13.2','C'),(478,'  ','13.20','C'),(479,'  (  )   ,  ','13.20.1','C'),(480,'  ','13.20.11','C'),(481,'  ','13.20.12','C'),(482,'  ','13.20.13','C'),(483,'        ','13.20.14','C'),(484,'      ;    ','13.20.19','C'),(485,'  ','13.20.2','C'),(486,' ,    ,       ','13.20.3','C'),(487,' ,       ','13.20.4','C'),(488,'      ','13.20.41','C'),(489,'    ','13.20.42','C'),(490,'       ','13.20.43','C'),(491,' ','13.20.44','C'),(492,'  ','13.20.45','C'),(493,'   ','13.20.46','C'),(494,'    ','13.20.5','C'),(495,'    ','13.20.6','C'),(496,'    ','13.3','C'),(497,'    ','13.30','C'),(498,'   , ,    ,   ','13.30.1','C'),(499,', ,  , ,  ,     ,   ','13.30.2','C'),(500,'      ','13.30.3','C'),(501,'  ,  , ,   ','13.30.4','C'),(502,'       ','13.30.5','C'),(503,'   ','13.9','C'),(504,'    ','13.91','C'),(505,'      ','13.91.1','C'),(506,'    ','13.91.2','C'),(507,'   ,  ','13.92','C'),(508,'   ,  ','13.92.1','C'),(509,'       ,  ','13.92.2','C'),(510,'    ','13.93','C'),(511,' , ,   ','13.94','C'),(512,' , ,        ,     ,  ,         ','13.94.1','C'),(513,'      :  ,    ,  ,   - , ,      ','13.94.2','C'),(514,'       ,  ','13.95','C'),(515,'      ','13.96','C'),(516,'      ','13.96.1','C'),(517,'         ','13.96.2','C'),(518,'       ;     ,       ','13.96.3','C'),(519,'  ,    ','13.96.4','C'),(520,'  ','13.96.5','C'),(521,'       ( ,    ,  ,     ,     )','13.96.6','C'),(522,'   ,            ','13.96.7','C'),(523,'   ,     ','13.99','C'),(524,'    - ,      ,  ,      ','13.99.1','C'),(525,'   ','13.99.2','C'),(526,'    ','13.99.3','C'),(527,'       ,     ','13.99.4','C'),(528,'    ,     ','13.99.9','C'),(529,' ','14','C'),(530,' ,    ','14.1','C'),(531,'   ','14.11','C'),(532,'   ,     ','14.11.1','C'),(533,'       ','14.11.2','C'),(534,' ','14.12','C'),(535,' ,     ','14.12.1','C'),(536,'      ','14.12.2','C'),(537,'   ','14.13','C'),(538,'     ','14.13.1','C'),(539,'         ','14.13.11','C'),(540,'         ','14.13.12','C'),(541,'     ,    ','14.13.2','C'),(542,'     ,    ,    ','14.13.21','C'),(543,'     ,    ,    ','14.13.22','C'),(544,'         ','14.13.3','C'),(545,'  ','14.14','C'),(546,'     ','14.14.1','C'),(547,'         ','14.14.11','C'),(548,'            ','14.14.12','C'),(549,'    ,        ','14.14.13','C'),(550,'             ','14.14.14','C'),(551,'    ','14.14.2','C'),(552,'    ,    ,     ','14.14.21','C'),(553,'        ,    ,     ','14.14.22','C'),(554,' ,      ,    ,     ','14.14.23','C'),(555,'        ,    ,     ','14.14.24','C'),(556,' , ,    ,       ,    ','14.14.25','C'),(557,'    ,     ','14.14.3','C'),(558,'      ','14.14.4','C'),(559,'     ','14.19','C'),(560,'        ,    ,    ','14.19.1','C'),(561,'           ','14.19.11','C'),(562,'  ,  ,        ','14.19.12','C'),(563,'    ,  ()  ','14.19.13','C'),(564,'      ,    , ,     ','14.19.19','C'),(565,'     ,          ,    ','14.19.2','C'),(566,'           ,    ','14.19.21','C'),(567,'  ,  ,        ,    ','14.19.22','C'),(568,'  ,    , , ,        ,    ','14.19.23','C'),(569,'    ;       ;       ','14.19.3','C'),(570,'       ','14.19.31','C'),(571,'   ,  ,       ','14.19.32','C'),(572,'  ','14.19.4','C'),(573,'       ,      ','14.19.5','C'),(574,'  ','14.2','C'),(575,'  ','14.20','C'),(576,'  ,     ','14.20.1','C'),(577,'      ','14.20.2','C'),(578,'     ','14.3','C'),(579,'    - ','14.31','C'),(580,'    -  ,     ','14.31.1','C'),(581,'    -      ','14.31.2','C'),(582,'     ','14.39','C'),(583,'     ,     ','14.39.1','C'),(584,'     ,         ','14.39.2','C'),(585,'     ','15','C'),(586,'   ,  , , -   ;    ','15.1','C'),(587,'   ,    ','15.11','C'),(588,'   ','15.11.1','C'),(589,' ,  ,    ','15.11.2','C'),(590,',             ','15.11.3','C'),(591,',       ,   ','15.11.4','C'),(592,',        ,   ','15.11.5','C'),(593,',        ','15.11.51','C'),(594,'  ','15.11.52','C'),(595,' ,          ;  -     ','15.12','C'),(596,' ','15.2','C'),(597,' ','15.20','C'),(598,' ,  ,   ','15.20.1','C'),(599,'        ','15.20.11','C'),(600,'       ,  ','15.20.12','C'),(601,'     ,   ,         ','15.20.13','C'),(602,'      ,   ','15.20.14','C'),(603,'  ','15.20.2','C'),(604,'  ','15.20.3','C'),(605,'     ','15.20.31','C'),(606,'     ','15.20.32','C'),(607,'    ;  ,    ;  ,    ','15.20.4','C'),(608,'    ;  ,    ','15.20.41','C'),(609,' ,    ','15.20.42','C'),(610,'          ','15.20.5','C'),(611,'        ,  ,        ','16','C'),(612,'   ','16.1','C'),(613,'   ','16.10','C'),(614,' ,  ,   6 ;        ','16.10.1','C'),(615,' ,   ;   ,  ;     ','16.10.2','C'),(616,' ,       ','16.10.3','C'),(617,'    ','16.10.9','C'),(618,'   , ,     ','16.2','C'),(619,' , ,    ','16.21','C'),(620,' ,       ,        ','16.21.1','C'),(621,' ,       ','16.21.11','C'),(622,' -       ','16.21.12','C'),(623,' -       ','16.21.13','C'),(624,'   ,   ,   ','16.21.2','C'),(625,'   ,   ','16.21.21','C'),(626,'  ','16.21.22','C'),(627,'   ','16.22','C'),(628,'       ','16.23','C'),(629,'      ','16.23.1','C'),(630,'   ','16.23.2','C'),(631,'  ','16.24','C'),(632,'   ;    ,     ','16.29','C'),(633,'   ','16.29.1','C'),(634,'  ,    ,    ,      ','16.29.11','C'),(635,'     ','16.29.12','C'),(636,'      ,    , ,      ','16.29.13','C'),(637,'    , ,         ','16.29.14','C'),(638,'       ','16.29.15','C'),(639,'   ,     ;     ','16.29.2','C'),(640,'   ','16.29.21','C'),(641,'   ,  ()     ','16.29.22','C'),(642,'    ','16.29.23','C'),(643,'   , ,     ,        ','16.29.3','C'),(644,'    ','17','C'),(645,' ,  ,   ','17.1','C'),(646,'    ','17.11','C'),(647,' ','17.11.1','C'),(648,'  ','17.11.2','C'),(649,'  ','17.11.3','C'),(650,'   ','17.11.9','C'),(651,'   ','17.12','C'),(652,' ','17.12.1','C'),(653,'   ','17.12.11','C'),(654,'    ','17.12.12','C'),(655,'    ','17.12.13','C'),(656,' ','17.12.2','C'),(657,'   ','17.12.21','C'),(658,'    ','17.12.22','C'),(659,'    ','17.12.23','C'),(660,'     ','17.2','C'),(661,'    ,    ','17.21','C'),(662,'   -  - ','17.22','C'),(663,'   ','17.23','C'),(664,' ','17.24','C'),(665,'      ','17.29','C'),(666,'     ','18','C'),(667,'       ','18.1','C'),(668,' ','18.11','C'),(669,'   ','18.12','C'),(670,'     ','18.13','C'),(671,' -      ','18.14','C'),(672,'   ','18.2','C'),(673,'   ','18.20','C'),(674,'   ','19','C'),(675,' ','19.1','C'),(676,' ','19.10','C'),(677,' ','19.2','C'),(678,' ','19.20','C'),(679,'  ','19.20.1','C'),(680,'      () ','19.20.2','C'),(681,'  ','19.20.9','C'),(682,' ,     ()   ','19.3','C'),(683,' ','19.31','C'),(684,' ','19.32','C'),(685,'   ()','19.33','C'),(686,' ','19.34','C'),(687,'   ','19.34.1','C'),(688,'     ()','19.34.2','C'),(689,'      ,     ','19.34.3','C'),(690,'     ','20','C'),(691,'   ,    ,       ','20.1','C'),(692,'  ','20.11','C'),(693,'   ','20.12','C'),(694,'     ','20.13','C'),(695,'     ','20.14','C'),(696,'    ','20.14.1','C'),(697,' , ,    , ,    ;    ','20.14.2','C'),(698,'    ,     ','20.14.3','C'),(699,'      ','20.14.4','C'),(700,'      ','20.14.5','C'),(701,'  ,  , ,   ,   ','20.14.6','C'),(702,'     ','20.14.7','C'),(703,'    ','20.15','C'),(704,'  ,  , ','20.15.1','C'),(705,'  , ','20.15.2','C'),(706,'     ','20.15.3','C'),(707,'     ','20.15.4','C'),(708,'     ','20.15.5','C'),(709,'  ','20.15.6','C'),(710,' ,     ','20.15.7','C'),(711,'     ','20.15.8','C'),(712,'       ','20.16','C'),(713,'     ','20.17','C'),(714,'     ','20.2','C'),(715,'     ','20.20','C'),(716,' ,       ,    ','20.3','C'),(717,' ,       ,    ','20.30','C'),(718,'      ','20.30.1','C'),(719,'  , ,       ,    ','20.30.2','C'),(720,'   ,    ;    ','20.4','C'),(721,'   ,    ','20.41','C'),(722,' ','20.41.1','C'),(723,'  - ,  ','20.41.2','C'),(724,'    ,    ','20.41.3','C'),(725,'        ','20.41.4','C'),(726,'    ','20.42','C'),(727,'   ','20.5','C'),(728,'  ','20.51','C'),(729,' ','20.52','C'),(730,'  ','20.53','C'),(731,'   ,     ','20.59','C'),(732,'   ;    ;     ,   ','20.59.1','C'),(733,'         ( ),        ','20.59.2','C'),(734,'     ','20.59.3','C'),(735,'  ,      ','20.59.4','C'),(736,'   ,     ','20.59.5','C'),(737,'    ','20.59.6','C'),(738,'  ','20.6','C'),(739,'  ','20.60','C'),(740,'  ','20.60.1','C'),(741,'  ','20.60.2','C'),(742,'    ,      ','21','C'),(743,'  ','21.1','C'),(744,'  ','21.10','C'),(745,'    ,      ','21.2','C'),(746,'    ,      ','21.20','C'),(747,'     ','21.20.1','C'),(748,' ,    ','21.20.2','C'),(749,'     ','21.20.3','C'),(750,' ,    ','21.20.4','C'),(751,'    ','22','C'),(752,'  ','22.1','C'),(753,'  ,   ;     ','22.11','C'),(754,'   ','22.19','C'),(755,'         ,    ()','22.19.1','C'),(756,'      ;      , , , , ,   ','22.19.2','C'),(757,' , ,      ','22.19.3','C'),(758,'     ,    ','22.19.4','C'),(759,'   ,   ','22.19.5','C'),(760,'        ','22.19.6','C'),(761,'    ,     ','22.19.7','C'),(762,'   ','22.2','C'),(763,'  , ,   ','22.21','C'),(764,'     ','22.22','C'),(765,'  ,   ','22.23','C'),(766,'   ','22.29','C'),(767,'      ,  ,  ','22.29.1','C'),(768,'    ,     ,     ','22.29.2','C'),(769,'    ','22.29.3','C'),(770,'       ','22.29.9','C'),(771,'    ','23','C'),(772,'     ','23.1','C'),(773,'  ','23.11','C'),(774,'   ','23.11.1','C'),(775,'  ,  (    ):  ','23.11.2','C'),(776,'  ,  (    ):  ','23.11.3','C'),(777,'   ,   ','23.11.4','C'),(778,'   ','23.11.5','C'),(779,'     (   )','23.11.6','C'),(780,'     (   .. )','23.11.7','C'),(781,'  , ','23.11.9','C'),(782,'    ','23.12','C'),(783,'  (      ) ','23.12.1','C'),(784,'  ','23.12.2','C'),(785,'    ','23.12.3','C'),(786,'      (   )','23.12.4','C'),(787,' ','23.12.5','C'),(788,'   ','23.13','C'),(789,'        ','23.13.1','C'),(790,'          ','23.13.2','C'),(791,'        ','23.13.3','C'),(792,'        ','23.13.4','C'),(793,'          ','23.13.5','C'),(794,'     ','23.13.6','C'),(795,' ','23.14','C'),(796,'     ,     ','23.19','C'),(797,'    ,   , ,   ','23.19.1','C'),(798,'     , -    ','23.19.3','C'),(799,'     ,    ','23.19.4','C'),(800,'   ,      ;        ','23.19.5','C'),(801,'       ,  ,     ','23.19.6','C'),(802,'    ','23.19.7','C'),(803,'    ,     ','23.19.9','C'),(804,'  ','23.2','C'),(805,'  ','23.20','C'),(806,'  , , ','23.20.1','C'),(807,'  , ,    ','23.20.2','C'),(808,'   ','23.20.3','C'),(809,'    ','23.20.9','C'),(810,'   ','23.3','C'),(811,'    ','23.31','C'),(812,' ,        ','23.32','C'),(813,'     ','23.4','C'),(814,'     ','23.41','C'),(815,'     ','23.41.1','C'),(816,'      ','23.41.2','C'),(817,'      ','23.41.3','C'),(818,'  - ','23.42','C'),(819,'     ','23.43','C'),(820,'    ','23.44','C'),(821,'   ,    ','23.44.1','C'),(822,'    ','23.44.2','C'),(823,'   ','23.49','C'),(824,'  , ,    ,      ','23.49.1','C'),(825,'  ,     ','23.49.9','C'),(826,' ,   ','23.5','C'),(827,' ','23.51','C'),(828,'   ','23.52','C'),(829,' ,    ','23.52.1','C'),(830,' ','23.52.2','C'),(831,'  ','23.52.3','C'),(832,'   ,   ','23.6','C'),(833,'       ','23.61','C'),(834,'     ,    ','23.61.1','C'),(835,'     ,    ','23.61.2','C'),(836,'      ','23.62','C'),(837,'  ','23.63','C'),(838,'   ','23.64','C'),(839,'      ','23.65','C'),(840,'     ,   ,      ','23.65.1','C'),(841,'            ','23.65.2','C'),(842,'    ,   ','23.69','C'),(843,',    ','23.7','C'),(844,',    ','23.70','C'),(845,',            ','23.70.1','C'),(846,',      ','23.70.2','C'),(847,'      ','23.70.3','C'),(848,'     ,     ','23.9','C'),(849,'  ','23.91','C'),(850,'    ,     ','23.99','C'),(851,'   ,        ','23.99.1','C'),(852,'      ','23.99.2','C'),(853,'        ,  ,     ','23.99.3','C'),(854,'  ,    ,           ','23.99.4','C'),(855,'  ','23.99.5','C'),(856,'  -     ','23.99.6','C'),(857,'     ','23.99.61','C'),(858,'     ','23.99.62','C'),(859,' ','24','C'),(860,' ,   ','24.1','C'),(861,' ,   ','24.10','C'),(862,'      ','24.10.1','C'),(863,' ','24.10.11','C'),(864,' ','24.10.12','C'),(865,'        ','24.10.13','C'),(866,'       ','24.10.14','C'),(867,'   ','24.10.2','C'),(868,'    ','24.10.3','C'),(869,'    ','24.10.4','C'),(870,'    , ,     ','24.10.5','C'),(871,'     ','24.10.6','C'),(872,'     ,              ','24.10.7','C'),(873,'     ,     ','24.10.9','C'),(874,'  ,    ','24.2','C'),(875,'  ,    ','24.20','C'),(876,'     ','24.20.1','C'),(877,'  ','24.20.2','C'),(878,'    ,  ','24.20.3','C'),(879,'     ','24.3','C'),(880,'        ','24.31','C'),(881,'  ','24.32','C'),(882,'       ','24.33','C'),(883,'    ','24.34','C'),(884,'       ,   ','24.4','C'),(885,'  ','24.41','C'),(886,' ','24.42','C'),(887,' ,   ','24.43','C'),(888,' ','24.43.1','C'),(889,' ','24.43.2','C'),(890,' ','24.43.3','C'),(891,' ','24.44','C'),(892,'   ','24.45','C'),(893,' ','24.45.1','C'),(894,' ','24.45.2','C'),(895,' ','24.45.3','C'),(896,' ','24.45.4','C'),(897,' ','24.45.5','C'),(898,' ','24.45.6','C'),(899,' ','24.45.7','C'),(900,' ','24.45.8','C'),(901,'  (, , , , )   ','24.45.9','C'),(902,'  ','24.46','C'),(903,' ','24.5','C'),(904,' ','24.51','C'),(905,' ','24.52','C'),(906,'  ','24.53','C'),(907,'   ','24.54','C'),(908,'   ,    ','25','C'),(909,'     ','25.1','C'),(910,'   ,    ','25.11','C'),(911,'    ','25.12','C'),(912,'  ,    ','25.2','C'),(913,'     ','25.21','C'),(914,' ','25.21.1','C'),(915,'   ','25.21.2','C'),(916,'   ,   ','25.29','C'),(917,'  ,    ','25.3','C'),(918,'  ,    ','25.30','C'),(919,'     ','25.30.1','C'),(920,'      ,      ','25.30.2','C'),(921,'  ,     ','25.30.21','C'),(922,'   ,     ','25.30.22','C'),(923,'   ','25.4','C'),(924,'   ','25.40','C'),(925,', ,   ;     ','25.5','C'),(926,', ,   ,     ','25.50','C'),(927,'   , ,        ','25.50.1','C'),(928,'       ','25.50.2','C'),(929,'      ;   ','25.6','C'),(930,'      ','25.61','C'),(931,'   ','25.62','C'),(932,'     ,     ','25.7','C'),(933,'     ','25.71','C'),(934,' , ','25.72','C'),(935,' ','25.73','C'),(936,'    ','25.9','C'),(937,'     ','25.91','C'),(938,'    ','25.92','C'),(939,'   ,   ','25.93','C'),(940,'     ','25.93.1','C'),(941,' ,  ,     ','25.93.2','C'),(942,'  ','25.94','C'),(943,'    ,     ','25.99','C'),(944,'       ','25.99.1','C'),(945,' , ,    -        ,   ','25.99.11','C'),(946,' ,     ,     ,       ,   ','25.99.12','C'),(947,'   ','25.99.2','C'),(948,'    ,    ','25.99.21','C'),(949,'    (, ,   . .)   ','25.99.22','C'),(950,'     ;          ','25.99.23','C'),(951,' ,   , ,        ','25.99.24','C'),(952,'      , ,    ,    , , , , ,      .','25.99.25','C'),(953,'      ','25.99.26','C'),(954,'       ','25.99.27','C'),(955,'     ,     ','25.99.29','C'),(956,'         ','25.99.3','C'),(957,' ,    ','26','C'),(958,'       ()','26.1','C'),(959,'   ','26.11','C'),(960,'          ','26.11.1','C'),(961,' ,     ,   ,     ','26.11.2','C'),(962,'   ','26.11.3','C'),(963,'   ,     ,     ','26.11.9','C'),(964,'   ','26.12','C'),(965,'    ','26.2','C'),(966,'    ','26.20','C'),(967,' ','26.20.1','C'),(968,'  ','26.20.2','C'),(969,'       ','26.20.3','C'),(970,'   ,      ,      ','26.20.4','C'),(971,'    ','26.20.41','C'),(972,'     ,  -   ','26.20.42','C'),(973,' () , -  () ','26.20.43','C'),(974,'     ','26.20.49','C'),(975,'     ','26.20.9','C'),(976,'  ','26.3','C'),(977,'  ','26.30','C'),(978,'  , -    ,  ','26.30.1','C'),(979,'  ,    ','26.30.11','C'),(980,'  ,     ','26.30.12','C'),(981,'  ,      ','26.30.13','C'),(982,' ,       ','26.30.14','C'),(983,'   ','26.30.15','C'),(984,'   ,     ,       - ','26.30.16','C'),(985,' -    ','26.30.17','C'),(986,'  ','26.30.18','C'),(987,'   ','26.30.19','C'),(988,'  ()     ,  ','26.30.2','C'),(989,'  ()          ','26.30.21','C'),(990,'           ','26.30.22','C'),(991,'   ,        ,    ,            (,    )','26.30.29','C'),(992,'      ','26.30.3','C'),(993,' ,       ','26.30.4','C'),(994,'     -       ','26.30.5','C'),(995,' -    ','26.30.6','C'),(996,'   ','26.30.7','C'),(997,'   ','26.30.71','C'),(998,'   ','26.30.72','C'),(999,'  ','26.4','C'),(1000,'  ','26.40','C'),(1001,' ','26.40.1','C'),(1002,'  ,    ','26.40.2','C'),(1003,'   - ','26.40.21','C'),(1004,'    ','26.40.22','C'),(1005,'   ','26.40.23','C'),(1006,'        ','26.40.3','C'),(1007,'  ','26.40.4','C'),(1008,'       ','26.40.5','C'),(1009,' -     ;  ','26.5','C'),(1010,'     ,   ','26.51','C'),(1011,' , , ,     ,   ','26.51.1','C'),(1012,' ,      ','26.51.2','C'),(1013,'  ;     ,    ;       ,     ','26.51.3','C'),(1014,'          ','26.51.4','C'),(1015,'      ','26.51.5','C'),(1016,'  , ,     ,   ','26.51.6','C'),(1017,'        ','26.51.7','C'),(1018,'      , , , ,    ','26.51.8','C'),(1019,' ','26.52','C'),(1020,'       ','26.52.1','C'),(1021,'  ,        ','26.52.2','C'),(1022,'    ,    ','26.6','C'),(1023,'    ,    ','26.60','C'),(1024,' ,    ,    , -, -  -','26.60.1','C'),(1025,' , ,  ,    ','26.60.2','C'),(1026,'    ','26.60.3','C'),(1027,' ,   ,    ','26.60.4','C'),(1028,'    ,    ','26.60.5','C'),(1029,'  ','26.60.6','C'),(1030,'  ,    ','26.60.7','C'),(1031,'  ,    ','26.60.9','C'),(1032,'  , -  ','26.7','C'),(1033,'  , -  ','26.70','C'),(1034,' -  ','26.70.1','C'),(1035,'  (   )','26.70.2','C'),(1036,'    ','26.70.3','C'),(1037,'     ','26.70.4','C'),(1038,' ,  ,   ','26.70.5','C'),(1039,'       ','26.70.6','C'),(1040,'    -  ','26.70.7','C'),(1041,'       ','26.8','C'),(1042,'       ','26.80','C'),(1043,'  ','27','C'),(1044,' , ,    ,   - ','27.1','C'),(1045,' ,   ','27.11','C'),(1046,' ,   ,  ','27.11.1','C'),(1047,' ','27.11.11','C'),(1048,' ','27.11.12','C'),(1049,' ','27.11.13','C'),(1050,'     ','27.12','C'),(1051,'     ','27.2','C'),(1052,'     ','27.20','C'),(1053,'  ,      ','27.20.1','C'),(1054,' ,     ,      ','27.20.2','C'),(1055,'   ','27.20.21','C'),(1056,'     ','27.20.22','C'),(1057,'  ','27.20.23','C'),(1058,'         ','27.20.3','C'),(1059,'    ','27.3','C'),(1060,' - ','27.31','C'),(1061,'         ','27.32','C'),(1062,'    ','27.32.1','C'),(1063,'  ','27.32.2','C'),(1064,'   ','27.32.3','C'),(1065,'  ','27.33','C'),(1066,'     ','27.4','C'),(1067,'     ','27.40','C'),(1068,'  ','27.5','C'),(1069,'   ','27.51','C'),(1070,'  ','27.51.1','C'),(1071,'   ','27.51.2','C'),(1072,' ','27.51.3','C'),(1073,'  ','27.51.4','C'),(1074,' ','27.51.5','C'),(1075,'  ','27.51.6','C'),(1076,'   ','27.52','C'),(1077,'   ','27.9','C'),(1078,'   ','27.90','C'),(1079,'   ','27.90.1','C'),(1080,'       ()','27.90.2','C'),(1081,'   ,     ','27.90.9','C'),(1082,'   ,     ','28','C'),(1083,'     ','28.1','C'),(1084,'   ,  ,    ','28.11','C'),(1085,' ,  ,   ','28.11.1','C'),(1086,' ','28.11.2','C'),(1087,'  ','28.11.21','C'),(1088,'     ','28.11.22','C'),(1089,'  ,    ','28.11.23','C'),(1090,'     ','28.12','C'),(1091,'       ','28.12.1','C'),(1092,'  ','28.12.2','C'),(1093,'    ','28.13','C'),(1094,'   ()','28.14','C'),(1095,' ,  ,     ','28.15','C'),(1096,'    ','28.15.1','C'),(1097,'     ,  ,     ','28.15.2','C'),(1098,'  ','28.15.9','C'),(1099,'      ','28.2','C'),(1100,' ,    ','28.21','C'),(1101,'  ,     ','28.21.1','C'),(1102,'  ','28.21.2','C'),(1103,' - ','28.22','C'),(1104,'   ','28.22.1','C'),(1105,'   ','28.22.2','C'),(1106,'       ','28.22.3','C'),(1107,'  ','28.22.4','C'),(1108,'    ','28.22.41','C'),(1109,'   ','28.22.42','C'),(1110,'   ,    ','28.22.5','C'),(1111,' ,  ,     ','28.22.6','C'),(1112,'             ','28.22.7','C'),(1113,'  ,   - ','28.22.9','C'),(1114,'     (    )','28.23','C'),(1115,'  ,    , ,     ','28.23.1','C'),(1116,'  ,               ','28.23.2','C'),(1117,'     ','28.24','C'),(1118,'     ','28.25','C'),(1119,'  ,         ,       ','28.25.1','C'),(1120,'          ','28.25.11','C'),(1121,'    ','28.25.12','C'),(1122,'     ','28.25.13','C'),(1123,'      ','28.25.14','C'),(1124,' ','28.25.2','C'),(1125,'      ,     ','28.29','C'),(1126,' ,     ','28.29.1','C'),(1127,'       ,    ,     ','28.29.11','C'),(1128,'        ','28.29.12','C'),(1129,' ,         ','28.29.13','C'),(1130,'   , ,       , , ,    , ','28.29.2','C'),(1131,'   , ,       ','28.29.21','C'),(1132,' , ,    ','28.29.22','C'),(1133,' ,        ','28.29.3','C'),(1134,'      ','28.29.31','C'),(1135,'    ','28.29.32','C'),(1136,'      ','28.29.39','C'),(1137,' ,    ','28.29.4','C'),(1138,' ','28.29.41','C'),(1139,'     ,       ','28.29.42','C'),(1140,'  ','28.29.43','C'),(1141,'    ','28.29.5','C'),(1142,'       ,   ,     ','28.29.6','C'),(1143,'            ,      ','28.29.7','C'),(1144,'        ','28.3','C'),(1145,'        ','28.30','C'),(1146,' ,    ','28.30.1','C'),(1147,'    ','28.30.2','C'),(1148,'     ','28.30.21','C'),(1149,'     ','28.30.22','C'),(1150,'       ','28.30.3','C'),(1151,'   ,    ','28.30.4','C'),(1152,'    ','28.30.5','C'),(1153,'  ','28.30.51','C'),(1154,'  ','28.30.52','C'),(1155,'    ','28.30.53','C'),(1156,'     ','28.30.59','C'),(1157,'         ,      ','28.30.6','C'),(1158,'         ','28.30.7','C'),(1159,'         ','28.30.8','C'),(1160,'   ,    ,     ,  ,     ','28.30.81','C'),(1161,'  ','28.30.82','C'),(1162,'      ','28.30.83','C'),(1163,'     ','28.30.84','C'),(1164,'      ','28.30.85','C'),(1165,'      ','28.30.86','C'),(1166,'       , ,   ,     ','28.30.89','C'),(1167,' ,          ','28.4','C'),(1168,'  ','28.41','C'),(1169,'  ','28.41.1','C'),(1170,' - ','28.41.2','C'),(1171,'  ,     ,   ','28.41.3','C'),(1172,'  ','28.49','C'),(1173,'    ,     ','28.49.1','C'),(1174,'    , ,          ','28.49.11','C'),(1175,'  ','28.49.12','C'),(1176,'    ,  ,      ','28.49.13','C'),(1177,'     ','28.49.2','C'),(1178,'    ','28.49.3','C'),(1179,'        ','28.49.4','C'),(1180,'    ','28.9','C'),(1181,'     ','28.91','C'),(1182,' , ,    ','28.91.1','C'),(1183,'  ','28.91.2','C'),(1184,'    ','28.91.3','C'),(1185,'         ','28.92','C'),(1186,'       ','28.92.1','C'),(1187,'        ','28.92.11','C'),(1188,'       ','28.92.12','C'),(1189,'    ,  , ,  , , ,   , ,  ,   ','28.92.2','C'),(1190,' ','28.92.21','C'),(1191,'    ','28.92.22','C'),(1192,'  ','28.92.23','C'),(1193,'      ','28.92.24','C'),(1194,'    ','28.92.25','C'),(1195,'     ','28.92.26','C'),(1196,'      ','28.92.27','C'),(1197,'  ','28.92.28','C'),(1198,' -,      ','28.92.29','C'),(1199,'       ','28.92.3','C'),(1200,'   , ,     , ,     ','28.92.4','C'),(1201,'  ','28.92.5','C'),(1202,'       ,    ','28.93','C'),(1203,'      , ,    ','28.94','C'),(1204,'   ,   ,      ','28.94.1','C'),(1205,'       ,      ','28.94.2','C'),(1206,'    ,              ','28.94.3','C'),(1207,'   ','28.94.4','C'),(1208,'              ','28.94.5','C'),(1209,'        ','28.95','C'),(1210,'        ','28.96','C'),(1211,'  ,     ,  ','28.96.1','C'),(1212,'  ,    ','28.96.9','C'),(1213,'      ,     ','28.99','C'),(1214,' , ,   ,      ','28.99.1','C'),(1215,'         ,  ,      ','28.99.2','C'),(1216,'     ,       . . ','28.99.3','C'),(1217,'        ','28.99.4','C'),(1218,'      ','28.99.41','C'),(1219,'      ','28.99.42','C'),(1220,'         ','28.99.43','C'),(1221,'         ,     ','28.99.49','C'),(1222,'     ','28.99.5','C'),(1223,' ,   ,      ','28.99.6','C'),(1224,'   ,     ','28.99.9','C'),(1225,'  ,   ','29','C'),(1226,'  ','29.1','C'),(1227,'  ','29.10','C'),(1228,'     ','29.10.1','C'),(1229,'             1000 3','29.10.11','C'),(1230,'         1000 3','29.10.12','C'),(1231,'       ','29.10.13','C'),(1232,'  ','29.10.2','C'),(1233,'   ','29.10.3','C'),(1234,' ','29.10.31','C'),(1235,' ','29.10.32','C'),(1236,'  ','29.10.4','C'),(1237,'   ','29.10.5','C'),(1238,'    ;    ','29.2','C'),(1239,'    ;    ','29.20','C'),(1240,'    ','29.20.1','C'),(1241,'    ','29.20.2','C'),(1242,'   ','29.20.3','C'),(1243,'   ','29.20.4','C'),(1244,'  ','29.20.5','C'),(1245,'      ','29.3','C'),(1246,'       ','29.31','C'),(1247,'       ','29.32','C'),(1248,'    ','29.32.1','C'),(1249,'  ,  ,     ','29.32.2','C'),(1250,'      ,     ','29.32.3','C'),(1251,'     ','30','C'),(1252,' ,   ','30.1','C'),(1253,' ,    ','30.11','C'),(1254,'    ','30.12','C'),(1255,'     ','30.2','C'),(1256,'     ','30.20','C'),(1257,'  ','30.20.1','C'),(1258,'  ','30.20.11','C'),(1259,'  ','30.20.12','C'),(1260,'  ','30.20.13','C'),(1261,'  ,     , ,            ','30.20.2','C'),(1262,'   ','30.20.3','C'),(1263,'        ,    ','30.20.31','C'),(1264,'   ,     , ,      ,  ,       ','30.20.32','C'),(1265,'  ,       ','30.20.33','C'),(1266,'      ()  ,       ','30.20.9','C'),(1267,'  ,  ,   ','30.3','C'),(1268,'  ,  ,   ','30.30','C'),(1269,'       ,  ;     ;  ','30.30.1','C'),(1270,'         ','30.30.11','C'),(1271,'       ','30.30.12','C'),(1272,'     ','30.30.13','C'),(1273,'        ','30.30.14','C'),(1274,' , , ,      ','30.30.2','C'),(1275,' ,     ','30.30.3','C'),(1276,' ','30.30.31','C'),(1277,' ','30.30.32','C'),(1278,'   ','30.30.39','C'),(1279,'   (   ), -','30.30.4','C'),(1280,'   ','30.30.41','C'),(1281,'       ,  , ,  ','30.30.42','C'),(1282,' -','30.30.43','C'),(1283,'   ','30.30.44','C'),(1284,'       ','30.30.5','C'),(1285,'   ','30.30.6','C'),(1286,'   ','30.4','C'),(1287,'   ','30.40','C'),(1288,'    ,     ','30.9','C'),(1289,' ','30.91','C'),(1290,'    ','30.92','C'),(1291,' ','30.92.1','C'),(1292,'  ','30.92.2','C'),(1293,'       ','30.92.3','C'),(1294,'     ','30.92.4','C'),(1295,'     ,     ','30.99','C'),(1296,' ','31','C'),(1297,' ','31.0','C'),(1298,'      ','31.01','C'),(1299,'  ','31.02','C'),(1300,'  ,      ','31.02.1','C'),(1301,'      ','31.02.2','C'),(1302,' ','31.03','C'),(1303,'  ','31.09','C'),(1304,'  ,      ','31.09.1','C'),(1305,'      ,         ','31.09.2','C'),(1306,'   ','32','C'),(1307,'  ,    ','32.1','C'),(1308,' ','32.11','C'),(1309,'     ','32.12','C'),(1310,'      ','32.12.1','C'),(1311,'      ','32.12.2','C'),(1312,' ','32.12.3','C'),(1313,' , ,    ,    ;    ,    ,  ','32.12.4','C'),(1314,'  ,       ','32.12.5','C'),(1315,'  ,      ','32.12.51','C'),(1316,'  ,      ','32.12.52','C'),(1317,'  ,        ','32.12.59','C'),(1318,'         ','32.12.6','C'),(1319,'           ','32.12.61','C'),(1320,'           ','32.12.62','C'),(1321,'             ','32.12.69','C'),(1322,'      ','32.12.7','C'),(1323,'    ','32.13','C'),(1324,'    ,     ','32.13.1','C'),(1325,'        ','32.13.2','C'),(1326,'  ','32.2','C'),(1327,'  ','32.20','C'),(1328,'  ','32.3','C'),(1329,'  ','32.30','C'),(1330,'   ','32.4','C'),(1331,'   ','32.40','C'),(1332,'    ','32.5','C'),(1333,'    ','32.50','C'),(1334,' ,     ','32.9','C'),(1335,'   ','32.91','C'),(1336,'   ,     ','32.99','C'),(1337,'       ','32.99.1','C'),(1338,'  ','32.99.2','C'),(1339,' , , , , -','32.99.3','C'),(1340,'      ;      ','32.99.4','C'),(1341,'     ','32.99.5','C'),(1342,'   ,      ','32.99.6','C'),(1343,' ,   ,      ','32.99.7','C'),(1344,'    ','32.99.8','C'),(1345,'  ,     ','32.99.9','C'),(1346,'     ','33','C'),(1347,'    ,   ','33.1','C'),(1348,' ','33.11','C'),(1349,'   ','33.12','C'),(1350,'    ','33.13','C'),(1351,'  ','33.14','C'),(1352,'      ','33.15','C'),(1353,'     ,  ','33.16','C'),(1354,'        ','33.17','C'),(1355,'  ','33.19','C'),(1356,'    ','33.2','C'),(1357,'    ','33.20','C'),(1358,'  ,   ;  ',' ','D'),(1359,'  ,   ;  ','35','D'),(1360,',    ','35.1','D'),(1361,' ','35.11','D'),(1362,'   ,        ','35.11.1','D'),(1363,'  ,        ','35.11.2','D'),(1364,'   ,        ','35.11.3','D'),(1365,' ,     ,   , ,  ,        ','35.11.4','D'),(1366,'       ','35.12','D'),(1367,' ','35.12.1','D'),(1368,'    ','35.12.2','D'),(1369,' ','35.13','D'),(1370,' ','35.14','D'),(1371,'    ','35.2','D'),(1372,' ','35.21','D'),(1373,' ','35.21.1','D'),(1374,' ','35.21.11','D'),(1375,'     ','35.21.12','D'),(1376,'   ()','35.21.13','D'),(1377,' ','35.21.2','D'),(1378,' ','35.21.21','D'),(1379,'     ','35.21.22','D'),(1380,'   ()','35.21.23','D'),(1381,'     ','35.22','D'),(1382,' ,  ()    ','35.22.1','D'),(1383,' ,  ()      ,  ','35.22.11','D'),(1384,' ,  ()      ,   ','35.22.12','D'),(1385,'      ','35.22.2','D'),(1386,'        ,  ','35.22.21','D'),(1387,'        ,   ','35.22.22','D'),(1388,'  ,    ','35.23','D'),(1389,' ,  () ,    ','35.23.1','D'),(1390,' ,  () ,         ()','35.23.11','D'),(1391,' ,  () ,          ()','35.23.12','D'),(1392,'   ,    ','35.23.2','D'),(1393,'   ,         ()','35.23.21','D'),(1394,'   ,          ()','35.23.22','D'),(1395,',       ;  ','35.3','D'),(1396,',       ;  ','35.30','D'),(1397,'     ( )','35.30.1','D'),(1398,'     ( )  ','35.30.11','D'),(1399,'     ( )  ','35.30.12','D'),(1400,'     ( )     -','35.30.13','D'),(1401,'     ( ) ','35.30.14','D'),(1402,'     (  )   ','35.30.15','D'),(1403,'     ( )','35.30.2','D'),(1404,'     ( )','35.30.3','D'),(1405,'  ','35.30.4','D'),(1406,'   ','35.30.5','D'),(1407,'     ( )','35.30.6','D'),(1408,'; ,     ,    ',' ','E'),(1409,',    ','36','E'),(1410,',    ','36.0','E'),(1411,',    ','36.00','E'),(1412,'        ','36.00.1','E'),(1413,'      ','36.00.2','E'),(1414,'    ','37','E'),(1415,'    ','37.0','E'),(1416,'    ','37.00','E'),(1417,',    ;   ','38','E'),(1418,' ','38.1','E'),(1419,'  ','38.11','E'),(1420,'  ','38.12','E'),(1421,'   ','38.2','E'),(1422,'    ','38.21','E'),(1423,'     , , ','38.21.1','E'),(1424,'      ','38.21.11','E'),(1425,'   (   )   ','38.21.12','E'),(1426,'     ','38.21.13','E'),(1427,'     ','38.21.19','E'),(1428,'  ','38.21.2','E'),(1429,'   ','38.21.21','E'),(1430,'  ,     ','38.21.22','E'),(1431,'  ','38.21.3','E'),(1432,'  ,    ','38.21.31','E'),(1433,'      ','38.21.32','E'),(1434,'    ','38.22','E'),(1435,'    ','38.22.1','E'),(1436,'      ','38.22.11','E'),(1437,'      ','38.22.12','E'),(1438,'      ','38.22.13','E'),(1439,'     ,     ','38.22.9','E'),(1440,'    ','38.3','E'),(1441,' ,   ','38.31','E'),(1442,'  ','38.32','E'),(1443,'    ','38.32.1','E'),(1444,'     ','38.32.11','E'),(1445,'     ','38.32.12','E'),(1446,'     ','38.32.2','E'),(1447,'     ','38.32.3','E'),(1448,'     ','38.32.4','E'),(1449,'    ,  ','38.32.41','E'),(1450,'    ,  ','38.32.42','E'),(1451,'    ,  ','38.32.43','E'),(1452,'  ,    ','38.32.49','E'),(1453,'      ','38.32.5','E'),(1454,'       ','38.32.51','E'),(1455,'       ','38.32.52','E'),(1456,'       ','38.32.53','E'),(1457,'     ','38.32.54','E'),(1458,'      ','38.32.55','E'),(1459,'       ','38.32.59','E'),(1460,'         ,    ','39','E'),(1461,'         ,    ','39.0','E'),(1462,'         ,    ','39.00','E'),(1463,'',' ','F'),(1464,' ','41','F'),(1465,'  ','41.1','F'),(1466,'  ','41.10','F'),(1467,'    ','41.2','F'),(1468,'    ','41.20','F'),(1469,'  ','42','F'),(1470,'    ','42.1','F'),(1471,'    ','42.11','F'),(1472,'    ','42.12','F'),(1473,'   ','42.13','F'),(1474,'  ','42.2','F'),(1475,'      , ','42.21','F'),(1476,'       ','42.22','F'),(1477,'     ','42.22.1','F'),(1478,'     ','42.22.2','F'),(1479,' ','42.22.3','F'),(1480,'   ','42.9','F'),(1481,'  ','42.91','F'),(1482,'  ','42.91.1','F'),(1483,'  ','42.91.2','F'),(1484,'  ','42.91.3','F'),(1485,' ,    ','42.91.4','F'),(1486,'  ,  ','42.91.5','F'),(1487,'   ,     ','42.99','F'),(1488,'  ','43','F'),(1489,'   ,   ','43.1','F'),(1490,'   ','43.11','F'),(1491,'   ','43.11.1','F'),(1492,'     ','43.11.2','F'),(1493,'    ','43.11.9','F'),(1494,'  ','43.12','F'),(1495,'   ','43.12.1','F'),(1496,'     ,   ,     ','43.12.2','F'),(1497,'  ','43.12.3','F'),(1498,'       ,      ','43.12.4','F'),(1499,' ','43.13','F'),(1500,' , -   - ','43.2','F'),(1501,'  ','43.21','F'),(1502,' - ,       ','43.22','F'),(1503,'  - ','43.29','F'),(1504,'  ','43.3','F'),(1505,'  ','43.31','F'),(1506,'   ','43.32','F'),(1507,'  (   ), ,         ','43.32.1','F'),(1508,'    ,  ,   ','43.32.2','F'),(1509,'      ( ,      ..)','43.32.3','F'),(1510,'       ','43.33','F'),(1511,'    ','43.34','F'),(1512,'  ','43.34.1','F'),(1513,'  ','43.34.2','F'),(1514,'     ','43.39','F'),(1515,'   ','43.9','F'),(1516,'  ','43.91','F'),(1517,'   ,     ','43.99','F'),(1518,' ','43.99.1','F'),(1519,'      ','43.99.2','F'),(1520,'      ','43.99.3','F'),(1521,'   ','43.99.4','F'),(1522,'     ','43.99.5','F'),(1523,'   ','43.99.6','F'),(1524,'      ','43.99.7','F'),(1525,'  ,     ','43.99.9','F'),(1526,'   ;     ',' ','G'),(1527,'          ','45','G'),(1528,'  ','45.1','G'),(1529,'       ','45.11','G'),(1530,'       ','45.11.1','G'),(1531,'          ','45.11.2','G'),(1532,'        ','45.11.3','G'),(1533,'         -  ','45.11.31','G'),(1534,'        ,     ','45.11.39','G'),(1535,'             ','45.11.4','G'),(1536,'         -        ','45.11.41','G'),(1537,'              ','45.11.49','G'),(1538,'   ','45.19','G'),(1539,'    ','45.19.1','G'),(1540,'       ','45.19.2','G'),(1541,'     ','45.19.3','G'),(1542,'      -  ','45.19.31','G'),(1543,'     ,     ','45.19.39','G'),(1544,'          ','45.19.4','G'),(1545,'      -        ','45.19.41','G'),(1546,'           ','45.19.49','G'),(1547,'     ','45.2','G'),(1548,'     ','45.20','G'),(1549,'          ','45.20.1','G'),(1550,'      ','45.20.2','G'),(1551,'  ,     ','45.20.3','G'),(1552,'              ','45.20.4','G'),(1553,'        ','45.20.5','G'),(1554,'  ,   ','45.3','G'),(1555,'   ,   ','45.31','G'),(1556,'   ,   ,   ','45.31.1','G'),(1557,'      ,   ','45.31.2','G'),(1558,'   ,   ','45.32','G'),(1559,'   ,      ','45.32.1','G'),(1560,'   ,    ','45.32.2','G'),(1561,'   ,     -  ','45.32.21','G'),(1562,'   ,      ','45.32.22','G'),(1563,'   ,    ,     ','45.32.29','G'),(1564,' ,  ,   ;     ','45.4','G'),(1565,' ,  ,   ;     ','45.40','G'),(1566,'  ,  ,   ','45.40.1','G'),(1567,'  ,  ,       ','45.40.2','G'),(1568,'  ,  ,    ','45.40.3','G'),(1569,'     ,  ,   ','45.40.4','G'),(1570,'       ','45.40.5','G'),(1571,' ,       ','46','G'),(1572,'       ','46.1','G'),(1573,'      ,  ,    ','46.11','G'),(1574,'      ','46.11.1','G'),(1575,'       ','46.11.2','G'),(1576,'       ,    ','46.11.3','G'),(1577,'     ','46.11.31','G'),(1578,'     ,    ','46.11.32','G'),(1579,'       ','46.11.33','G'),(1580,'        ','46.11.34','G'),(1581,'        ','46.11.35','G'),(1582,'          ,     ','46.11.39','G'),(1583,'     , ,    ','46.12','G'),(1584,'     ,       ','46.12.1','G'),(1585,'          ','46.12.2','G'),(1586,'     ','46.12.21','G'),(1587,'        ','46.12.22','G'),(1588,'         ,   ','46.12.3','G'),(1589,'         ','46.12.31','G'),(1590,'       ','46.12.32','G'),(1591,'        ','46.13','G'),(1592,'     ','46.13.1','G'),(1593,'      ','46.13.2','G'),(1594,'     ,  ,    ','46.14','G'),(1595,'      ,      ','46.14.1','G'),(1596,'     ,      ,     ','46.14.2','G'),(1597,'          ','46.14.9','G'),(1598,'     ,  , ,     ','46.15','G'),(1599,'     ','46.15.1','G'),(1600,'     ,      ','46.15.2','G'),(1601,'         ','46.15.3','G'),(1602,'     -  ,   ','46.15.4','G'),(1603,'       ,     ','46.15.9','G'),(1604,'      , , ,     ','46.16','G'),(1605,'      ','46.16.1','G'),(1606,'     ,     ','46.16.2','G'),(1607,'          ','46.16.3','G'),(1608,'      ,    ','46.17','G'),(1609,'      ','46.17.1','G'),(1610,'     ','46.17.2','G'),(1611,'      ','46.17.21','G'),(1612,'      ,  ','46.17.22','G'),(1613,'     ','46.17.23','G'),(1614,'      ','46.17.3','G'),(1615,' ,        ','46.18','G'),(1616,' ,      , ,    ,    ,  ,   ','46.18.1','G'),(1617,' ,      ','46.18.11','G'),(1618,' ,     ,    ','46.18.12','G'),(1619,' ,        ,  ','46.18.13','G'),(1620,' ,      ','46.18.14','G'),(1621,' ,     ,   ,    ','46.18.3','G'),(1622,' ,     ,     ','46.18.9','G'),(1623,' ,       ','46.18.91','G'),(1624,' ,         ','46.18.92','G'),(1625,' ,     ,     ','46.18.93','G'),(1626,' ,      ,     ','46.18.99','G'),(1627,'       ','46.19','G'),(1628,'      ','46.2','G'),(1629,'  ,  ,      ','46.21','G'),(1630,'  ,     ','46.21.1','G'),(1631,'  ','46.21.11','G'),(1632,'  ,    ','46.21.12','G'),(1633,'      ','46.21.13','G'),(1634,'     ','46.21.14','G'),(1635,'   ,     ','46.21.19','G'),(1636,'   ','46.21.2','G'),(1637,'    ','46.22','G'),(1638,'   ','46.23','G'),(1639,'    ','46.24','G'),(1640,'   ,    ','46.3','G'),(1641,'    ','46.31','G'),(1642,'   ,   ','46.31.1','G'),(1643,'   ','46.31.11','G'),(1644,'    ','46.31.12','G'),(1645,'     ','46.31.13','G'),(1646,'   ,   ','46.31.2','G'),(1647,'     ','46.32','G'),(1648,'     ,  ','46.32.1','G'),(1649,'       ','46.32.2','G'),(1650,'       ','46.32.3','G'),(1651,'   ,      ','46.33','G'),(1652,'   ','46.33.1','G'),(1653,'  ','46.33.2','G'),(1654,'     ','46.33.3','G'),(1655,'  ','46.34','G'),(1656,'  ,      ','46.34.1','G'),(1657,'   ,      ','46.34.2','G'),(1658,'   ,      ','46.34.21','G'),(1659,'    ','46.34.22','G'),(1660,'  ','46.34.23','G'),(1661,'            ','46.34.3','G'),(1662,'   ','46.35','G'),(1663,'  ,     ','46.36','G'),(1664,'  ','46.36.1','G'),(1665,'      ','46.36.2','G'),(1666,'    ','46.36.3','G'),(1667,'   ','46.36.4','G'),(1668,'  , ,   ','46.37','G'),(1669,'    ,  ,   ','46.38','G'),(1670,'  ,   ,       ','46.38.1','G'),(1671,'    ','46.38.2','G'),(1672,'    ,    ','46.38.21','G'),(1673,'     ','46.38.22','G'),(1674,'     ','46.38.23','G'),(1675,'  ','46.38.24','G'),(1676,'  ','46.38.25','G'),(1677,'     ','46.38.26','G'),(1678,'    ,     ','46.38.29','G'),(1679,'    ,    ','46.39','G'),(1680,'     ','46.39.1','G'),(1681,'     ,    ','46.39.2','G'),(1682,'    ','46.4','G'),(1683,'   ','46.41','G'),(1684,'   ,    ','46.41.1','G'),(1685,'   ','46.41.2','G'),(1686,'    ','46.42','G'),(1687,'  ','46.42.1','G'),(1688,'  ,  ,   ','46.42.11','G'),(1689,'   ','46.42.12','G'),(1690,'    ','46.42.13','G'),(1691,'      ,  ','46.42.14','G'),(1692,'  ','46.42.2','G'),(1693,'   ','46.43','G'),(1694,'    ','46.43.1','G'),(1695,'  -, -        (DVD)','46.43.2','G'),(1696,'  , -   , - (CD)    (DVD) (   )','46.43.3','G'),(1697,'     ','46.43.4','G'),(1698,'         ','46.44','G'),(1699,'      ','46.44.1','G'),(1700,'   ','46.44.2','G'),(1701,'     ','46.45','G'),(1702,'     ,  ','46.45.1','G'),(1703,'     ','46.45.2','G'),(1704,'   ','46.46','G'),(1705,'   ','46.46.1','G'),(1706,'  ,    ','46.46.2','G'),(1707,'  ,    ','46.47','G'),(1708,'   ','46.47.1','G'),(1709,'   ','46.47.2','G'),(1710,'     ','46.47.3','G'),(1711,'     ','46.48','G'),(1712,'  ','46.48.1','G'),(1713,'   ','46.48.2','G'),(1714,'     ','46.48.21','G'),(1715,'     ','46.48.22','G'),(1716,'       ','46.48.29','G'),(1717,'    ','46.49','G'),(1718,'       ','46.49.1','G'),(1719,'   ,   ,       ','46.49.2','G'),(1720,'  ,   ,    ','46.49.3','G'),(1721,'  ','46.49.31','G'),(1722,'    ','46.49.32','G'),(1723,'     ','46.49.33','G'),(1724,'    ','46.49.4','G'),(1725,'      ','46.49.41','G'),(1726,'    ','46.49.42','G'),(1727,'   ,  ','46.49.43','G'),(1728,'       ','46.49.44','G'),(1729,'    ,     ','46.49.49','G'),(1730,'    ','46.49.5','G'),(1731,'     ','46.5','G'),(1732,'  ,       ','46.51','G'),(1733,'     ','46.51.1','G'),(1734,'   ','46.51.2','G'),(1735,'         ','46.52','G'),(1736,'       ','46.52.1','G'),(1737,'       ','46.52.2','G'),(1738,'  -     ,    , - (CD),   (DVD)       ','46.52.3','G'),(1739,'   ,   ','46.6','G'),(1740,'  ,      ','46.61','G'),(1741,'     ,   ,  ','46.61.1','G'),(1742,'  -   ','46.61.2','G'),(1743,'  ','46.62','G'),(1744,'   ','46.62.1','G'),(1745,'   ','46.62.2','G'),(1746,'      ','46.62.3','G'),(1747,'          ','46.63','G'),(1748,'      ,    ','46.64','G'),(1749,'   ','46.65','G'),(1750,'      ','46.66','G'),(1751,'     ','46.69','G'),(1752,'   ,  ,   ','46.69.1','G'),(1753,'      ','46.69.2','G'),(1754,'  -   ','46.69.3','G'),(1755,'        ,    ','46.69.4','G'),(1756,'    , ,   ','46.69.5','G'),(1757,'    ','46.69.6','G'),(1758,'     ','46.69.7','G'),(1759,'  ,   ,    ','46.69.8','G'),(1760,'   , ,       ','46.69.9','G'),(1761,'   ','46.7','G'),(1762,'  ,       ','46.71','G'),(1763,'   ','46.71.1','G'),(1764,'   ,   ','46.71.2','G'),(1765,'  ','46.71.3','G'),(1766,'   () ','46.71.4','G'),(1767,'    ','46.71.5','G'),(1768,'         ()','46.71.51','G'),(1769,'          ()','46.71.52','G'),(1770,'      ','46.71.9','G'),(1771,'     ','46.72','G'),(1772,'   ','46.72.1','G'),(1773,'   ','46.72.11','G'),(1774,'    ','46.72.12','G'),(1775,'     ','46.72.2','G'),(1776,'      ','46.72.21','G'),(1777,'      ,  ','46.72.22','G'),(1778,'      ','46.72.23','G'),(1779,'  ,    - ','46.73','G'),(1780,'      ','46.73.1','G'),(1781,'  ','46.73.2','G'),(1782,'  - ','46.73.3','G'),(1783,'   ','46.73.4','G'),(1784,'   ','46.73.5','G'),(1785,'      ','46.73.6','G'),(1786,'  ','46.73.7','G'),(1787,'    ( )','46.73.8','G'),(1788,'   ,      ','46.74','G'),(1789,'   ','46.74.1','G'),(1790,'       - ','46.74.2','G'),(1791,'   ','46.74.3','G'),(1792,'   ','46.75','G'),(1793,'     ','46.75.1','G'),(1794,'   ','46.75.2','G'),(1795,'    ','46.76','G'),(1796,'    ','46.76.1','G'),(1797,'   ','46.76.2','G'),(1798,'       ','46.76.3','G'),(1799,'   ','46.76.4','G'),(1800,'    ','46.77','G'),(1801,'  ','46.9','G'),(1802,'  ','46.90','G'),(1803,' ,      ','47','G'),(1804,'    ','47.1','G'),(1805,'    ,  ,      ','47.11','G'),(1806,'      ','47.11.1','G'),(1807,'   ,     ,   ','47.11.2','G'),(1808,'             ','47.11.3','G'),(1809,'     ','47.19','G'),(1810,'           ','47.19.1','G'),(1811,'  ,    ','47.19.2','G'),(1812,'     ','47.19.3','G'),(1813,'   ,       ','47.2','G'),(1814,'       ','47.21','G'),(1815,'   , ,      ','47.21.1','G'),(1816,'   ,      ','47.21.2','G'),(1817,'        ','47.22','G'),(1818,'     ,     ','47.22.1','G'),(1819,'          ','47.22.2','G'),(1820,'          ','47.22.3','G'),(1821,'  ,      ','47.23','G'),(1822,'       ','47.23.1','G'),(1823,'         ','47.23.2','G'),(1824,'           ','47.24','G'),(1825,'        ','47.24.1','G'),(1826,'      ','47.24.2','G'),(1827,'       ','47.24.21','G'),(1828,'   ,  ,   ','47.24.22','G'),(1829,'        ','47.24.3','G'),(1830,'     ','47.25','G'),(1831,'   ,  ,   ','47.25.1','G'),(1832,'   ,  ,   ','47.25.11','G'),(1833,'     ','47.25.12','G'),(1834,'      ','47.25.2','G'),(1835,'      ','47.26','G'),(1836,'       ','47.29','G'),(1837,'        ','47.29.1','G'),(1838,'      ','47.29.11','G'),(1839,'     ','47.29.12','G'),(1840,'        ','47.29.2','G'),(1841,'        ','47.29.21','G'),(1842,'      ','47.29.22','G'),(1843,'       ','47.29.3','G'),(1844,'        ','47.29.31','G'),(1845,'     ','47.29.32','G'),(1846,'     ','47.29.33','G'),(1847,'     ','47.29.34','G'),(1848,'  , ,    ','47.29.35','G'),(1849,'    ,       ','47.29.36','G'),(1850,'       ,     ','47.29.39','G'),(1851,'      ','47.3','G'),(1852,'      ','47.30','G'),(1853,'      ','47.30.1','G'),(1854,'        ','47.30.11','G'),(1855,'        ','47.30.12','G'),(1856,'         ','47.30.2','G'),(1857,'        ','47.4','G'),(1858,'  ,          ','47.41','G'),(1859,'     ','47.41.1','G'),(1860,'      ','47.41.2','G'),(1861,'      ','47.41.3','G'),(1862,'        ','47.41.4','G'),(1863,'   ,     ,   ','47.42','G'),(1864,'  -     ','47.43','G'),(1865,'       ','47.5','G'),(1866,'      ','47.51','G'),(1867,'      ','47.51.1','G'),(1868,'      ','47.51.2','G'),(1869,'   ,       ','47.52','G'),(1870,'      ','47.52.1','G'),(1871,'      ','47.52.2','G'),(1872,'     ','47.52.3','G'),(1873,'          ','47.52.4','G'),(1874,'  -    ','47.52.5','G'),(1875,'  -      ','47.52.6','G'),(1876,'   ,     ,   ','47.52.7','G'),(1877,'     ','47.52.71','G'),(1878,'     ','47.52.72','G'),(1879,'        ','47.52.73','G'),(1880,'       ','47.52.74','G'),(1881,'    ,     ,   ','47.52.79','G'),(1882,'  ,  ,        ','47.53','G'),(1883,'        ','47.53.1','G'),(1884,'  ,     ','47.53.2','G'),(1885,'        ','47.53.3','G'),(1886,'      ','47.54','G'),(1887,'  ,         ','47.59','G'),(1888,'     ','47.59.1','G'),(1889,'    ,  , ,     ,         ','47.59.2','G'),(1890,'      ','47.59.3','G'),(1891,'    ,       ','47.59.4','G'),(1892,'         ','47.59.5','G'),(1893,'       ','47.59.6','G'),(1894,'     ,    ,   ','47.59.7','G'),(1895,'     ,     ,   ','47.59.9','G'),(1896,'   -    ','47.6','G'),(1897,'     ','47.61','G'),(1898,'        ','47.62','G'),(1899,'       ','47.62.1','G'),(1900,'        ','47.62.2','G'),(1901,'       ','47.63','G'),(1902,'   , , -     ','47.63.1','G'),(1903,'         ','47.63.2','G'),(1904,'         ','47.64','G'),(1905,'         ','47.64.1','G'),(1906,'      ','47.64.2','G'),(1907,'      ','47.64.3','G'),(1908,'     ','47.64.4','G'),(1909,'     ','47.64.5','G'),(1910,'       ','47.65','G'),(1911,'      ','47.7','G'),(1912,'     ','47.71','G'),(1913,'  ,       ','47.71.1','G'),(1914,'      ','47.71.2','G'),(1915,'       ','47.71.3','G'),(1916,'       ','47.71.4','G'),(1917,'      ','47.71.5','G'),(1918,'  -    ','47.71.6','G'),(1919,'      ','47.71.7','G'),(1920,'    (, , , ,   . .)   ','47.71.8','G'),(1921,'         ','47.72','G'),(1922,'     ','47.72.1','G'),(1923,'          ','47.72.2','G'),(1924,'       ()','47.73','G'),(1925,'  ,    ,     ','47.74','G'),(1926,'  ,    ,   ','47.74.1','G'),(1927,'      ','47.74.2','G'),(1928,'         ','47.75','G'),(1929,'     ,     ','47.75.1','G'),(1930,'        ','47.75.2','G'),(1931,'       ','47.75.3','G'),(1932,'     , , ,          ','47.76','G'),(1933,'     ,      ','47.76.1','G'),(1934,'           ','47.76.2','G'),(1935,'        ','47.77','G'),(1936,'     ','47.77.1','G'),(1937,'      ','47.77.2','G'),(1938,'        ','47.77.21','G'),(1939,'        ','47.77.22','G'),(1940,'          ','47.77.29','G'),(1941,'     ','47.78','G'),(1942,'  ,     ,  ,   ','47.78.1','G'),(1943,'  ,        ','47.78.2','G'),(1944,'     ','47.78.21','G'),(1945,'      ','47.78.22','G'),(1946,'  ,    ','47.78.3','G'),(1947,'      ,     ','47.78.4','G'),(1948,'   ,        ','47.78.5','G'),(1949,'     ,   , ,  ,     ','47.78.6','G'),(1950,'     , ,  ,     ','47.78.61','G'),(1951,'            ()','47.78.62','G'),(1952,'            ()','47.78.63','G'),(1953,'       ','47.78.7','G'),(1954,'        ','47.78.8','G'),(1955,'   ,     ,   ','47.78.9','G'),(1956,'       ','47.79','G'),(1957,'   ','47.79.1','G'),(1958,'   ','47.79.2','G'),(1959,'      ','47.79.3','G'),(1960,'     ','47.79.4','G'),(1961,'        ','47.8','G'),(1962,'          ,    ','47.81','G'),(1963,'         ','47.81.1','G'),(1964,'     ,    ','47.81.2','G'),(1965,'         ,   ','47.82','G'),(1966,'      ,   ','47.82.1','G'),(1967,'    ,   ','47.82.2','G'),(1968,'          ','47.89','G'),(1969,'       ','47.89.1','G'),(1970,'     ','47.89.2','G'),(1971,'   , , ','47.9','G'),(1972,'      -  ','47.91','G'),(1973,'   ','47.91.1','G'),(1974,' ,     -  ','47.91.2','G'),(1975,'   -','47.91.3','G'),(1976,' ,     , , ','47.91.4','G'),(1977,'    , , ','47.99','G'),(1978,'          ','47.99.1','G'),(1979,'     ','47.99.2','G'),(1980,'          ','47.99.3','G'),(1981,'      ,     -','47.99.4','G'),(1982,'        ','47.99.5','G'),(1983,'  ',' ','H'),(1984,'    ','49','H'),(1985,'  :     ','49.1','H'),(1986,'  :     ','49.10','H'),(1987,'      ','49.10.1','H'),(1988,'         ','49.10.11','H'),(1989,'         ','49.10.12','H'),(1990,'      ','49.10.2','H'),(1991,'  :  ','49.2','H'),(1992,'  :  ','49.20','H'),(1993,'  ','49.20.1','H'),(1994,'  ','49.20.9','H'),(1995,'    ','49.3','H'),(1996,'   :       ','49.31','H'),(1997,'      ','49.31.1','H'),(1998,'         ','49.31.11','H'),(1999,'         ','49.31.12','H'),(2000,'          ','49.31.2','H'),(2001,'        ','49.31.21','H'),(2002,'        ','49.31.22','H'),(2003,'        ','49.31.23','H'),(2004,'  ','49.31.24','H'),(2005,'  ,     ,       ','49.31.25','H'),(2006,'        ','49.32','H'),(2007,'    ,     ','49.39','H'),(2008,'    ,   ,     ,     (  )','49.39.1','H'),(2009,'      ','49.39.11','H'),(2010,'      ','49.39.12','H'),(2011,'  (  ) ','49.39.13','H'),(2012,'  ,      ,    ,       ','49.39.2','H'),(2013,'     ','49.39.3','H'),(2014,'     ','49.39.31','H'),(2015,'       ','49.39.32','H'),(2016,'         ,             ','49.39.33','H'),(2017,'         ,             ','49.39.34','H'),(2018,'   ,      ','49.39.35','H'),(2019,'    ,     ','49.39.39','H'),(2020,'       ','49.4','H'),(2021,'   ','49.41','H'),(2022,'    ','49.41.1','H'),(2023,'    ','49.41.2','H'),(2024,'     ','49.41.3','H'),(2025,'   ','49.42','H'),(2026,'  ','49.5','H'),(2027,'  ','49.50','H'),(2028,'     ','49.50.1','H'),(2029,'   ','49.50.11','H'),(2030,'   ','49.50.12','H'),(2031,'       ','49.50.2','H'),(2032,'   ','49.50.21','H'),(2033,'     ','49.50.22','H'),(2034,'   ','49.50.3','H'),(2035,'   ','49.50.9','H'),(2036,'  ','50','H'),(2037,'   ','50.1','H'),(2038,'   ','50.10','H'),(2039,'     ','50.10.1','H'),(2040,'     ,  ','50.10.11','H'),(2041,'     ,   ','50.10.12','H'),(2042,'     ','50.10.2','H'),(2043,'     ,  ','50.10.21','H'),(2044,'     ,   ','50.10.22','H'),(2045,'           ','50.10.3','H'),(2046,'         ','50.10.31','H'),(2047,'         ','50.10.32','H'),(2048,'        ','50.10.39','H'),(2049,'   ','50.2','H'),(2050,'   ','50.20','H'),(2051,'     ','50.20.1','H'),(2052,'     -  ','50.20.11','H'),(2053,'   -  ','50.20.12','H'),(2054,'      -  ','50.20.13','H'),(2055,'   -  ','50.20.14','H'),(2056,'       ','50.20.15','H'),(2057,' ()  ,  ,  ,   ,      ','50.20.16','H'),(2058,'      ','50.20.19','H'),(2059,'     ','50.20.2','H'),(2060,'     -  ','50.20.21','H'),(2061,'   -  ','50.20.22','H'),(2062,'      -  ','50.20.23','H'),(2063,'   -  ','50.20.24','H'),(2064,'       ','50.20.25','H'),(2065,' ()  ,  ,  ,   ,      ','50.20.26','H'),(2066,'      ','50.20.29','H'),(2067,'           ','50.20.3','H'),(2068,'         ','50.20.31','H'),(2069,'         ','50.20.32','H'),(2070,'   ,      ','50.20.4','H'),(2071,'     ','50.20.41','H'),(2072,'         ','50.20.42','H'),(2073,'    ','50.3','H'),(2074,'    ','50.30','H'),(2075,'     ','50.30.1','H'),(2076,'         ','50.30.2','H'),(2077,'    ','50.4','H'),(2078,'    ','50.40','H'),(2079,'     ','50.40.1','H'),(2080,'       ','50.40.2','H'),(2081,'         ','50.40.3','H'),(2082,'    ','51','H'),(2083,'   ','51.1','H'),(2084,'   ','51.10','H'),(2085,'   ,  ','51.10.1','H'),(2086,'   ,   ','51.10.2','H'),(2087,'       ','51.10.3','H'),(2088,'      ','51.2','H'),(2089,'   ','51.21','H'),(2090,'   ,  ','51.21.1','H'),(2091,'   ,   ','51.21.2','H'),(2092,'     ','51.21.3','H'),(2093,'  ','51.22','H'),(2094,'   ','51.22.1','H'),(2095,'   ','51.22.2','H'),(2096,'         ','51.22.3','H'),(2097,'  ','51.22.4','H'),(2098,'     ','52','H'),(2099,'    ','52.1','H'),(2100,'    ','52.10','H'),(2101,'      ','52.10.1','H'),(2102,'      ','52.10.2','H'),(2103,'       ','52.10.21','H'),(2104,'       ','52.10.22','H'),(2105,'       ','52.10.23','H'),(2106,'   ','52.10.3','H'),(2107,'     ','52.10.4','H'),(2108,'    ','52.10.9','H'),(2109,'  ','52.2','H'),(2110,' ,    ','52.21','H'),(2111,' ,    ','52.21.1','H'),(2112,'     ','52.21.11','H'),(2113,'      ','52.21.12','H'),(2114,'  ','52.21.13','H'),(2115,'  ,    ','52.21.19','H'),(2116,' ,    ','52.21.2','H'),(2117,'   ','52.21.21','H'),(2118,'      ','52.21.22','H'),(2119,'     ','52.21.23','H'),(2120,'    ','52.21.24','H'),(2121,'    ','52.21.25','H'),(2122,'  ,    ','52.21.29','H'),(2123,' ,    ','52.21.3','H'),(2124,' ,    ','52.22','H'),(2125,' ,    ','52.22.1','H'),(2126,'   ,     (,  ,   .)','52.22.11','H'),(2127,'      ,    ','52.22.12','H'),(2128,'     ,        ','52.22.13','H'),(2129,'       ','52.22.14','H'),(2130,' -     ','52.22.15','H'),(2131,' ()  ,    ,       :  ,  ()     ','52.22.16','H'),(2132,'      ','52.22.17','H'),(2133,'     ','52.22.18','H'),(2134,' ,   , ,     ','52.22.19','H'),(2135,' ,     ','52.22.2','H'),(2136,'      ','52.22.21','H'),(2137,'     ,      ','52.22.22','H'),(2138,'     ,          ','52.22.23','H'),(2139,'        ','52.22.24','H'),(2140,' -      ','52.22.25','H'),(2141,' ()  ,    ,       :  ,  ()      ','52.22.26','H'),(2142,'         ','52.22.27','H'),(2143,'      ','52.22.28','H'),(2144,' ,     , ,     ','52.22.29','H'),(2145,' ,      ','52.23','H'),(2146,' ,    ','52.23.1','H'),(2147,' ','52.23.11','H'),(2148,'  ()  ','52.23.12','H'),(2149,'  ','52.23.13','H'),(2150,'  ,    ','52.23.19','H'),(2151,' ,    ','52.23.2','H'),(2152,'            ()  ','52.23.21','H'),(2153,'   - ,        (),     ','52.23.22','H'),(2154,',          ','52.23.23','H'),(2155,'  ,    ','52.23.29','H'),(2156,'  ','52.24','H'),(2157,'  ','52.24.1','H'),(2158,'   ','52.24.2','H'),(2159,'  ,   ','52.29','H'),(2160,'     ','53','H'),(2161,'    ','53.1','H'),(2162,'    ','53.10','H'),(2163,'  ,        ','53.10.1','H'),(2164,'  ,     ','53.10.2','H'),(2165,'  ,     ','53.10.3','H'),(2166,'   ','53.10.4','H'),(2167,'     ','53.10.9','H'),(2168,'      ','53.2','H'),(2169,'      ','53.20','H'),(2170,'   ','53.20.1','H'),(2171,'  ','53.20.2','H'),(2172,'   ','53.20.21','H'),(2173,' - ','53.20.22','H'),(2174,'   ,     ','53.20.29','H'),(2175,' ','53.20.3','H'),(2176,'      ','53.20.31','H'),(2177,'     ','53.20.32','H'),(2178,'  ','53.20.39','H'),(2179,'     ',' ','I'),(2180,'      ','55','I'),(2181,'       ','55.1','I'),(2182,'       ','55.10','I'),(2183,'      ','55.2','I'),(2184,'      ','55.20','I'),(2185,'        ,     ','55.3','I'),(2186,'        ,     ','55.30','I'),(2187,'       ','55.9','I'),(2188,'       ','55.90','I'),(2189,'      ','56','I'),(2190,'       ','56.1','I'),(2191,'       ','56.10','I'),(2192,'       , ,     ','56.10.1','I'),(2193,'   /  ,      ,      ','56.10.2','I'),(2194,'       ','56.10.21','I'),(2195,'      /  ,   ','56.10.22','I'),(2196,' ,      ','56.10.23','I'),(2197,'        ','56.10.24','I'),(2198,'         -   ','56.10.3','I'),(2199,'            ','56.2','I'),(2200,'       ','56.21','I'),(2201,'        ','56.29','I'),(2202,'   ,    (    ,  ,    ,       )  ','56.29.1','I'),(2203,'       ','56.29.2','I'),(2204,'     ,     (  )','56.29.3','I'),(2205,'  ,    ( , , ,   .)      ','56.29.4','I'),(2206,' ','56.3','I'),(2207,' ','56.30','I'),(2208,'     ',' ','J'),(2209,' ','58','J'),(2210,' ,       ','58.1','J'),(2211,' ','58.11','J'),(2212,' , ,     ,     ,     ,   ','58.11.1','J'),(2213,' , ,     ,        ','58.11.2','J'),(2214,' ,   ,     ,   ','58.11.3','J'),(2215,' ,      ','58.11.4','J'),(2216,'     ','58.12','J'),(2217,'    ','58.12.1','J'),(2218,'    ','58.12.2','J'),(2219,' ','58.13','J'),(2220,'    ','58.13.1','J'),(2221,'    ','58.13.2','J'),(2222,'    ','58.14','J'),(2223,'       ','58.14.1','J'),(2224,'       ','58.14.2','J'),(2225,'   ','58.19','J'),(2226,'  ','58.2','J'),(2227,'  ','58.21','J'),(2228,'   ','58.29','J'),(2229,' ,    ,    ','59','J'),(2230,' ,    ','59.1','J'),(2231,' ,    ','59.11','J'),(2232,'  ','59.11.1','J'),(2233,'  ,    ','59.11.9','J'),(2234,' -    ,    ','59.12','J'),(2235,'   ,    ','59.13','J'),(2236,'    ','59.14','J'),(2237,'       ','59.2','J'),(2238,'       ','59.20','J'),(2239,'    ,    ','59.20.1','J'),(2240,'  ','59.20.2','J'),(2241,'    ,     ','59.20.3','J'),(2242,'     ','60','J'),(2243,'   ','60.1','J'),(2244,'   ','60.10','J'),(2245,'    ','60.2','J'),(2246,'    ','60.20','J'),(2247,'   ','61','J'),(2248,'       ','61.1','J'),(2249,'       ','61.10','J'),(2250,'     ','61.10.1','J'),(2251,'            (I-)','61.10.2','J'),(2252,'           -  ','61.10.3','J'),(2253,'    ','61.10.4','J'),(2254,'       ','61.10.5','J'),(2255,'       ','61.10.6','J'),(2256,'        ','61.10.8','J'),(2257,'        ','61.10.9','J'),(2258,'       ','61.2','J'),(2259,'       ','61.20','J'),(2260,'         ','61.20.1','J'),(2261,'         ','61.20.2','J'),(2262,'         -  ','61.20.3','J'),(2263,'         ','61.20.4','J'),(2264,'         ','61.20.5','J'),(2265,'    ','61.3','J'),(2266,'    ','61.30','J'),(2267,'      -     ','61.30.1','J'),(2268,'         ','61.30.2','J'),(2269,'    ','61.9','J'),(2270,'    ','61.90','J'),(2271,'    ','61.90.1','J'),(2272,'    ,     ','61.90.9','J'),(2273,'   ,         ','62','J'),(2274,'   ,         ','62.0','J'),(2275,'   ','62.01','J'),(2276,'       ','62.02','J'),(2277,'  ,   ','62.02.1','J'),(2278,'      ','62.02.2','J'),(2279,'   ','62.02.3','J'),(2280,'      ','62.02.4','J'),(2281,'      ','62.02.9','J'),(2282,'    ','62.03','J'),(2283,'    ','62.03.1','J'),(2284,'     ','62.03.11','J'),(2285,'     ','62.03.12','J'),(2286,'    ','62.03.13','J'),(2287,'     ,     ','62.03.19','J'),(2288,',        , ','62.09','J'),(2289,'    ','63','J'),(2290,'   ,     ,    -  ','63.1','J'),(2291,'   ,          ','63.11','J'),(2292,'         ','63.11.1','J'),(2293,'       ','63.11.9','J'),(2294,' web-','63.12','J'),(2295,'  ','63.12.1','J'),(2296,'     ','63.9','J'),(2297,'  ','63.91','J'),(2298,'   ,     ','63.99','J'),(2299,'      ','63.99.1','J'),(2300,'       ','63.99.11','J'),(2301,'            ','63.99.12','J'),(2302,'       ,        ','63.99.2','J'),(2303,'   ',' ','K'),(2304,'    ,       ','64','K'),(2305,' ','64.1','K'),(2306,'     ( )','64.11','K'),(2307,'  ','64.19','K'),(2308,'  ','64.2','K'),(2309,'  ','64.20','K'),(2310,'      ','64.3','K'),(2311,'      ','64.30','K'),(2312,'     ,       ','64.9','K'),(2313,'    (/)','64.91','K'),(2314,'    (/)  ','64.91.1','K'),(2315,'    (/)   ,   ','64.91.2','K'),(2316,'     ','64.92','K'),(2317,'    ','64.92.1','K'),(2318,'    ','64.92.2','K'),(2319,'        ','64.92.3','K'),(2320,'        ,   ','64.92.4','K'),(2321,'         ','64.92.6','K'),(2322,' ','64.92.7','K'),(2323,'   ,       ,     ','64.99','K'),(2324,'      ','64.99.1','K'),(2325,'   ','64.99.11','K'),(2326,' ','64.99.12','K'),(2327,'          ','64.99.2','K'),(2328,'       ','64.99.21','K'),(2329,'      ','64.99.22','K'),(2330,'   ,  ,      ','64.99.3','K'),(2331,' ,     ','64.99.4','K'),(2332,'  ','64.99.5','K'),(2333,'   ','64.99.6','K'),(2334,'    ,   ,   ','64.99.7','K'),(2335,'  ,   ;     ','64.99.8','K'),(2336,'   ','64.99.9','K'),(2337,', ,    ,    ','65','K'),(2338,'','65.1','K'),(2339,' ','65.11','K'),(2340,',   ','65.12','K'),(2341,' ','65.12.1','K'),(2342,' ','65.12.2','K'),(2343,'  ','65.12.3','K'),(2344,'     ','65.12.4','K'),(2345,' ','65.12.5','K'),(2346,'  ,     ','65.12.6','K'),(2347,'  ,     ','65.12.9','K'),(2348,'','65.2','K'),(2349,'','65.20','K'),(2350,'   ','65.3','K'),(2351,'   ','65.30','K'),(2352,'       ','66','K'),(2353,'     ,     ','66.1','K'),(2354,'  ','66.11','K'),(2355,'      ','66.11.1','K'),(2356,'     , ,    ','66.11.2','K'),(2357,'       ','66.11.3','K'),(2358,'      ','66.11.4','K'),(2359,'     ()','66.11.5','K'),(2360,'        ','66.12','K'),(2361,'     ,         ','66.12.1','K'),(2362,'    ','66.12.2','K'),(2363,' ','66.12.3','K'),(2364,'      ,     ','66.19','K'),(2365,'       ','66.19.1','K'),(2366,'       ','66.19.3','K'),(2367,'        ','66.19.4','K'),(2368,'    ,  ','66.19.5','K'),(2369,'       ','66.19.6','K'),(2370,'      ','66.19.61','K'),(2371,'       ','66.19.62','K'),(2372,' ','66.19.7','K'),(2373,'       ','66.2','K'),(2374,'   ','66.21','K'),(2375,'    ','66.22','K'),(2376,'        ','66.29','K'),(2377,'  ','66.29.1','K'),(2378,'   ','66.29.2','K'),(2379,'     ,    ','66.29.9','K'),(2380,'   ','66.3','K'),(2381,'   ','66.30','K'),(2382,'  ','66.30.1','K'),(2383,'   ','66.30.2','K'),(2384,'     ','66.30.3','K'),(2385,'     ','66.30.4','K'),(2386,'     ','66.30.5','K'),(2387,'       ','66.30.6','K'),(2388,'     ','66.30.9','K'),(2389,'     ',' ','L'),(2390,'   ','68','L'),(2391,'     ','68.1','L'),(2392,'     ','68.10','L'),(2393,'     ','68.10.1','L'),(2394,'      ','68.10.11','L'),(2395,'      ','68.10.12','L'),(2396,'     ','68.10.2','L'),(2397,'      ','68.10.21','L'),(2398,'       ','68.10.22','L'),(2399,'    ','68.10.23','L'),(2400,'       ','68.2','L'),(2401,'       ','68.20','L'),(2402,'        ','68.20.1','L'),(2403,'        ','68.20.2','L'),(2404,'         ','68.20.21','L'),(2405,'         ','68.20.29','L'),(2406,'         ','68.3','L'),(2407,'        ','68.31','L'),(2408,'    -        ','68.31.1','L'),(2409,'    -         ','68.31.11','L'),(2410,'    -         ','68.31.12','L'),(2411,'            ','68.31.2','L'),(2412,'             ','68.31.21','L'),(2413,'             ','68.31.22','L'),(2414,'    -        ','68.31.3','L'),(2415,'    -         ','68.31.31','L'),(2416,'    -         ','68.31.32','L'),(2417,'            ','68.31.4','L'),(2418,'             ','68.31.41','L'),(2419,'             ','68.31.42','L'),(2420,'            ','68.31.5','L'),(2421,'             ','68.31.51','L'),(2422,'             ','68.31.52','L'),(2423,'        ','68.32','L'),(2424,'         ','68.32.1','L'),(2425,'         ','68.32.2','L'),(2426,'     ','68.32.3','L'),(2427,' ,   ',' ','M'),(2428,'      ','69','M'),(2429,'   ','69.1','M'),(2430,'   ','69.10','M'),(2431,'       ,    ,   ','69.2','M'),(2432,'       ,    ,   ','69.20','M'),(2433,'    ','69.20.1','M'),(2434,'       ','69.20.2','M'),(2435,'   ','69.20.3','M'),(2436,'  ;    ','70','M'),(2437,'  ','70.1','M'),(2438,'  ','70.10','M'),(2439,'   - ','70.10.1','M'),(2440,'   -','70.10.2','M'),(2441,'   ','70.2','M'),(2442,'     ','70.21','M'),(2443,'      ','70.22','M'),(2444,'     - ;  ,   ','71','M'),(2445,'   ,         ','71.1','M'),(2446,'   ','71.11','M'),(2447,'   ,     ','71.11.1','M'),(2448,'      ','71.11.2','M'),(2449,'          ','71.11.3','M'),(2450,'    , - ,   ,      ,      ','71.12','M'),(2451,',   - ,   ,      ','71.12.1','M'),(2452,'  -, -, ','71.12.11','M'),(2453,'     ,   ,  ,  ,  , ,      ,    ','71.12.12','M'),(2454,'    ,  ,       ,  ','71.12.13','M'),(2455,' -           ','71.12.14','M'),(2456,'   ','71.12.15','M'),(2457,' -,  ','71.12.2','M'),(2458,' -,          - ','71.12.3','M'),(2459,'   ','71.12.4','M'),(2460,' ,   ,    ','71.12.41','M'),(2461,' ,      ','71.12.42','M'),(2462,'  ','71.12.43','M'),(2463,'      ','71.12.44','M'),(2464,' , ,  ','71.12.45','M'),(2465,'        ,    ,  ','71.12.5','M'),(2466,'   ','71.12.51','M'),(2467,'    ','71.12.52','M'),(2468,'          ','71.12.53','M'),(2469,'           ,          ','71.12.54','M'),(2470,'           ','71.12.55','M'),(2471,'      ','71.12.56','M'),(2472,',           ','71.12.57','M'),(2473,'    , , , ,  ','71.12.6','M'),(2474,'      ','71.12.61','M'),(2475,'   ','71.12.62','M'),(2476,'   ','71.12.63','M'),(2477,'  ()     ','71.12.64','M'),(2478,'   ','71.12.65','M'),(2479,'    ','71.12.66','M'),(2480,' ','71.12.7','M'),(2481,'   -           ','71.12.8','M'),(2482,'','71.12.9','M'),(2483,' , ,   ','71.2','M'),(2484,' , ,   ','71.20','M'),(2485,'        :        ;       ,         ','71.20.1','M'),(2486,'- ','71.20.2','M'),(2487,'   -    ','71.20.3','M'),(2488,',        ,  ','71.20.4','M'),(2489,'           ','71.20.41','M'),(2490,'          ,           ','71.20.42','M'),(2491,'   ','71.20.5','M'),(2492,'  ,      ,        ,   ','71.20.6','M'),(2493,'  ,      ,        ,    ','71.20.61','M'),(2494,'       ','71.20.62','M'),(2495,'    ','71.20.7','M'),(2496,' ,   ','71.20.8','M'),(2497,'   ','71.20.81','M'),(2498,'   ,   ','71.20.89','M'),(2499,'   ,    ','71.20.9','M'),(2500,'   ','72','M'),(2501,'         ','72.1','M'),(2502,'      ','72.11','M'),(2503,'          ','72.19','M'),(2504,'    -  -            ','72.19.1','M'),(2505,'  , -  -      ','72.19.11','M'),(2506,'        ','72.19.12','M'),(2507,'      ','72.19.3','M'),(2508,'       ','72.19.4','M'),(2509,'          ,     ','72.19.9','M'),(2510,'         ','72.2','M'),(2511,'         ','72.20','M'),(2512,'       ','72.20.1','M'),(2513,'    - ','72.20.11','M'),(2514,'        ','72.20.19','M'),(2515,'       ','72.20.2','M'),(2516,'     ','73','M'),(2517,' ','73.1','M'),(2518,'  ','73.11','M'),(2519,'    ','73.12','M'),(2520,'      ','73.2','M'),(2521,'      ','73.20','M'),(2522,'  ','73.20.1','M'),(2523,'    ','73.20.2','M'),(2524,'     ','74','M'),(2525,'    ','74.1','M'),(2526,'    ','74.10','M'),(2527,'   ','74.2','M'),(2528,'   ','74.20','M'),(2529,'     ','74.3','M'),(2530,'     ','74.30','M'),(2531,' ,    ,     ','74.9','M'),(2532,' ,    ,     ','74.90','M'),(2533,'            ,   ','74.90.1','M'),(2534,',        ( ),  ,      ','74.90.2','M'),(2535,',           ()','74.90.21','M'),(2536,',         ,   ,       (  ,    )','74.90.22','M'),(2537,',                     ','74.90.23','M'),(2538,',         ,  ()','74.90.24','M'),(2539,',        , , ','74.90.25','M'),(2540,',           ,             ','74.90.26','M'),(2541,'     ','74.90.3','M'),(2542,'           ','74.90.31','M'),(2543,'        , ,   . .','74.90.32','M'),(2544,'      ','74.90.4','M'),(2545,'     ','74.90.5','M'),(2546,'   ,  ,  ,     ','74.90.6','M'),(2547,'    ','74.90.7','M'),(2548,'          ','74.90.9','M'),(2549,'     ','74.90.91','M'),(2550,'   	   ,      ','74.90.92','M'),(2551,'        ','74.90.93','M'),(2552,'    ','74.90.94','M'),(2553,'    ','74.90.95','M'),(2554,'     ','74.90.99','M'),(2555,' ','75','M'),(2556,' ','75.0','M'),(2557,' ','75.00','M'),(2558,'    ','75.00.1','M'),(2559,'    ','75.00.2','M'),(2560,'     ',' ','N'),(2561,'  ','77','N'),(2562,'    ','77.1','N'),(2563,'        ','77.11','N'),(2564,'     ','77.12','N'),(2565,'       - ','77.2','N'),(2566,'        ','77.21','N'),(2567,'   , , - (CD),   (DVD)','77.22','N'),(2568,'        - ','77.29','N'),(2569,' , ,  ,    ','77.29.1','N'),(2570,' ,     ','77.29.2','N'),(2571,'  ','77.29.3','N'),(2572,' ,           ','77.29.4','N'),(2573,'          ,   ,     ','77.29.9','N'),(2574,'         ','77.3','N'),(2575,'      ','77.31','N'),(2576,'      ','77.32','N'),(2577,'      ,   ','77.33','N'),(2578,'      ','77.33.1','N'),(2579,'      ','77.33.2','N'),(2580,'       ','77.34','N'),(2581,'       ','77.35','N'),(2582,'     ,    ,     ','77.39','N'),(2583,'        ','77.39.1','N'),(2584,'       ','77.39.11','N'),(2585,'      ','77.39.12','N'),(2586,'      ,     ','77.39.2','N'),(2587,'   ,   ','77.39.21','N'),(2588,'      ','77.39.22','N'),(2589,'   - ','77.39.23','N'),(2590,'    -      ','77.39.24','N'),(2591,'   - ','77.39.25','N'),(2592,'   ,    ,    ','77.39.26','N'),(2593,'    ','77.39.27','N'),(2594,'          ','77.39.29','N'),(2595,'     ','77.39.3','N'),(2596,'     ,   ','77.4','N'),(2597,'     ,   ','77.40','N'),(2598,'     ','78','N'),(2599,'    ','78.1','N'),(2600,'    ','78.10','N'),(2601,'    ','78.2','N'),(2602,'    ','78.20','N'),(2603,'    ','78.3','N'),(2604,'    ','78.30','N'),(2605,'     ,     ','79','N'),(2606,'    ','79.1','N'),(2607,'  ','79.11','N'),(2608,' ','79.12','N'),(2609,'      ','79.9','N'),(2610,'      ','79.90','N'),(2611,'     ','79.90.1','N'),(2612,'     ','79.90.2','N'),(2613,'       ','79.90.21','N'),(2614,'         ','79.90.22','N'),(2615,'    ,   ','79.90.3','N'),(2616,'     - ','79.90.31','N'),(2617,'    ,     ','79.90.32','N'),(2618,'      ','80','N'),(2619,'  ,    ','80.1','N'),(2620,'  ,    ','80.10','N'),(2621,'  ','80.10.1','N'),(2622,'   ','80.10.2','N'),(2623,'   ','80.10.9','N'),(2624,'   ','80.2','N'),(2625,'   ','80.20','N'),(2626,'  ','80.3','N'),(2627,'  ','80.30','N'),(2628,'     ','81','N'),(2629,'    ','81.1','N'),(2630,'    ','81.10','N'),(2631,'    ','81.2','N'),(2632,'    ','81.21','N'),(2633,'      ','81.21.1','N'),(2634,'       ','81.21.9','N'),(2635,'          ','81.22','N'),(2636,'     ','81.29','N'),(2637,', ,  ,  ','81.29.1','N'),(2638,'    ','81.29.2','N'),(2639,'     ,     ','81.29.9','N'),(2640,'    ','81.3','N'),(2641,'   ','81.30','N'),(2642,' -,      ,        ','82','N'),(2643,' -       ','82.1','N'),(2644,' -     ','82.11','N'),(2645,'              ','82.19','N'),(2646,'    ','82.2','N'),(2647,'    ','82.20','N'),(2648,'     ','82.3','N'),(2649,'     ','82.30','N'),(2650,'       ','82.30.1','N'),(2651,'   ','82.30.2','N'),(2652,'   / ','82.30.3','N'),(2653,'      ,     ','82.9','N'),(2654,'        ','82.91','N'),(2655,'   ','82.92','N'),(2656,'       ,     ','82.99','N'),(2657,'     ;  ',' ','O'),(2658,'       ,   ','84','O'),(2659,'           - ','84.1','O'),(2660,'          ','84.11','O'),(2661,'         ,   ','84.11.1','O'),(2662,'    ,             ','84.11.11','O'),(2663,'                     (, , )','84.11.12','O'),(2664,'             ','84.11.13','O'),(2665,'        ,   ,   ','84.11.2','O'),(2666,'              ','84.11.22','O'),(2667,'              ','84.11.23','O'),(2668,'        ','84.11.3','O'),(2669,'     ','84.11.31','O'),(2670,'     ','84.11.32','O'),(2671,'     ','84.11.33','O'),(2672,'     ','84.11.34','O'),(2673,'     ','84.11.35','O'),(2674,'        ','84.11.36','O'),(2675,'     ','84.11.37','O'),(2676,'        ','84.11.38','O'),(2677,'       ','84.11.4','O'),(2678,'      ','84.11.5','O'),(2679,'     ','84.11.6','O'),(2680,'    ','84.11.7','O'),(2681,' ,    ','84.11.8','O'),(2682,'     ','84.11.9','O'),(2683,'     , , -     ,   ','84.12','O'),(2684,'       ','84.13','O'),(2685,'   ','84.2','O'),(2686,' ','84.21','O'),(2687,',     ','84.22','O'),(2688,'     ','84.23','O'),(2689,'  ','84.23.1','O'),(2690,'    ','84.23.11','O'),(2691,'    ','84.23.12','O'),(2692,'    ,    ,   , ,  ,    ,   ,   ','84.23.13','O'),(2693,'  ','84.23.14','O'),(2694,'  ','84.23.15','O'),(2695,'    ','84.23.17','O'),(2696,'   ,     ','84.23.18','O'),(2697,'  ','84.23.19','O'),(2698,'    ','84.23.2','O'),(2699,'  () ','84.23.21','O'),(2700,'  ','84.23.22','O'),(2701,'    ','84.23.3','O'),(2702,'    ','84.23.31','O'),(2703,'    ','84.23.32','O'),(2704,'    ','84.23.33','O'),(2705,'     ,       ,        ','84.23.4','O'),(2706,'    ','84.23.5','O'),(2707,'      ','84.23.51','O'),(2708,'      ','84.24','O'),(2709,'      ;         ','84.25','O'),(2710,'    ','84.25.1','O'),(2711,'      ','84.25.2','O'),(2712,'        ','84.25.3','O'),(2713,'       ','84.25.9','O'),(2714,'     ','84.3','O'),(2715,'     ','84.30','O'),(2716,'',' ','P'),(2717,'','85','P'),(2718,' ','85.1','P'),(2719,' ','85.11','P'),(2720,'  ','85.12','P'),(2721,'  ','85.13','P'),(2722,'  ','85.14','P'),(2723,' ','85.2','P'),(2724,'  ','85.21','P'),(2725,' ','85.22','P'),(2726,'  - ','85.22.1','P'),(2727,'  - ','85.22.2','P'),(2728,'  - ','85.22.3','P'),(2729,'   ','85.23','P'),(2730,' ','85.3','P'),(2731,' ','85.30','P'),(2732,' ','85.4','P'),(2733,'    ','85.41','P'),(2734,'     ','85.41.1','P'),(2735,'   ','85.41.2','P'),(2736,'    ,     ','85.41.9','P'),(2737,'       ','85.41.91','P'),(2738,'     ,     ,        ','85.41.99','P'),(2739,'  ','85.42','P'),(2740,'     ','85.42.1','P'),(2741,'       ,      ','85.42.2','P'),(2742,'     ,     ','85.42.9','P'),(2743,'      ',' ','Q'),(2744,'   ','86','Q'),(2745,'  ','86.1','Q'),(2746,'  ','86.10','Q'),(2747,'   ','86.2','Q'),(2748,'  ','86.21','Q'),(2749,'  ','86.22','Q'),(2750,'   ','86.22.1','Q'),(2751,'   ','86.22.9','Q'),(2752,' ','86.23','Q'),(2753,'    ','86.9','Q'),(2754,'    ','86.90','Q'),(2755,'  - ','86.90.1','Q'),(2756,'  - ','86.90.2','Q'),(2757,'  ','86.90.3','Q'),(2758,' - ','86.90.4','Q'),(2759,'    ','86.90.5','Q'),(2760,'    ,     ','86.90.9','Q'),(2761,'     ','87','Q'),(2762,'      ','87.1','Q'),(2763,'      ','87.10','Q'),(2764,'           ,   ','87.2','Q'),(2765,'           ,   ','87.20','Q'),(2766,'         ','87.3','Q'),(2767,'         ','87.30','Q'),(2768,'      ','87.9','Q'),(2769,'      ','87.90','Q'),(2770,'     ','88','Q'),(2771,'        ','88.1','Q'),(2772,'        ','88.10','Q'),(2773,'      ','88.9','Q'),(2774,'      ','88.91','Q'),(2775,'      ,     ','88.99','Q'),(2776,'   , ,    ',' ','R'),(2777,' ,       ','90','R'),(2778,' ,       ','90.0','R'),(2779,'    ','90.01','R'),(2780,' ,    ','90.02','R'),(2781,'    ','90.03','R'),(2782,' ','90.03.1','R'),(2783,' ','90.03.2','R'),(2784,'     ','90.03.9','R'),(2785,'    ','90.04','R'),(2786,'  , ,  , -,    ','90.04.1','R'),(2787,'         ','90.04.2','R'),(2788,'   : ,    ,   ','90.04.3','R'),(2789,' , ,     ','91','R'),(2790,' , ,     ','91.0','R'),(2791,'   ','91.01','R'),(2792,' ','91.02','R'),(2793,'      ,  ','91.03','R'),(2794,'  , ,      ','91.04','R'),(2795,' ','91.04.1','R'),(2796,'    (   )','91.04.2','R'),(2797,'  ','91.04.3','R'),(2798,'  ','91.04.4','R'),(2799,'  ','91.04.5','R'),(2800,'     ','91.04.6','R'),(2801,'         ,     ','92','R'),(2802,'         ','92.1','R'),(2803,' ','92.11','R'),(2804,'   ','92.12','R'),(2805,'    ','92.13','R'),(2806,'     ','92.2','R'),(2807,'  ','92.21','R'),(2808,'  ','92.22','R'),(2809,'   ','92.23','R'),(2810,'   ,   ','93','R'),(2811,'   ','93.1','R'),(2812,'  ','93.11','R'),(2813,'  ','93.12','R'),(2814,' -','93.13','R'),(2815,'    ','93.19','R'),(2816,'     ','93.2','R'),(2817,'       ','93.21','R'),(2818,'      ','93.29','R'),(2819,'    ','93.29.1','R'),(2820,' , ,  ','93.29.2','R'),(2821,'  (, ),  ..  ','93.29.3','R'),(2822,'  ','93.29.4','R'),(2823,' - ,     ','93.29.9','R'),(2824,'   ',' ','S'),(2825,'     ','94','S'),(2826,'      ','94.1','S'),(2827,'    ','94.11','S'),(2828,'   ','94.12','S'),(2829,'  ','94.2','S'),(2830,'  ','94.20','S'),(2831,'     ','94.9','S'),(2832,'  ','94.91','S'),(2833,' ','94.91.1','S'),(2834,'   ,     ','94.91.9','S'),(2835,'  ','94.92','S'),(2836,'      ,     ','94.99','S'),(2837,'  ','94.99.1','S'),(2838,'     ','94.99.2','S'),(2839,'    ,      , ,       ','94.99.21','S'),(2840,'      ','94.99.29','S'),(2841,'      ','94.99.3','S'),(2842,'          ','94.99.4','S'),(2843,'  ','94.99.5','S'),(2844,'       ','94.99.6','S'),(2845,'       ','94.99.7','S'),(2846,'      ,     ,     ','94.99.9','S'),(2847,' ,     - ','95','S'),(2848,'    ','95.1','S'),(2849,'     ','95.11','S'),(2850,'  ','95.12','S'),(2851,'     - ','95.2','S'),(2852,'   ','95.21','S'),(2853,'  ,    ','95.22','S'),(2854,'  ','95.22.1','S'),(2855,'    ','95.22.2','S'),(2856,'      ','95.23','S'),(2857,'     ','95.24','S'),(2858,' ','95.24.1','S'),(2859,'   ','95.24.2','S'),(2860,'    ','95.25','S'),(2861,' ','95.25.1','S'),(2862,'  ','95.25.2','S'),(2863,'       ','95.29','S'),(2864,'    ','95.29.1','S'),(2865,' ','95.29.11','S'),(2866,'  ','95.29.12','S'),(2867,'  ','95.29.13','S'),(2868,'    ','95.29.2','S'),(2869,'     ','95.29.3','S'),(2870,'     ','95.29.4','S'),(2871,'     ','95.29.41','S'),(2872,'  , ,  ,  ','95.29.42','S'),(2873,' ,    , , , ,   ..','95.29.43','S'),(2874,'   ','95.29.5','S'),(2875,' ','95.29.6','S'),(2876,'     (     )','95.29.7','S'),(2877,'       ,     ','95.29.9','S'),(2878,'     ','96','S'),(2879,'     ','96.0','S'),(2880,'       ','96.01','S'),(2881,'     ','96.02','S'),(2882,'  ','96.02.1','S'),(2883,'      ','96.02.2','S'),(2884,'       ','96.03','S'),(2885,' - ','96.04','S'),(2886,'   ,     ','96.09','S'),(2887,'                 ,   ','96.09.1','S'),(2888,'   ,     ,           ','96.09.9','S'),(2889,'    ;              ',' ','T'),(2890,'     ','97','T'),(2891,'     ','97.0','T'),(2892,'     ','97.00','T'),(2893,'             ','98','T'),(2894,'          ','98.1','T'),(2895,'          ','98.10','T'),(2896,'          ','98.2','T'),(2897,'          ','98.20','T'),(2898,'    ',' ','U'),(2899,'    ','99','U'),(2900,'    ','99.0','U'),(2901,'    ','99.00','U');
/*!40000 ALTER TABLE `okveds` ENABLE KEYS */;
UNLOCK TABLES;

--
-- Table structure for table `p2p_ads`
--

DROP TABLE IF EXISTS `p2p_ads`;
/*!40101 SET @saved_cs_client     = @@character_set_client */;
/*!40101 SET character_set_client = utf8 */;
CREATE TABLE `p2p_ads` (
  `id` int(11) NOT NULL AUTO_INCREMENT,
  `user_id` int(11) NOT NULL,
  `chart_id` int(11) NOT NULL,
  `wallet_id` int(11) NOT NULL,
  `currency_id` int(11) NOT NULL,
  `type` int(11) NOT NULL,
  `min_limit` decimal(27,8) NOT NULL,
  `amount` decimal(27,8) NOT NULL,
  `course` decimal(27,8) NOT NULL,
  `date` int(11) NOT NULL,
  `status` int(11) NOT NULL DEFAULT 0,
  `uuid` varchar(20) DEFAULT NULL,
  `duration` int(11) DEFAULT NULL,
  `start_amount` decimal(27,8) DEFAULT NULL,
  `max_limit` decimal(27,8) DEFAULT NULL,
  `description` varchar(255) DEFAULT NULL,
  PRIMARY KEY (`id`),
  UNIQUE KEY `uuid` (`uuid`)
) ENGINE=InnoDB AUTO_INCREMENT=35 DEFAULT CHARSET=utf8mb4 COLLATE=utf8mb4_general_ci;
/*!40101 SET character_set_client = @saved_cs_client */;

--
-- Dumping data for table `p2p_ads`
--

LOCK TABLES `p2p_ads` WRITE;
/*!40000 ALTER TABLE `p2p_ads` DISABLE KEYS */;
INSERT INTO `p2p_ads` VALUES (1,356,259,42,1,1,500.00000000,20.00000000,90.86000000,1709731318,9,'175638168',1800,100.00000000,1000000.00000000,'  '),(2,556,259,135,1,1,500.00000000,20.00000000,90.88000000,1709748351,9,'365574287',1800,25.00000000,1000000.00000000,'e21e21'),(3,438,259,89,1,2,500.00000000,403.08454425,90.84000000,1709891835,5,'779605508',1800,555.00000000,50416.20000000,''),(4,558,259,139,1,2,500.00000000,0.00000000,90.83000000,1709892189,5,'946338594',900,10.00000000,908.30000000,'Hdheje'),(5,560,259,141,1,1,500.00000000,500.00000000,91.10000000,1709991562,-1,'899468989',900,500.00000000,1000000.00000000,'Nccgh'),(6,562,259,145,1,2,500.00000000,0.00000000,91.06000000,1710078551,5,'308491487',1800,1000.00000000,91060.00000000,'  '),(7,356,259,42,1,2,500.00000000,0.00000000,91.07000000,1710085037,9,'831114916',900,500.00000000,4000.00000000,''),(8,356,259,42,1,2,500.00000000,0.00000000,91.07000000,1710085527,5,'946100336',900,100.00000000,7000.00000000,''),(9,429,259,126,1,1,500.00000000,1000.00000000,91.09000000,1710086961,9,'781326212',900,1000.00000000,1000000.00000000,'222'),(10,562,259,145,1,1,500.00000000,1000.00000000,91.06000000,1710092067,-1,'414579474',900,1000.00000000,90000.00000000,'   2'),(11,562,259,145,1,2,500.00000000,0.00000000,91.06000000,1710092123,9,'377936713',1800,1000.00000000,91060.00000000,' 3'),(12,525,259,103,1,1,500.00000000,1000.00000000,1000.00000000,1710174478,9,'912680767',1800,1000.00000000,1000000.00000000,' '),(13,541,259,123,1,2,500.00000000,1969.69696970,99.00000000,1710174497,5,'636701709',1800,2000.00000000,2000.00000000,' '),(14,560,259,141,1,2,500.00000000,44.54148472,91.60000000,1710416116,5,'228980232',900,50.00000000,4580.00000000,'5'),(15,438,259,89,1,2,500.00000000,0.00000000,91.40000000,1710436640,9,'965895831',900,500.00000000,45700.00000000,'eq'),(16,438,258,111,1,2,500.00000000,0.00000000,6499662.37000000,1710436724,9,'634349582',1800,0.00010000,649.96623700,'weqwe'),(17,464,259,87,1,1,500.00000000,7.84997819,91.72000000,1710494680,9,'850626976',900,1000.00000000,91000.00000000,' 1'),(18,464,259,87,1,2,500.00000000,0.00000000,91.73000000,1710494723,9,'446803963',900,1000.00000000,91730.00000000,' 2'),(19,557,259,137,1,1,500.00000000,1000.00000000,91.73000000,1710496388,-1,'514567253',1800,1000.00000000,1000000.00000000,' 3'),(20,464,259,87,1,1,500.00000000,1000.00000000,91.69000000,1710496695,9,'955219286',900,1000.00000000,1000000.00000000,'Test4'),(21,573,259,150,1,2,500.00000000,0.00000000,97.00000000,1711617371,9,'289889078',900,500.00000000,46040.00000000,'     '),(22,438,259,89,1,2,500.00000000,594.58229494,92.29000000,1712494123,5,'742391915',1800,600.00000000,55374.00000000,''),(23,356,259,42,1,1,500.00000000,100.00000000,93.52000000,1712833715,9,'953020858',900,100.00000000,1000000.00000000,'upo\'u'),(24,580,259,156,1,1,500.00000000,0.00000000,89.23000000,1716831215,9,'206583685',900,100.00000000,1000000.00000000,''),(25,438,259,89,1,2,500.00000000,979.58085846,89.23000000,1716831542,5,'777981333',1800,1000.00000000,89230.00000000,'test test'),(26,438,259,89,1,2,500.00000000,77.58852532,89.24000000,1716836563,5,'586341084',1800,100.00000000,8924.00000000,'uuu'),(27,580,259,156,1,1,500.00000000,1000.00000000,88.71000000,1716886568,-1,'925801237',900,1000.00000000,1000000.00000000,''),(28,580,259,156,1,1,500.00000000,1000.00000000,88.73000000,1716886671,-1,'458468762',900,1000.00000000,1000000.00000000,' '),(29,581,259,157,1,2,500.00000000,0.00000000,88.75000000,1716887285,9,'465198180',900,11.00000000,976.25000000,''),(30,581,259,157,1,1,500.00000000,266.00000000,88.99000000,1716901759,-1,'137847782',1800,266.00000000,1000000.00000000,'sfdfs'),(31,580,259,156,1,1,500.00000000,0.00000000,50.00000000,1716901922,9,'815794412',1800,4.45000000,1000000.00000000,'asddasa'),(32,580,259,156,1,1,500.00000000,4.40000000,200.00000000,1716901968,9,'338791483',1800,4.45000000,1000000.00000000,'asdad'),(33,464,259,87,1,2,500.00000000,273.45278355,89.49000000,1717013816,5,'592827157',900,279.04000000,24971.28960000,''),(34,579,259,4,1,1,500.00000000,0.00000000,91.88000000,1718362441,9,'847827433',1800,100000.00000000,1000000.00000000,'    ');
/*!40000 ALTER TABLE `p2p_ads` ENABLE KEYS */;
UNLOCK TABLES;

--
-- Table structure for table `p2p_history`
--

DROP TABLE IF EXISTS `p2p_history`;
/*!40101 SET @saved_cs_client     = @@character_set_client */;
/*!40101 SET character_set_client = utf8 */;
CREATE TABLE `p2p_history` (
  `id` int(11) NOT NULL AUTO_INCREMENT,
  `p2p_ads_id` int(11) NOT NULL,
  `author_id` int(11) NOT NULL,
  `payment_id` int(11) NOT NULL DEFAULT 0,
  `start_date` int(11) NOT NULL,
  `end_date` int(11) NOT NULL,
  `price` decimal(27,8) NOT NULL,
  `status` int(11) NOT NULL DEFAULT 0,
  `creator_id` int(11) NOT NULL,
  `description_id` int(11) DEFAULT 0,
  PRIMARY KEY (`id`)
) ENGINE=InnoDB AUTO_INCREMENT=71 DEFAULT CHARSET=utf8mb4 COLLATE=utf8mb4_general_ci;
/*!40101 SET character_set_client = @saved_cs_client */;

--
-- Dumping data for table `p2p_history`
--

LOCK TABLES `p2p_history` WRITE;
/*!40000 ALTER TABLE `p2p_history` DISABLE KEYS */;
INSERT INTO `p2p_history` VALUES (1,1,429,5,1709733935,1709735735,50.00000000,4,356,0),(2,1,429,5,1709734224,1709736024,30.00000000,4,356,0),(3,2,438,8,1709748387,1709750187,25.00000000,7,556,0),(4,2,438,8,1709889131,1709890931,6.00000000,7,556,0),(5,3,558,1000,1709891861,1709893661,5.50418318,4,438,0),(6,3,558,1000,1709892087,1709893887,6.60501982,4,438,0),(7,4,438,1000,1709892206,1709893106,5.50478917,5,558,0),(8,3,559,1000,1709892658,1709894458,7.70585645,4,438,0),(9,3,559,1000,1709893124,1709894924,5.50418318,4,438,0),(10,3,560,1000,1709907195,1709908995,110.08366358,4,438,0),(11,3,560,1000,1709993212,1709995012,5.50418318,4,438,0),(12,6,561,1000,1710078580,1710080380,1000.00000000,7,562,0),(13,6,438,1000,1710080655,1710082455,1000.00000000,7,562,0),(14,6,438,1000,1710083160,1710084960,1000.00000000,5,562,0),(15,7,429,1000,1710085137,1710086037,43.92225760,4,356,0),(16,8,429,1000,1710085589,1710086489,21.96112880,6,356,4),(17,8,429,1000,1710086575,1710087475,21.96003075,6,356,5),(18,9,356,5,1710087150,1710088050,934.00000000,6,429,5),(19,9,356,5,1710087485,1710088385,1000.00000000,6,429,4),(20,9,356,5,1710088078,1710088978,1000.00000000,6,429,3),(21,8,438,1000,1710091684,1710092584,21.96003075,5,356,0),(22,11,561,1000,1710092143,1710093943,1000.00000000,7,562,0),(23,13,525,1000,1710174562,1710176362,10.10101010,5,541,0),(24,12,541,32,1710174570,1710176370,1000.00000000,7,525,0),(25,13,563,1000,1710175019,1710176819,20.20202020,5,541,0),(26,2,438,8,1710275600,1710277400,6.00000000,7,556,0),(27,3,470,1000,1710401035,1710402835,11.00836636,6,438,6),(28,3,470,1000,1710402803,1710404603,11.00836636,5,438,0),(29,2,438,8,1710414636,1710416436,20.00000000,7,556,0),(30,14,438,1000,1710416201,1710417101,5.45851528,5,560,0),(31,18,557,1000,1710494925,1710495825,1000.00000000,6,464,6),(32,18,557,1000,1710495101,1710496001,10.90155892,4,464,0),(33,17,557,32,1710496005,1710496905,992.15002181,4,464,0),(34,20,557,32,1710496737,1710497637,1000.00000000,7,464,0),(35,5,438,7,1710770806,1710771706,22.00000000,7,560,0),(36,5,438,7,1710858696,1710859596,20.00000000,7,560,0),(37,21,502,1000,1711619745,1711620645,10.30927835,4,573,0),(38,15,464,1000,1711992155,1711993055,500.00000000,7,438,0),(39,5,438,7,1712492228,1712493128,10.00000000,7,560,0),(40,22,560,1000,1712494500,1712496300,5.41770506,5,438,0),(41,23,438,5,1716830539,1716831439,6.00000000,7,356,0),(42,19,438,32,1716830581,1716832381,6.00000000,7,557,0),(43,5,438,7,1716831270,1716832170,6.00000000,7,560,0),(44,25,580,1000,1716831571,1716833371,11.20699316,7,438,0),(45,25,580,1000,1716833624,1716835424,9.21214838,5,438,0),(46,25,464,1000,1716834004,1716835804,11.20699316,5,438,0),(47,26,580,1000,1716836597,1716838397,11.20573734,7,438,0),(48,26,560,1000,1716839067,1716840867,5.60286867,7,438,0),(49,26,580,1000,1716842214,1716844014,11.20573734,7,438,0),(50,24,438,32,1716842455,1716843355,6.00000000,7,580,0),(51,26,580,1000,1716880579,1716882379,11.20573734,7,438,0),(52,26,580,1000,1716884008,1716885808,11.20573734,7,438,0),(53,26,581,1000,1716887010,1716888810,11.20573734,4,438,0),(54,26,580,1000,1716887182,1716888982,11.20573734,7,438,0),(55,29,580,1000,1716887327,1716888227,6.76056338,7,581,0),(56,26,580,1000,1716893050,1716894850,11.20573734,7,438,0),(57,26,580,1000,1716897202,1716899002,11.20573734,7,438,0),(58,26,580,1000,1716901438,1716903238,11.20573734,5,438,0),(59,32,581,32,1716902019,1716903819,4.40000000,6,580,6),(60,32,581,32,1716902991,1716904791,4.40000000,6,580,6),(61,32,581,32,1716903558,1716905358,4.40000000,7,580,0),(62,23,464,5,1716924065,1716924965,100.00000000,7,356,0),(63,19,464,32,1716996091,1716997891,500.00000000,7,557,0),(64,19,464,32,1717005078,1717006878,500.00000000,7,557,0),(65,19,464,32,1717011106,1717012906,500.00000000,7,557,0),(66,33,474,1000,1717013857,1717014757,5.58721645,7,464,0),(67,33,474,1000,1717081215,1717082115,11.17443290,7,464,0),(68,33,582,1000,1717303214,1717304114,5.58721645,7,464,0),(69,33,582,1000,1717856531,1717857431,5.58721645,5,464,0),(70,19,464,32,1718201825,1718203625,14.97000000,7,557,0);
/*!40000 ALTER TABLE `p2p_history` ENABLE KEYS */;
UNLOCK TABLES;

--
-- Table structure for table `p2p_payment`
--

DROP TABLE IF EXISTS `p2p_payment`;
/*!40101 SET @saved_cs_client     = @@character_set_client */;
/*!40101 SET character_set_client = utf8 */;
CREATE TABLE `p2p_payment` (
  `id` int(11) NOT NULL AUTO_INCREMENT,
  `p2p_ads_id` int(11) NOT NULL,
  `payment_id` int(11) NOT NULL,
  `user_id` int(11) NOT NULL,
  PRIMARY KEY (`id`)
) ENGINE=InnoDB AUTO_INCREMENT=45 DEFAULT CHARSET=utf8mb4 COLLATE=utf8mb4_general_ci;
/*!40101 SET character_set_client = @saved_cs_client */;

--
-- Dumping data for table `p2p_payment`
--

LOCK TABLES `p2p_payment` WRITE;
/*!40000 ALTER TABLE `p2p_payment` DISABLE KEYS */;
INSERT INTO `p2p_payment` VALUES (1,1,5,356),(2,2,8,556),(3,3,33,438),(4,3,6,438),(5,3,32,438),(6,3,10,438),(7,4,6,558),(8,5,7,560),(9,6,32,562),(10,7,5,356),(11,8,1976,356),(12,9,5,429),(13,10,32,562),(14,11,32,562),(16,12,32,525),(17,13,32,541),(18,14,7,560),(19,15,32,438),(20,16,33,438),(21,16,6,438),(22,17,32,464),(23,18,32,464),(24,19,32,557),(25,20,32,464),(26,21,32,573),(27,22,10,438),(28,22,33,438),(29,22,32,438),(30,23,5,356),(31,24,32,580),(32,25,32,438),(33,25,33,438),(34,25,10,438),(35,26,33,438),(36,26,32,438),(37,27,32,580),(38,28,5,580),(39,29,32,581),(40,30,32,581),(41,31,32,580),(42,32,32,580),(43,33,32,464),(44,34,32,579);
/*!40000 ALTER TABLE `p2p_payment` ENABLE KEYS */;
UNLOCK TABLES;

--
-- Table structure for table `payment_desc`
--

DROP TABLE IF EXISTS `payment_desc`;
/*!40101 SET @saved_cs_client     = @@character_set_client */;
/*!40101 SET character_set_client = utf8 */;
CREATE TABLE `payment_desc` (
  `id` int(11) NOT NULL AUTO_INCREMENT,
  `text` varchar(255) DEFAULT NULL,
  PRIMARY KEY (`id`)
) ENGINE=InnoDB AUTO_INCREMENT=7 DEFAULT CHARSET=utf8mb4 COLLATE=utf8mb4_general_ci;
/*!40101 SET character_set_client = @saved_cs_client */;

--
-- Dumping data for table `payment_desc`
--

LOCK TABLES `payment_desc` WRITE;
/*!40000 ALTER TABLE `payment_desc` DISABLE KEYS */;
INSERT INTO `payment_desc` VALUES (1,' ()  '),(2,' ,       '),(3,'   '),(4,'  ()  '),(5,'  (),   '),(6,'');
/*!40000 ALTER TABLE `payment_desc` ENABLE KEYS */;
UNLOCK TABLES;

--
-- Table structure for table `payment_status`
--

DROP TABLE IF EXISTS `payment_status`;
/*!40101 SET @saved_cs_client     = @@character_set_client */;
/*!40101 SET character_set_client = utf8 */;
CREATE TABLE `payment_status` (
  `id` int(11) NOT NULL AUTO_INCREMENT,
  `title` varchar(45) DEFAULT NULL,
  `status_id` int(11) DEFAULT NULL,
  `type` int(11) DEFAULT NULL,
  PRIMARY KEY (`id`)
) ENGINE=InnoDB AUTO_INCREMENT=31 DEFAULT CHARSET=utf8mb4 COLLATE=utf8mb4_general_ci;
/*!40101 SET character_set_client = @saved_cs_client */;

--
-- Dumping data for table `payment_status`
--

LOCK TABLES `payment_status` WRITE;
/*!40000 ALTER TABLE `payment_status` DISABLE KEYS */;
INSERT INTO `payment_status` VALUES (1,' ',0,0),(2,'',1,0),(3,' ',0,1),(4,'',1,1),(5,' ',0,2),(6,'',1,2),(7,' ',0,3),(8,'',1,3),(9,' ',0,4),(10,'',1,4),(11,' ',0,5),(12,'',1,5),(13,' ',0,6),(14,'',1,6),(15,' ',0,10),(16,'',1,10),(17,'',2,10),(18,' ',0,11),(19,'',1,11),(20,'',2,11),(21,'',-1,12),(22,' ',0,12),(23,'',1,12),(24,'',2,12),(25,'',3,12),(26,'',4,12),(27,'',5,12),(28,' ',0,13),(29,'',1,13),(30,'',2,13);
/*!40000 ALTER TABLE `payment_status` ENABLE KEYS */;
UNLOCK TABLES;

--
-- Table structure for table `payment_type`
--

DROP TABLE IF EXISTS `payment_type`;
/*!40101 SET @saved_cs_client     = @@character_set_client */;
/*!40101 SET character_set_client = utf8 */;
CREATE TABLE `payment_type` (
  `id` int(11) NOT NULL AUTO_INCREMENT,
  `active` int(11) NOT NULL DEFAULT 1,
  `currency_id` int(11) NOT NULL,
  `name` varchar(255) NOT NULL,
  PRIMARY KEY (`id`)
) ENGINE=InnoDB AUTO_INCREMENT=2002 DEFAULT CHARSET=utf8mb4 COLLATE=utf8mb4_general_ci;
/*!40101 SET character_set_client = @saved_cs_client */;

--
-- Dumping data for table `payment_type`
--

LOCK TABLES `payment_type` WRITE;
/*!40000 ALTER TABLE `payment_type` DISABLE KEYS */;
INSERT INTO `payment_type` VALUES (4,0,1,'QIWI'),(5,1,1,'money'),(6,1,1,'MTS-Bank'),(7,1,1,'Home Credit Bank (Russia)'),(8,1,1,'Post Bank'),(9,1,1,'BinancePay (RUB)'),(10,1,1,'Payeer'),(11,1,1,'Uralsib Bank'),(12,1,1,'Ak Bars Bank'),(13,1,1,'BCS Bank'),(14,1,1,'Mobile top-up'),(15,1,1,'Advcash'),(16,1,1,'Renaissance Credit Bank'),(17,1,1,'Russian Standard Bank'),(18,1,1,'OTP'),(19,1,1,'Bank Saint-Petersburg'),(20,1,1,'UniCredit'),(21,1,1,'Credit Europe Bank (Russia)'),(22,1,1,'Bank Transfer'),(23,1,1,'Citibank (Russia)'),(24,1,1,'Raiffeisen Bank Aval'),(25,1,1,'Cash in Person'),(26,1,1,'A-Bank'),(27,1,1,'Transfers with specific bank'),(28,1,1,'Privat Bank (Universal Card)'),(29,1,1,'Alfa-bank'),(30,1,1,'Cash Deposit to Bank'),(31,1,1,'SBP - Fast Bank Transfer'),(32,1,1,'Sberbank'),(33,1,1,'VTB Bank'),(34,1,2,'Wise'),(35,1,2,'Revolut'),(36,1,2,'SEPA Instant'),(37,1,2,'SEPA (EU) bank transfer'),(38,1,2,'Paysera'),(39,1,2,'ZEN'),(40,1,2,'Bank Transfer'),(41,1,2,'N26'),(42,1,2,'BBVA'),(43,1,2,'Advcash'),(44,1,2,'Bizum'),(45,1,2,'Skrill (Moneybookers)'),(46,1,2,'Monobank'),(47,1,2,'MAIB'),(48,1,2,'Privat Bank (Universal Card)'),(49,1,2,'Bunq'),(50,1,2,'Payeer'),(51,1,2,'ING'),(52,1,2,'CaixaBank (Spain)'),(53,1,2,'ABN AMRO'),(54,1,2,'Banco Santander (Spain)'),(55,1,2,'MICB'),(56,1,2,'Bank of Georgia'),(57,1,2,'Kapitalbank'),(58,1,2,'Perfect Money'),(59,1,2,'Transfers with specific bank'),(60,1,2,'Kaspi Bank'),(61,1,2,'International Wire (SWIFT)'),(62,1,2,'Tinkoff'),(63,1,2,'Raiffeisenbank'),(64,1,2,'Banco Sabadell (Spain)'),(65,1,2,'Halyk Bank'),(66,1,2,'TBC Bank'),(67,1,2,'VakifBank'),(68,1,2,'DenizBank'),(69,1,2,'Jysan Bank'),(70,1,2,'Optima Bank'),(71,1,2,'Postepay'),(72,1,2,'A-Bank'),(73,1,2,'PriorBank'),(74,1,2,'NETELLER'),(75,1,2,'Paysend.com'),(76,1,2,'Victoriabank'),(77,1,2,'Altyn Bank'),(78,1,2,'Cash Deposit to Bank'),(79,1,2,'ForteBank'),(80,1,2,'Bank Transfer (Turkey)'),(81,1,2,'MTBank'),(82,1,2,'Ziraat'),(83,1,2,'UniCredit'),(84,1,2,'BNP Paribas'),(85,1,2,'OTP Bank'),(86,1,2,'PUMB'),(87,1,2,'AirTM'),(88,1,2,'Raiffeisen Bank Aval'),(89,1,2,'RosBank'),(90,1,2,'Bakai Bank'),(91,1,2,'Dukascopy Bank'),(92,1,2,'Western Union'),(93,1,2,'La Banque postale'),(94,1,2,'Millennium'),(95,1,2,'CenterCredit Bank'),(96,1,2,'Kuveyt Turk'),(97,1,2,'Ukrsibbank'),(98,1,2,'Ameriabank'),(99,1,2,'Credo Bank'),(100,1,2,'Credit Agricole'),(101,1,2,'FinComBank'),(102,1,2,'DemirBank'),(103,1,2,'IDBank'),(104,1,2,'Inecobank'),(105,1,2,'Papara'),(106,1,2,'QIWI'),(107,1,2,'ABB Bank'),(108,1,2,'Blik'),(109,1,2,'Societe Generale'),(110,1,2,'Unibank'),(111,1,2,'Garanti'),(112,1,2,'BANK'),(113,1,2,'K&H Bank'),(114,1,2,'KoronaPay'),(115,1,2,'Moneygram'),(116,1,2,'Santander Poland'),(117,1,2,'Liberty Bank'),(118,1,2,'Vivid Money'),(119,1,2,'Caisse dEpargne'),(120,1,2,'Erste Bank'),(121,1,2,'Oschadbank'),(122,1,2,'Agrobank'),(123,1,2,'Cash in Person'),(124,1,2,'MONETA Money Bank'),(125,1,2,'QNB'),(126,1,2,'Alior Bank'),(127,1,2,'esk spoitelna'),(128,1,2,'Credit Bank of Peru'),(129,1,2,'Eurasian Bank'),(130,1,2,'Monzo'),(131,1,2,'OTP'),(132,1,2,'Akbank'),(133,1,2,'Apple Pay'),(134,1,2,'DSK Bank'),(135,1,2,'Fio banka'),(136,1,2,'Idea Bank'),(137,1,2,'PKO Bank'),(138,1,2,'Asaka Bank'),(139,1,2,'Bank Transfer (Romania)'),(140,1,2,'Banco de Credito'),(141,1,2,'Banesco Panama'),(142,1,2,'Ipoteka Bank'),(143,1,2,'KICB'),(144,1,2,'Pasha Bank'),(145,1,2,'Paritet Bank'),(146,1,2,'Payall'),(147,1,2,'Statusbank'),(148,1,2,'UniCredit Bulbank'),(149,1,2,'Uphold'),(150,1,2,'alBaraka'),(151,1,2,'ABA'),(152,1,2,'Banco General Panama'),(153,1,2,'Bank Pekao'),(154,1,2,'Bank Transfer (Middle East)'),(155,1,2,'BOS Bank'),(156,1,2,'CIH Bank'),(157,1,2,'Commercial bank Kyrgyzstan'),(158,1,2,'SOB'),(159,1,2,'EQ Bank'),(160,1,2,'HalkBank'),(161,1,2,'Interbank'),(162,1,2,'PayMe'),(163,1,2,'Post Bank'),(164,1,2,'BinancePay (RUB)'),(165,1,2,'Russian Standard Bank'),(166,1,2,'Sofort'),(167,1,2,'Trans Bank'),(168,1,2,'United Bulgarian Bank (UBB)'),(169,1,2,'ACLEDA'),(170,1,2,'Aiyl Bank'),(171,1,2,'Alipay'),(172,1,2,'Allied Bank Limited, Wholesale Branch'),(173,1,2,'ArCA'),(174,1,2,'ArmEconomBank'),(175,1,2,'Asia United Bank'),(176,1,2,'Azer Turk Bank'),(177,1,2,'BasisBank'),(178,1,2,'BCEL'),(179,1,2,'Bancolombia S.A'),(180,1,2,'Bancontact'),(181,1,2,'Banesco'),(182,1,2,'Bank Transfer (India)'),(183,1,2,'Bank of America'),(184,1,2,'CalBank'),(185,1,2,'Cash app'),(186,1,2,'Easypaisa-PK Only'),(187,1,2,'Fibabanka'),(188,1,2,'Freedom Bank'),(189,1,2,'Humo'),(190,1,2,'IMPS'),(191,1,2,'Lloyds Bank'),(192,1,2,'MKB Bank'),(193,1,2,'NayaPay'),(194,1,2,'Nequi'),(195,1,2,'Paytm'),(196,1,2,'PhonePe'),(197,1,2,'Pix'),(198,1,2,'RSK Bank'),(199,1,2,'Raast'),(200,1,2,'Satispay'),(201,1,2,'Standard Chartered Bank'),(202,1,2,'Transferencia ACH (Panam)'),(203,1,2,'BinancePay (UAH)'),(204,1,2,'UPI'),(205,1,2,'Zinli'),(206,1,2,'mBank'),(207,1,3,'Wise'),(208,1,3,'Zelle'),(209,1,3,'AirTM'),(210,1,3,'Skrill (Moneybookers)'),(211,1,3,'Revolut'),(212,1,3,'Banco Pichincha'),(213,1,3,'Perfect Money'),(214,1,3,'Bank Transfer'),(215,1,3,'Bank of Georgia'),(216,1,3,'Zinli'),(217,1,3,'Advcash'),(218,1,3,'Payeer'),(219,1,3,'Privat Bank (Universal Card)'),(220,1,3,'Banco Guayaquil'),(221,1,3,'NETELLER'),(222,1,3,'TBC Bank'),(223,1,3,'Bank of America'),(224,1,3,'Banesco Panama'),(225,1,3,'Monobank'),(226,1,3,'Credit Bank of Peru'),(227,1,3,'Produbanco'),(228,1,3,'ABA'),(229,1,3,'Tinkoff'),(230,1,3,'Western Union'),(231,1,3,'Kapitalbank'),(232,1,3,'MAIB'),(233,1,3,'Interbank'),(234,1,3,'MICB'),(235,1,3,'M-PESA Kenya (Safaricom)'),(236,1,3,'Banco de Credito'),(237,1,3,'International Wire (SWIFT)'),(238,1,3,'Mercantil Bank Panama'),(239,1,3,'Banco General Panama'),(240,1,3,'BBVA'),(241,1,3,'Cash app'),(242,1,3,'Mony'),(243,1,3,'Prex'),(244,1,3,'Moneygram'),(245,1,3,'Bank Transfer (Argentina)'),(246,1,3,'Kaspi Bank'),(247,1,3,'Transfers with specific bank'),(248,1,3,'Victoriabank'),(249,1,3,'Banco del pacifico'),(250,1,3,'DenizBank'),(251,1,3,'Uphold'),(252,1,3,'Banco Bolivariano'),(253,1,3,'VakifBank'),(254,1,3,'Halyk Bank'),(255,1,3,'BAC Costa Rica'),(256,1,3,'Bank Transfer (Turkey)'),(257,1,3,'ACLEDA'),(258,1,3,'Scotiabank Peru'),(259,1,3,'ZEN'),(260,1,3,'Altyn Bank'),(261,1,3,'A-Bank'),(262,1,3,'Credo Bank'),(263,1,3,'Banco de Costa Rica'),(264,1,3,'M-pesa Paybill'),(265,1,3,'Ameriabank'),(266,1,3,'Cash Deposit to Bank'),(267,1,3,'ForteBank'),(268,1,3,'Jysan Bank'),(269,1,3,'UPI'),(270,1,3,'Bank Transfer (Costa Rica)'),(271,1,3,'CenterCredit Bank'),(272,1,3,'Ita Uruguay'),(273,1,3,'Optima Bank'),(274,1,3,'PUMB'),(275,1,3,'Raiffeisenbank'),(276,1,3,'Ziraat'),(277,1,3,'Payall'),(278,1,3,'Banco Brubank'),(279,1,3,'Paytm'),(280,1,3,'Transferencia Bancaria Costa Rica'),(281,1,3,'Unibank'),(282,1,3,'Wing Money'),(283,1,3,'Bakai Bank'),(284,1,3,'Bank Transfer (Cambodia)'),(285,1,3,'Banco Santander Uruguay'),(286,1,3,'RosBank'),(287,1,3,'DemirBank'),(288,1,3,'Google Pay (GPay)'),(289,1,3,'IMPS'),(290,1,3,'Banistmo Panama'),(291,1,3,'Bank of the Republic of Uruguay'),(292,1,3,'KHQR'),(293,1,3,'PhonePe'),(294,1,3,'PriorBank'),(295,1,3,'MTN Mobile Money'),(296,1,3,'M-pesa (Vodafone)'),(297,1,3,'Cash in Person'),(298,1,3,'Facebank International'),(299,1,3,'IDBank'),(300,1,3,'OTP Bank'),(301,1,3,'Bakong'),(302,1,3,'FinComBank'),(303,1,3,'Reba'),(304,1,3,'Kuveyt Turk'),(305,1,3,'Easypaisa-PK Only'),(306,1,3,'KoronaPay'),(307,1,3,'Venmo'),(308,1,3,'Davivienda S.A'),(309,1,3,'BANK'),(310,1,3,'Nequi'),(311,1,3,'PayMe'),(312,1,3,'Paysera'),(313,1,3,'SadaPay'),(314,1,3,'Banco del Sol'),(315,1,3,'Bank Transfer (India)'),(316,1,3,'Freedom Bank'),(317,1,3,'NayaPay'),(318,1,3,'Gcash'),(319,1,3,'Pago Movil'),(320,1,3,'Papara'),(321,1,3,'TD Bank'),(322,1,3,'BAC Credomatic'),(323,1,3,'SEPA (EU) bank transfer'),(324,1,3,'Scotiabank Costa Rica'),(325,1,3,'UnionBank of the Philippines'),(326,1,3,'Airtel Money'),(327,1,3,'Garanti'),(328,1,3,'Humo'),(329,1,3,'Liberty Bank'),(330,1,3,'Metropolitan Bank of the Philippines'),(331,1,3,'OCA Blue'),(332,1,3,'Paymaya'),(333,1,3,'Transferencia ACH (Panam)'),(334,1,3,'MoMo'),(335,1,3,'Tigo Pesa'),(336,1,3,'Towerbank'),(337,1,3,'Ukrsibbank'),(338,1,3,'Uzcard'),(339,1,3,'BCR Bank'),(340,1,3,'Citibank (Russia)'),(341,1,3,'Credit Europe Bank (Russia)'),(342,1,3,'MTBank'),(343,1,3,'SEPA Instant'),(344,1,3,'Banco Falabella'),(345,1,3,'Bank Transfer Peru'),(346,1,3,'Raiffeisen Bank Aval'),(347,1,3,'Scotiabank Uruguay'),(348,1,3,'Apelsin'),(349,1,3,'Banco Agricola SV'),(350,1,3,'Banco BAC Credomatic SV'),(351,1,3,'DANA'),(352,1,3,'Interac e-Transfer'),(353,1,3,'Meezan Bank'),(354,1,3,'whish MONEY'),(355,1,3,'Wilobank'),(356,1,3,'Yape'),(357,1,3,'bKash'),(358,1,3,'Alipay'),(359,1,3,'Bank of the Philippine Islands (BPI)'),(360,1,3,'Bancolombia S.A'),(361,1,3,'Coins.ph'),(362,1,3,'Credit Agricole'),(363,1,3,'Eurasian Bank'),(364,1,3,'Lemon Cash'),(365,1,3,'Mercadopago'),(366,1,3,'Naranja X'),(367,1,3,'Paritet Bank'),(368,1,3,'Paysend.com'),(369,1,3,'Plin'),(370,1,3,'Banco Santander Argentina'),(371,1,3,'Vodafone cash'),(372,1,3,'BCA'),(373,1,3,'Banco De Oro (BDO)'),(374,1,3,'HalkBank'),(375,1,3,'Idram'),(376,1,3,'Multibank Panama'),(377,1,3,'OVO'),(378,1,3,'Oschadbank'),(379,1,3,'Raast'),(380,1,3,'Red Pagos'),(381,1,3,'WorldRemit'),(382,1,3,'mBank'),(383,1,3,'Banco Lafise Nicaragua'),(384,1,3,'Banco Promerica SV'),(385,1,3,'Bank Transfer (Middle East)'),(386,1,3,'Budapest Bank'),(387,1,3,'GoPay'),(388,1,3,'Home Credit Kazakhstan'),(389,1,3,'Maybank'),(390,1,3,'Millennium'),(391,1,3,'Orange Money - OM'),(392,1,3,'PKO Bank'),(393,1,3,'QIWI'),(394,1,3,'QNB'),(395,1,3,'Alior Bank'),(396,1,3,'Apple Pay'),(397,1,3,'BNP Paribas'),(398,1,3,'Banesco'),(399,1,3,'Bank Transfer (Vietnam)'),(400,1,3,'Banorte'),(401,1,3,'Citibanamex'),(402,1,3,'EQ Bank'),(403,1,3,'MTS-Bank'),(404,1,3,'Mandiri Pay'),(405,1,3,'N26'),(406,1,3,'Rizal Commercial Banking Corporation'),(407,1,3,'True Money'),(408,1,3,'True Money (Cambodia)'),(409,1,3,'United Bank Limited'),(410,1,3,'alBaraka'),(411,1,3,'Access Bank'),(412,1,3,'Akbank'),(413,1,3,'Banco Davivienda SV'),(414,1,3,'Daviplata'),(415,1,3,'Equity Bank'),(416,1,3,'Fio banka'),(417,1,3,'First Bank Of Nigeria'),(418,1,3,'GTBank'),(419,1,3,'Leobank'),(420,1,3,'Mercantil'),(421,1,3,'Premium Bank'),(422,1,3,'Pyypl'),(423,1,3,'Sportbank'),(424,1,3,'UniCredit'),(425,1,3,'Izibank'),(426,1,3,'BanBif'),(427,1,3,'Banco Estado'),(428,1,3,'Bank RBK'),(429,1,3,'Canadia'),(430,1,3,'Dukascopy Bank'),(431,1,3,'FCMB'),(432,1,3,'Landbank of the Philippines'),(433,1,3,'Mobile top-up'),(434,1,3,'Nagad'),(435,1,3,'OTP'),(436,1,3,'Pasha Bank'),(437,1,3,'Rocket'),(438,1,3,'Santander Poland'),(439,1,3,'Transferencia Bancaria Honduras'),(440,1,3,'Upaisa'),(441,1,3,'WeChat'),(442,1,3,'Wally Tech'),(443,1,3,'ZainCash'),(444,1,3,'Zenith Bank'),(445,1,3,'ABB Bank'),(446,1,3,'Anorbank'),(447,1,3,'Bank Transfer (Romania)'),(448,1,3,'BBVA Uruguay'),(449,1,3,'BCEL'),(450,1,3,'Banco de Venezuela'),(451,1,3,'Banco Hipotecario SV'),(452,1,3,'Banco Popular'),(453,1,3,'Banco Santander (Spain)'),(454,1,3,'Banco Union'),(455,1,3,'Bank Pekao'),(456,1,3,'BigPay'),(457,1,3,'Blik'),(458,1,3,'BOS Bank'),(459,1,3,'CIMB Niaga'),(460,1,3,'esk spoitelna'),(461,1,3,'Chipper Cash'),(462,1,3,'Ecobank'),(463,1,3,'Erste Bank'),(464,1,3,'Faster Payments'),(465,1,3,'ING'),(466,1,3,'InfinBank'),(467,1,3,'Keystone Bank'),(468,1,3,'KredoBank'),(469,1,3,'Lloyds Bank'),(470,1,3,'MKB Bank'),(471,1,3,'Monzo'),(472,1,3,'Permata Me'),(473,1,3,'BinancePay (RUB)'),(474,1,3,'SEA Bank'),(475,1,3,'Stanbic Bank'),(476,1,3,'UnionPay'),(477,1,3,'Uzbek National Bank'),(478,1,3,'Viettel Money'),(479,1,3,'ZaloPay'),(480,1,3,'stc pay'),(481,1,3,'urpay'),(482,1,3,'7-Eleven'),(483,1,3,'ADIB: Abu Dhabi Islamic Bank'),(484,1,3,'Absolut Bank'),(485,1,3,'Afriex'),(486,1,3,'Agrobank'),(487,1,3,'Arab Bank'),(488,1,3,'ArmBusinessBank'),(489,1,3,'Asaka Bank'),(490,1,3,'BAC Credomatic Honduras'),(491,1,3,'Banco Atlantida'),(492,1,3,'Banco Continental Paraguay'),(493,1,3,'Banco Fassil'),(494,1,3,'Banco Ganadero'),(495,1,3,'Banco Industrial'),(496,1,3,'Banco Santander Chile'),(497,1,3,'Banco de Bogota'),(498,1,3,'Bandes Uruguay'),(499,1,3,'Bizum'),(500,1,3,'CashU'),(501,1,3,'DSK Bank'),(502,1,3,'Esewa'),(503,1,3,'Faster Payment System (FPS)'),(504,1,3,'Global Bank Panama'),(505,1,3,'HSBC Uruguay'),(506,1,3,'Inecobank'),(507,1,3,'K&H Bank'),(508,1,3,'Ligo'),(509,1,3,'Moov Money'),(510,1,3,'Nurbank'),(511,1,3,'Banco de Occidente Honduras'),(512,1,3,'OLDUBIL'),(513,1,3,'Pi Pay'),(514,1,3,'Pipol Pay'),(515,1,3,'Pix'),(516,1,3,'Provincial'),(517,1,3,'Qishloq Qurilish Bank'),(518,1,3,'RSK Bank'),(519,1,3,'Russian Standard Bank'),(520,1,3,'Scotiabank Panama'),(521,1,3,'Silvergate Bank'),(522,1,3,'Transferencia Bancaria Nicaragua'),(523,1,3,'Tadhamon International Islamic Bank'),(524,1,3,'TMRW by UOB'),(525,1,3,'Tap'),(526,1,3,'Trans Bank'),(527,1,3,'Uala'),(528,1,3,'Union Bank of Nigeria'),(529,1,3,'United Bulgarian Bank (UBB)'),(530,1,3,'Uzpromstroybank'),(531,1,3,'Wave Mobile Money'),(532,1,3,'ZainCash - Business'),(533,1,3,'EziPay'),(534,1,4,'Ziraat'),(535,1,4,'Bank Transfer'),(536,1,4,'Garanti'),(537,1,4,'DenizBank'),(538,1,4,'Kuveyt Turk'),(539,1,4,'VakifBank'),(540,1,4,'Papara'),(541,1,4,'Bank Transfer (Turkey)'),(542,1,4,'BANK'),(543,1,4,'QNB'),(544,1,4,'OLDUBIL'),(545,1,4,'Akbank'),(546,1,4,'Transfers with specific bank'),(547,1,4,'HalkBank'),(548,1,4,'alBaraka'),(549,1,4,'Fibabanka'),(550,1,4,'ING'),(551,1,4,'Advcash'),(552,1,4,'Wise'),(553,1,4,'AirTM'),(554,1,4,'Bakai Bank'),(555,1,4,'KoronaPay'),(556,1,4,'BinancePay (RUB)'),(557,1,4,'Cash Deposit to Bank'),(558,1,4,'Revolut'),(559,1,4,'Burgan Bank (K.S.C) (Burgan)'),(560,1,4,'CashU'),(561,1,4,'Cash app'),(562,1,4,'Kaspi Bank'),(563,1,4,'Payeer'),(564,1,4,'Paysend.com'),(565,1,4,'Qatar National Bank QNB'),(566,1,4,'Skrill (Moneybookers)'),(567,1,4,'Western Union'),(568,1,5,'Bank Transfer'),(569,1,5,'Faster Payment System (FPS)'),(570,1,5,'Cash Deposit to Bank'),(571,1,5,'Revolut'),(572,1,5,'Wise'),(573,1,5,'SEPA (EU) bank transfer'),(574,1,5,'SEPA Instant'),(575,1,5,'International Wire (SWIFT)'),(576,1,5,'Transfers with specific bank'),(577,1,5,'Alipay'),(578,1,5,'Advcash'),(579,1,5,'WeChat'),(580,1,7,'Bank Transfer'),(581,1,7,'BBVA'),(582,1,7,'STP'),(583,1,7,'Citibanamex'),(584,1,7,'Banorte'),(585,1,7,'Cash Deposit to Bank'),(586,1,7,'Santander Mexico'),(587,1,7,'OXXO'),(588,1,7,'Transfers with specific bank'),(589,1,7,'Mercadopago'),(590,1,7,'7-Eleven'),(591,1,7,'Wise'),(592,1,7,'Cash app'),(593,1,7,'Interbank'),(594,1,7,'Revolut'),(595,1,7,'Apple Pay'),(596,1,7,'Banesco'),(597,1,8,'Pago Movil'),(598,1,8,'Banesco'),(599,1,8,'Bank Transfer (Venezuela)'),(600,1,8,'Banco de Venezuela'),(601,1,8,'Mercantil'),(602,1,8,'Provincial'),(603,1,8,'BNC Banco Nacional de Crdito'),(604,1,8,'Transfers with specific bank'),(605,1,8,'Bancamiga'),(606,1,8,'Bancaribe'),(607,1,8,'Banplus'),(608,1,8,'BBVA'),(609,1,8,'Ubii Pagos'),(610,1,8,'Bank Transfer'),(611,1,8,'Banco Plaza'),(612,1,8,'Zinli'),(613,1,8,'Cash Deposit to Bank'),(614,1,8,'Banco Activo'),(615,1,8,'Cash in Person'),(616,1,8,'AirTM'),(617,1,8,'Bancolombia S.A'),(618,1,8,'Mony'),(619,1,8,'Payall'),(620,1,8,'Banco Falabella'),(621,1,8,'Billetera Personal'),(622,1,8,'Recarga Pines'),(623,1,8,'Skrill (Moneybookers)'),(624,1,9,'Banco Santander Chile'),(625,1,9,'Banco de Chile'),(626,1,9,'Banco Estado'),(627,1,9,'Banco Falabella'),(628,1,9,'Transfers with specific bank'),(629,1,9,'MACH'),(630,1,9,'Banco Itau Chile'),(631,1,9,'Tenpo'),(632,1,9,'Bank Transfer'),(633,1,9,'Banco de Credito'),(634,1,9,'Mercadopago'),(635,1,9,'Wise'),(636,1,9,'Scotiabank Colpatria'),(637,1,9,'Banco Santander (Spain)'),(638,1,9,'Bank Transfer (Venezuela)'),(639,1,9,'Interbank'),(640,1,9,'Pago Movil'),(641,1,9,'Trans Bank'),(642,1,10,'MTN Mobile Money'),(643,1,10,'Airtel Money'),(644,1,10,'Chipper Cash'),(645,1,10,'MoMo'),(646,1,10,'M-PESA Kenya (Safaricom)'),(647,1,10,'Bank Transfer'),(648,1,10,'M-pesa (Vodafone)'),(649,1,10,'Mobile top-up'),(650,1,10,'Post Bank'),(651,1,10,'Equity Bank'),(652,1,10,'Tigo Pesa'),(653,1,10,'M-pesa Paybill'),(654,1,10,'EziPay'),(655,1,10,'Afriex'),(656,1,10,'Skrill (Moneybookers)'),(657,1,10,'Transfers with specific bank'),(658,1,10,'Stanbic Bank'),(659,1,11,'Bank Transfer'),(660,1,11,'FNB-ewallet'),(661,1,11,'Nedbank'),(662,1,11,'Capitec Bank'),(663,1,11,'Cash Deposit to Bank'),(664,1,11,'MTN Mobile Money'),(665,1,11,'Bundle'),(666,1,11,'Transfers with specific bank'),(667,1,11,'Cash app'),(668,1,11,'Chipper Cash'),(669,1,11,'Skrill (Moneybookers)'),(670,1,11,'Zelle'),(671,1,11,'Zenith Bank'),(672,1,11,'Mobile top-up'),(673,1,11,'Wise'),(674,1,12,'Postepay'),(675,1,12,'Transfers with specific bank'),(676,1,12,'Cash Deposit to Bank'),(677,1,12,'Bank Transfer'),(678,1,12,'Post Bank'),(679,1,12,'Attijari Bank'),(680,1,12,'Western Union'),(681,1,12,'Arab International Bank of Tunisia'),(682,1,12,'Wise'),(683,1,12,'Amen Bank'),(684,1,12,'Orange Money - OM'),(685,1,12,'Paysera'),(686,1,12,'Skrill (Moneybookers)'),(687,1,12,'Tunisian banking company'),(688,1,13,'M-pesa (Vodafone)'),(689,1,13,'Tigo Pesa'),(690,1,13,'Airtel Money'),(691,1,13,'M-pesa Paybill'),(692,1,13,'MTN Mobile Money'),(693,1,13,'Bank Transfer'),(694,1,13,'M-PESA Kenya (Safaricom)'),(695,1,13,'Vodafone cash'),(696,1,13,'Chipper Cash'),(697,1,13,'Cash Deposit to Bank'),(698,1,13,'Mobile top-up'),(699,1,13,'Tigo Money'),(700,1,13,'Moneygram'),(701,1,13,'International Wire (SWIFT)'),(702,1,13,'Skrill (Moneybookers)'),(703,1,13,'Western Union'),(704,1,14,'Bank Transfer'),(705,1,14,'Bank Transfer (Vietnam)'),(706,1,14,'MoMo'),(707,1,14,'ZaloPay'),(708,1,14,'Viettel Money'),(709,1,14,'Transfers with specific bank'),(710,1,14,'ShopeePay-SEA'),(711,1,14,'VNPT Money'),(712,1,14,'VNPAY'),(713,1,14,'Cash Deposit to Bank'),(714,1,14,'CAKE'),(715,1,14,'VinID'),(716,1,14,'Foxpay'),(717,1,14,'SmartPay'),(718,1,14,'Wise'),(719,1,14,'Alipay'),(720,1,14,'OSKO'),(721,1,14,'ABA'),(722,1,14,'Easypaisa-PK Only'),(723,1,14,'KoronaPay'),(724,1,15,'Bank Transfer'),(725,1,15,'OSKO'),(726,1,15,'Wise'),(727,1,15,'Cash Deposit to Bank'),(728,1,15,'Revolut'),(729,1,15,'Payall'),(730,1,15,'Transfers with specific bank'),(731,1,15,'Bank Transfer (India)'),(732,1,15,'IMPS'),(733,1,15,'UPI'),(734,1,15,'Alipay'),(735,1,15,'Bank Transfer (Taiwan)'),(736,1,15,'LINE Pay'),(737,1,15,'Moneygram'),(738,1,15,'Paytm'),(739,1,15,'Western Union'),(740,1,15,'AirTM'),(741,1,15,'CIMB Niaga'),(742,1,15,'Maybank'),(743,1,15,'Nagad'),(744,1,15,'WeChat'),(745,1,15,'WorldRemit'),(746,1,15,'JKO Transfer'),(747,1,15,'Apple Pay'),(748,1,15,'Cash in Person'),(749,1,15,'DANA'),(750,1,15,'Faster Payment System (FPS)'),(751,1,15,'Google Pay (GPay)'),(752,1,15,'GoPay'),(753,1,15,'Interac e-Transfer'),(754,1,15,'Paysend.com'),(755,1,15,'Paysera'),(756,1,15,'PhonePe'),(757,1,15,'SEPA (EU) bank transfer'),(758,1,15,'SEPA Instant'),(759,1,15,'Skrill (Moneybookers)'),(760,1,15,'bKash'),(761,1,16,'MTN Mobile Money'),(762,1,16,'Vodafone cash'),(763,1,16,'MoMo'),(764,1,16,'Bank Transfer'),(765,1,16,'Ecobank'),(766,1,16,'Airtel Money'),(767,1,16,'Fidelity Bank'),(768,1,16,'Tigo Money'),(769,1,16,'EziPay'),(770,1,16,'M-pesa (Vodafone)'),(771,1,16,'Chipper Cash'),(772,1,16,'Stanbic Bank'),(773,1,16,'CalBank'),(774,1,16,'GTBank'),(775,1,16,'Access Bank'),(776,1,16,'Afriex'),(777,1,16,'Transfers with specific bank'),(778,1,16,'Standard Chartered Bank'),(779,1,16,'GCB Bank'),(780,1,16,'Zenith Bank'),(781,1,16,'Wise'),(782,1,16,'Cash Deposit to Bank'),(783,1,16,'Dashen'),(784,1,16,'Advcash'),(785,1,16,'Interbank'),(786,1,16,'Cash in Person'),(787,1,16,'EQ Bank'),(788,1,16,'EasyPay'),(789,1,16,'Moov Money'),(790,1,16,'Perfect Money'),(791,1,16,'Tigo Pesa'),(792,1,16,'Western Union'),(793,1,16,'WorldRemit'),(794,1,17,'Banco Fassil'),(795,1,17,'Banco Union'),(796,1,17,'Banco Nacional de Bolivia'),(797,1,17,'Banco Ganadero'),(798,1,17,'Banco Mercantil Santa Cruz'),(799,1,17,'Bank Transfer'),(800,1,17,'Banco de Credito'),(801,1,17,'Banco Economico'),(802,1,17,'Tigo Money'),(803,1,17,'SoliPagos'),(804,1,17,'Banco del Sol'),(805,1,17,'Banco Solidario'),(806,1,17,'Cash in Person'),(807,1,17,'Transfers with specific bank'),(808,1,17,'Banco Bisa'),(809,1,17,'Banco Brubank'),(810,1,17,'Credit Bank of Peru'),(811,1,17,'Mercadopago'),(812,1,17,'Uala'),(813,1,18,'Bank Transfer'),(814,1,18,'BCA'),(815,1,18,'DANA'),(816,1,18,'Mandiri Pay'),(817,1,18,'OVO'),(818,1,18,'Permata Me'),(819,1,18,'GoPay'),(820,1,18,'Bank BRI'),(821,1,18,'SEA Bank'),(822,1,18,'Yap! (BNI)'),(823,1,18,'ShopeePay-SEA'),(824,1,18,'LinkAja'),(825,1,18,'Bank Jago'),(826,1,18,'CIMB Niaga'),(827,1,18,'Jenius PayMe'),(828,1,18,'NEO'),(829,1,18,'OCBC NISP'),(830,1,18,'Transfers with specific bank'),(831,1,18,'Hana Bank'),(832,1,18,'Maybank'),(833,1,18,'Blu'),(834,1,18,'LINE Bank'),(835,1,18,'Sinarmas'),(836,1,18,'TMRW by UOB'),(837,1,18,'Danamon Bank'),(838,1,18,'Ligo'),(839,1,18,'Moneygram'),(840,1,18,'NEO Pay Iraq'),(841,1,18,'OSKO'),(842,1,18,'Western Union'),(843,1,18,'Wise'),(844,1,19,'Bank of Khartoum'),(845,1,19,'Bank Transfer'),(846,1,19,'Fibank'),(847,1,19,'Bank Transfer (Middle East)'),(848,1,19,'alBaraka'),(849,1,20,'IDBank'),(850,1,20,'Inecobank'),(851,1,20,'Idram'),(852,1,20,'ArCA'),(853,1,20,'Bank Transfer'),(854,1,20,'Ameriabank'),(855,1,20,'Unibank'),(856,1,20,'ArmBusinessBank'),(857,1,20,'Transfers with specific bank'),(858,1,20,'Tinkoff'),(859,1,20,'RosBank'),(860,1,20,'ArmEconomBank'),(861,1,20,'Bank of America'),(862,1,20,'EasyPay'),(863,1,20,'Payeer'),(864,1,20,'Raiffeisenbank'),(865,1,21,'Moneygram'),(866,1,21,'Western Union'),(867,1,21,'Bank Audi'),(868,1,21,'Bank of Beirut'),(869,1,21,'Credit Libanais'),(870,1,21,'whish MONEY'),(871,1,22,'Alif Bank'),(872,1,22,'DCBank'),(873,1,22,'Bank Transfer'),(874,1,22,'Bank Eskhata'),(875,1,22,'Transfers with specific bank'),(876,1,22,'Spitamen Bank'),(877,1,22,'Amonatbonk'),(878,1,22,'A-Bank'),(879,1,22,'Orienbank'),(880,1,22,'Korti milli'),(881,1,22,'Mobile top-up'),(882,1,22,'BinancePay (RUB)'),(883,1,22,'RosBank'),(884,1,22,'Tinkoff'),(885,1,23,'Bank Transfer'),(886,1,23,'Cash Deposit to Bank'),(887,1,23,'Emirates NBD'),(888,1,23,'Abu Dhabi Commercial Bank ADCB'),(889,1,23,'ADIB: Abu Dhabi Islamic Bank'),(890,1,23,'AL MASHREQ Bank'),(891,1,23,'National Bank of Abu Dhabi FAB'),(892,1,23,'Bank Transfer (Middle East)'),(893,1,23,'Al Hilal Bank'),(894,1,23,'EIB: Emirates Islamic Bank'),(895,1,23,'mBank'),(896,1,23,'Cash in Person'),(897,1,23,'Transfers with specific bank'),(898,1,23,'Mobile top-up'),(899,1,23,'Cashpack'),(900,1,23,'Western Union'),(901,1,23,'Cash app'),(902,1,23,'Easypaisa-PK Only'),(903,1,23,'NayaPay'),(904,1,23,'CashU'),(905,1,23,'Raast'),(906,1,23,'Skrill (Moneybookers)'),(907,1,23,'Wise'),(908,1,23,'Bank Transfer (India)'),(909,1,23,'HSBC Bank Middle East Limited - Bahrain'),(910,1,23,'IMPS'),(911,1,23,'Meezan Bank'),(912,1,23,'UPI'),(913,1,23,'Advcash'),(914,1,23,'Paytm'),(915,1,23,'PhonePe'),(916,1,23,'SadaPay'),(917,1,23,'Standard Chartered Bank'),(918,1,23,'AirTM'),(919,1,23,'Allied Bank Limited, Wholesale Branch'),(920,1,23,'Perfect Money'),(921,1,23,'International Wire (SWIFT)'),(922,1,23,'Alipay'),(923,1,23,'Chipper Cash'),(924,1,23,'Esewa'),(925,1,23,'HSBC Oman'),(926,1,23,'HSBC Uruguay'),(927,1,23,'Khalti'),(928,1,23,'Kuveyt Turk'),(929,1,23,'Liv. KSA'),(930,1,23,'M-PESA Kenya (Safaricom)'),(931,1,23,'Paysend.com'),(932,1,23,'Revolut'),(933,1,23,'United Bank Limited'),(934,1,23,'Upaisa'),(935,1,23,'Airtel Money'),(936,1,24,'Faster Payment System (FPS)'),(937,1,24,'Bank Transfer'),(938,1,24,'PayMe'),(939,1,24,'WeChat'),(940,1,24,'Alipay'),(941,1,24,'Cash in Person'),(942,1,24,'Cash Deposit to Bank'),(943,1,24,'Bank Transfer (Argentina)'),(944,1,24,'Banco Itau Chile'),(945,1,24,'Transfers with specific bank'),(946,1,24,'A-Bank'),(947,1,24,'KBZPay'),(948,1,24,'LINE Pay'),(949,1,25,'Bank Transfer (Taiwan)'),(950,1,25,'LINE Pay'),(951,1,25,'JKO Transfer'),(952,1,25,'LINE Bank'),(953,1,25,'EasyPay'),(954,1,25,'Bank Transfer'),(955,1,25,'Cash in Person'),(956,1,25,'Alipay'),(957,1,25,'Shopee (Taiwan)'),(958,1,25,'WeChat'),(959,1,25,'7-Eleven'),(960,1,25,'Cash Deposit to Bank'),(961,1,25,'Cash app'),(962,1,26,'Bank Transfer'),(963,1,26,'Revolut'),(964,1,26,'Wise'),(965,1,27,'Interac e-Transfer'),(966,1,27,'TD Bank'),(967,1,27,'RBC Royal Bank'),(968,1,27,'CIBC'),(969,1,27,'Wise'),(970,1,27,'BMO'),(971,1,27,'Tangerine bank'),(972,1,27,'Bank Transfer'),(973,1,27,'EQ Bank'),(974,1,27,'Cash Deposit to Bank'),(975,1,27,'Transfers with specific bank'),(976,1,27,'UPI'),(977,1,27,'Alipay'),(978,1,27,'AirTM'),(979,1,27,'Bank Transfer (India)'),(980,1,27,'IMPS'),(981,1,27,'Payall'),(982,1,27,'Skrill (Moneybookers)'),(983,1,27,'Western Union'),(984,1,27,'Cashpack'),(985,1,27,'PayMe'),(986,1,27,'Paysera'),(987,1,27,'Paytm'),(988,1,27,'PhonePe'),(989,1,27,'Revolut'),(990,1,27,'SEPA (EU) bank transfer'),(991,1,28,'Bank Transfer'),(992,1,29,'KBZPay'),(993,1,29,'Cash Deposit to Bank'),(994,1,29,'Bank Transfer'),(995,1,29,'CB Pay'),(996,1,29,'WavePay'),(997,1,29,'AYA Pay'),(998,1,29,'Wave Mobile Money'),(999,1,29,'uabpay'),(1000,1,29,'  '),(1001,1,29,'Faster Payments'),(1002,1,29,'Onepay'),(1003,1,29,'cpay'),(1004,1,30,'MTN Mobile Money'),(1005,1,30,'Orange Money - OM'),(1006,1,30,'Wave Mobile Money'),(1007,1,30,'Moov Money'),(1008,1,30,'Bank Transfer'),(1009,1,30,'Ecobank'),(1010,1,30,'Mobile top-up'),(1011,1,30,'Chipper Cash'),(1012,1,30,'Inecobank'),(1013,1,30,'Western Union'),(1014,1,30,'EziPay'),(1015,1,30,'MoMo'),(1016,1,30,'Moneygram'),(1017,1,30,'Transfers with specific bank'),(1018,1,30,'Freedom Bank'),(1019,1,30,'Tigo Money'),(1020,1,30,'Airtel Money'),(1021,1,30,'M-PESA Kenya (Safaricom)'),(1022,1,30,'Perfect Money'),(1023,1,30,'Wise'),(1024,1,31,'Bank of Georgia'),(1025,1,31,'TBC Bank'),(1026,1,31,'Credo Bank'),(1027,1,31,'Liberty Bank'),(1028,1,31,'KoronaPay'),(1029,1,31,'Tinkoff'),(1030,1,31,'Bank Transfer'),(1031,1,31,'RosBank'),(1032,1,31,'Western Union'),(1033,1,31,'KredoBank'),(1034,1,31,'Privat Bank (Universal Card)'),(1035,1,31,'Raiffeisenbank'),(1036,1,31,'International Wire (SWIFT)'),(1037,1,32,'BCR Bank'),(1038,1,32,'Bank Transilvania'),(1039,1,32,'Raiffeisenbank'),(1040,1,32,'BRD Bank'),(1041,1,32,'Revolut'),(1042,1,32,'Bank Transfer (Romania)'),(1043,1,32,'CEC'),(1044,1,32,'ING'),(1045,1,32,'Orange Money - OM'),(1046,1,32,'UniCredit'),(1047,1,32,'Bank Transfer'),(1048,1,32,'Wise'),(1049,1,32,'OTP Bank'),(1050,1,32,'ZEN'),(1051,1,32,'OTP'),(1052,1,32,'Transfers with specific bank'),(1053,1,33,'Prex'),(1054,1,33,'Ita Uruguay'),(1055,1,33,'Bank of the Republic of Uruguay'),(1056,1,33,'Banco Santander Uruguay'),(1057,1,33,'OCA Blue'),(1058,1,33,'Red Pagos'),(1059,1,33,'Transfers with specific bank'),(1060,1,33,'Scotiabank Uruguay'),(1061,1,33,'BBVA Uruguay'),(1062,1,33,'Mercadopago'),(1063,1,33,'Wise'),(1064,1,33,'AirTM'),(1065,1,33,'Bancolombia S.A'),(1066,1,33,'Bandes Uruguay'),(1067,1,33,'Daviplata'),(1068,1,33,'Davivienda S.A'),(1069,1,33,'Nequi'),(1070,1,33,'Pix'),(1071,1,33,'Privat Bank (Universal Card)'),(1072,1,34,'CIH Bank'),(1073,1,34,'Bank Transfer'),(1074,1,34,'Attijari Bank'),(1075,1,34,'Attijariwafa National Bank'),(1076,1,34,'BMCE Bank'),(1077,1,34,'Societe Generale'),(1078,1,34,'Socit Gnrale Commercial Maroc'),(1079,1,34,'BRD Bank'),(1080,1,34,'Post Bank'),(1081,1,34,'Crdit Banque Populaire du Maroc'),(1082,1,34,'Crdit du Maroc'),(1083,1,34,'Credit Agricole'),(1084,1,34,'La Banque postale'),(1085,1,34,'Cash Deposit to Bank'),(1086,1,34,'Western Union'),(1087,1,34,'Skrill (Moneybookers)'),(1088,1,34,'Wise'),(1089,1,34,'Orange Money - OM'),(1090,1,34,'Transfers with specific bank'),(1091,1,34,'Advcash'),(1092,1,34,'Mobile top-up'),(1093,1,34,'Payeer'),(1094,1,35,'Bank Transfer'),(1095,1,35,'Cash Deposit to Bank'),(1096,1,35,'Mobile top-up'),(1097,1,35,'ABA'),(1098,1,35,'eZCash'),(1099,1,35,'ACLEDA'),(1100,1,35,'Transfers with specific bank'),(1101,1,35,'Wing Money'),(1102,1,35,'A-Bank'),(1103,1,35,'KHQR'),(1104,1,35,'Bank Transfer (Cambodia)'),(1105,1,35,'Wise'),(1106,1,35,'PayMe'),(1107,1,35,'International Wire (SWIFT)'),(1108,1,35,'Bakong'),(1109,1,35,'Canadia'),(1110,1,35,'ABN AMRO'),(1111,1,35,'Genie'),(1112,1,35,'Google Pay (GPay)'),(1113,1,35,'NETELLER'),(1114,1,35,'Privat Bank (Universal Card)'),(1115,1,35,'Qatar National Bank QNB'),(1116,1,35,'Rizal Commercial Banking Corporation'),(1117,1,35,'True Money (Cambodia)'),(1118,1,35,'Airtel Money'),(1119,1,36,'Bank Transfer'),(1120,1,36,'Access Bank'),(1121,1,36,'GTBank'),(1122,1,36,'Chipper Cash'),(1123,1,36,'Transfers with specific bank'),(1124,1,36,'First Bank Of Nigeria'),(1125,1,36,'Zenith Bank'),(1126,1,36,'GoMoney'),(1127,1,36,'Faster Payments'),(1128,1,36,'Cash Deposit to Bank'),(1129,1,36,'Afriex'),(1130,1,36,'FCMB'),(1131,1,36,'Union Bank of Nigeria'),(1132,1,36,'Mobile top-up'),(1133,1,36,'Stanbic Bank'),(1134,1,36,'Bank Transfer (Middle East)'),(1135,1,36,'Keystone Bank'),(1136,1,36,'Zelle'),(1137,1,36,'Ecobank'),(1138,1,36,'Sterling Bank'),(1139,1,36,'Fidelity Bank'),(1140,1,36,'Interbank'),(1141,1,36,'AirTM'),(1142,1,36,'Orange Money - OM'),(1143,1,36,'Bundle'),(1144,1,36,'Instant Bank Transfer'),(1145,1,36,'K Bank'),(1146,1,36,'NETELLER'),(1147,1,36,'Cash app'),(1148,1,36,'Equity Bank'),(1149,1,36,'Home Credit Bank (Russia)'),(1150,1,36,'MTN Mobile Money'),(1151,1,36,'M-pesa Paybill'),(1152,1,36,'Vodafone cash'),(1153,1,36,'Alipay'),(1154,1,36,'Apple Pay'),(1155,1,36,'Bitsika'),(1156,1,36,'Cash in Person'),(1157,1,36,'Easypaisa-PK Only'),(1158,1,36,'Interac e-Transfer'),(1159,1,36,'La Banque postale'),(1160,1,36,'M-PESA Kenya (Safaricom)'),(1161,1,36,'MoMo'),(1162,1,36,'Perfect Money'),(1163,1,36,'QPay'),(1164,1,36,'BinancePay (RUB)'),(1165,1,36,'WeChat'),(1166,1,37,'esk spoitelna'),(1167,1,37,'Revolut'),(1168,1,37,'SOB'),(1169,1,37,'Bank Transfer'),(1170,1,37,'Raiffeisenbank'),(1171,1,37,'Wise'),(1172,1,37,'Fio banka'),(1173,1,37,'MONETA Money Bank'),(1174,1,37,'Raiffeisen Bank Aval'),(1175,1,37,'ZEN'),(1176,1,37,'mBank'),(1177,1,37,'Skrill (Moneybookers)'),(1178,1,37,'UniCredit'),(1179,1,37,'Paysend.com'),(1180,1,37,'Cash Deposit to Bank'),(1181,1,37,'Paysera'),(1182,1,37,'Advcash'),(1183,1,37,'AirTM'),(1184,1,37,'Humo'),(1185,1,37,'EQ Bank'),(1186,1,37,'Uzcard'),(1187,1,38,'m10'),(1188,1,38,'Kapitalbank'),(1189,1,38,'Leobank'),(1190,1,38,'Unibank'),(1191,1,38,'ABB Bank'),(1192,1,38,'Azer Turk Bank'),(1193,1,38,'Bank Transfer'),(1194,1,38,'Rabitabank'),(1195,1,38,'Tinkoff'),(1196,1,38,'Advcash'),(1197,1,38,'Altyn Bank'),(1198,1,38,'Home Credit Bank (Russia)'),(1199,1,38,'Pasha Bank'),(1200,1,39,'Pago Movil'),(1201,1,39,'BAC Costa Rica'),(1202,1,39,'Banco de Costa Rica'),(1203,1,39,'Bank Transfer (Costa Rica)'),(1204,1,39,'BAC Credomatic'),(1205,1,39,'Transferencia Bancaria Costa Rica'),(1206,1,39,'Davivienda S.A'),(1207,1,39,'Scotiabank Costa Rica'),(1208,1,39,'BCR Bank'),(1209,1,39,'Bank Transfer'),(1210,1,39,'Trans Bank'),(1211,1,39,'Banco Promerica SV'),(1212,1,39,'Banco Davivienda SV'),(1213,1,39,'Cash Deposit to Bank'),(1214,1,39,'Privat Bank (Universal Card)'),(1215,1,39,'Transfers with specific bank'),(1216,1,40,'Bank Transfer'),(1217,1,40,'Mobile top-up'),(1218,1,40,'mBank'),(1219,1,40,'Bank Muscat'),(1220,1,40,'Bank Transfer (Middle East)'),(1221,1,40,'Cash Deposit to Bank'),(1222,1,40,'Easypaisa-PK Only'),(1223,1,40,'NayaPay'),(1224,1,40,'Raast'),(1225,1,40,'Skrill (Moneybookers)'),(1226,1,40,'Transfers with specific bank'),(1227,1,40,'A-Bank'),(1228,1,40,'Allied Bank Limited, Wholesale Branch'),(1229,1,40,'Faster Payment System (FPS)'),(1230,1,40,'Meezan Bank'),(1231,1,40,'SadaPay'),(1232,1,40,'United Bank Limited'),(1233,1,41,'Bank Transfer'),(1234,1,41,'Easypaisa-PK Only'),(1235,1,41,'Meezan Bank'),(1236,1,41,'SadaPay'),(1237,1,41,'NayaPay'),(1238,1,41,'Raast'),(1239,1,41,'Upaisa'),(1240,1,41,'United Bank Limited'),(1241,1,41,'Allied Bank Limited, Wholesale Branch'),(1242,1,41,'Standard Chartered Bank'),(1243,1,41,'Cash Deposit to Bank'),(1244,1,41,'Transfers with specific bank'),(1245,1,41,'Perfect Money'),(1246,1,41,'Mobile top-up'),(1247,1,41,'Wise'),(1248,1,41,'Payeer'),(1249,1,41,'EasyPay'),(1250,1,41,'Mobikwik'),(1251,1,41,'Skrill (Moneybookers)'),(1252,1,41,'Western Union'),(1253,1,41,'Altaif Islamic Bank'),(1254,1,41,'Faster Payments'),(1255,1,41,'Google Pay (GPay)'),(1256,1,41,'Revolut'),(1257,1,42,'Wise'),(1258,1,42,'ZEN'),(1259,1,42,'Revolut'),(1260,1,42,'Bank Transfer'),(1261,1,42,'Swish'),(1262,1,42,'Mobile top-up'),(1263,1,42,'Paysend.com'),(1264,1,42,'Bank Transfer (Turkey)'),(1265,1,42,'M-PESA Kenya (Safaricom)'),(1266,1,42,'Mandiri Pay'),(1267,1,42,'Paysera'),(1268,1,42,'Permata Me'),(1269,1,42,'SEPA Instant'),(1270,1,42,'International Wire (SWIFT)'),(1271,1,42,'Transfers with specific bank'),(1272,1,43,'M-PESA Kenya (Safaricom)'),(1273,1,43,'M-pesa Paybill'),(1274,1,43,'Bank Transfer'),(1275,1,43,'Equity Bank'),(1276,1,43,'EQ Bank'),(1277,1,43,'Mobile top-up'),(1278,1,43,'Stanbic Bank'),(1279,1,43,'Airtel Money'),(1280,1,43,'Cash Deposit to Bank'),(1281,1,43,'M-pesa (Vodafone)'),(1282,1,43,'Transfers with specific bank'),(1283,1,43,'Standard Chartered Bank'),(1284,1,43,'Co-Operative Bank Of Kenya'),(1285,1,43,'Chipper Cash'),(1286,1,43,'MTN Mobile Money'),(1287,1,43,'Ecobank'),(1288,1,43,'Afriex'),(1289,1,43,'AirTM'),(1290,1,43,'Dashen'),(1291,1,43,'Tigo Pesa'),(1292,1,43,'WorldRemit'),(1293,1,43,'Access Bank'),(1294,1,43,'ArCA'),(1295,1,43,'BenefitPay'),(1296,1,43,'Bank Transfer (Middle East)'),(1297,1,43,'EasyPay'),(1298,1,43,'NETELLER'),(1299,1,43,'Payall'),(1300,1,43,'International Wire (SWIFT)'),(1301,1,43,'SadaPay'),(1302,1,43,'Skrill (Moneybookers)'),(1303,1,43,'Viettel Money'),(1304,1,43,'EziPay'),(1305,1,44,'Monobank'),(1306,1,44,'Privat Bank (Universal Card)'),(1307,1,44,'PUMB'),(1308,1,44,'A-Bank'),(1309,1,44,'Izibank'),(1310,1,44,'Sportbank'),(1311,1,44,'Oschadbank'),(1312,1,44,'Raiffeisen Bank Aval'),(1313,1,44,'Sense SuperApp'),(1314,1,44,'Wise'),(1315,1,44,'Ukrsibbank'),(1316,1,44,'NEO'),(1317,1,44,'BinancePay (UAH)'),(1318,1,44,'OTP Bank'),(1319,1,44,'Bank Transfer'),(1320,1,44,'Bank Vlasnyi Rakhunok'),(1321,1,44,'OTP'),(1322,1,44,'KredoBank'),(1323,1,44,'Raiffeisenbank'),(1324,1,44,'Credit Agricole'),(1325,1,44,'Bank Pivdenny'),(1326,1,44,'Idea Bank'),(1327,1,44,'Tascombank'),(1328,1,44,'Advcash'),(1329,1,44,'Forward Bank'),(1330,1,44,'SettlePay'),(1331,1,44,'Pravex Bank'),(1332,1,44,'AnyCash'),(1333,1,44,'Altyn Bank'),(1334,1,44,'Credo Bank'),(1335,1,44,'Revolut'),(1336,1,44,'TBC Bank'),(1337,1,44,'AirTM'),(1338,1,44,'Apple Pay'),(1339,1,44,'Bank of Georgia'),(1340,1,44,'International Wire (SWIFT)'),(1341,1,44,'Transfers with specific bank'),(1342,1,44,'Ecobank'),(1343,1,44,'GEO Pay'),(1344,1,44,'Mobile top-up'),(1345,1,44,'BNP Paribas'),(1346,1,44,'Binance Gift Card (UAH)'),(1347,1,44,'Cash in Person'),(1348,1,44,'Eurasian Bank'),(1349,1,44,'KoronaPay'),(1350,1,44,'PKO Bank'),(1351,1,44,'Ukrgasbank'),(1352,1,44,'Bank RBK'),(1353,1,44,'Bank Transfer (Venezuela)'),(1354,1,44,'Blik'),(1355,1,44,'esk spoitelna'),(1356,1,44,'EasyPay'),(1357,1,44,'Inecobank'),(1358,1,44,'Millennium'),(1359,1,44,'QIWI'),(1360,1,44,'UniCredit'),(1361,1,45,'BenefitPay'),(1362,1,45,'Bank Transfer'),(1363,1,45,'Bank Transfer (Middle East)'),(1364,1,45,'Kuwait Finance House (KFH)'),(1365,1,45,'Bank of Bahrain and Kuwait B.S.C.'),(1366,1,45,'alBaraka'),(1367,1,45,'Transfers with specific bank'),(1368,1,45,'A-Bank'),(1369,1,45,'Advcash'),(1370,1,45,'Cash Deposit to Bank'),(1371,1,45,'Skrill (Moneybookers)'),(1372,1,46,'Mercadopago'),(1373,1,46,'Banco Brubank'),(1374,1,46,'Bank Transfer (Argentina)'),(1375,1,46,'Lemon Cash'),(1376,1,46,'Uala'),(1377,1,46,'Reba'),(1378,1,46,'Banco del Sol'),(1379,1,46,'Naranja X'),(1380,1,46,'Belo app'),(1381,1,46,'Prex'),(1382,1,46,'BBVA'),(1383,1,46,'Banco Santander Argentina'),(1384,1,46,'Bank Transfer'),(1385,1,46,'Cash Deposit to Bank'),(1386,1,46,'Wilobank'),(1387,1,46,'Fiwind'),(1388,1,46,'Modo'),(1389,1,46,'Cash in Person'),(1390,1,46,'Transfers with specific bank'),(1391,1,46,'Nuars'),(1392,1,46,'Trans Bank'),(1393,1,46,'Wise'),(1394,1,46,'Banco Rio'),(1395,1,46,'Santander Poland'),(1396,1,46,'Efecty'),(1397,1,46,'Billetera Personal'),(1398,1,46,'AirTM'),(1399,1,46,'Bank Transfer (Middle East)'),(1400,1,46,'LendMN'),(1401,1,46,'Pix'),(1402,1,46,'Standard Chartered Bank'),(1403,1,46,'Tap'),(1404,1,46,'UnionBank of the Philippines'),(1405,1,47,'Bank Transfer'),(1406,1,47,'Qatar National Bank QNB'),(1407,1,47,'Cash Deposit to Bank'),(1408,1,47,'Mobile top-up'),(1409,1,47,'Bank Transfer (Middle East)'),(1410,1,47,'QNB'),(1411,1,47,'Qatar Islamic Bank QIB'),(1412,1,47,'Western Union'),(1413,1,47,'Qatar International Islamic Bank QIIB'),(1414,1,47,'Cash app'),(1415,1,47,'Moneygram'),(1416,1,47,'Commercial bank Kyrgyzstan'),(1417,1,47,'Doha Bank'),(1418,1,47,'Trans Bank'),(1419,1,47,'CashU'),(1420,1,47,'Skrill (Moneybookers)'),(1421,1,47,'Transfers with specific bank'),(1422,1,48,'Kaspi Bank'),(1423,1,48,'Halyk Bank'),(1424,1,48,'CenterCredit Bank'),(1425,1,48,'ForteBank'),(1426,1,48,'Jysan Bank'),(1427,1,48,'Altyn Bank'),(1428,1,48,'Eurasian Bank'),(1429,1,48,'Home Credit Kazakhstan'),(1430,1,48,'Bank RBK'),(1431,1,48,'Freedom Bank'),(1432,1,48,'Bank Transfer'),(1433,1,48,'QIWI'),(1434,1,48,'Mobile top-up'),(1435,1,48,'Transfers with specific bank'),(1436,1,48,'Nurbank'),(1437,1,48,'Advcash'),(1438,1,48,'RosBank'),(1439,1,48,'MICB'),(1440,1,48,'Privat Bank (Universal Card)'),(1441,1,48,'BinancePay (RUB)'),(1442,1,48,'Bank of Georgia'),(1443,1,48,'KoronaPay'),(1444,1,48,'MAIB'),(1445,1,48,'PUMB'),(1446,1,49,'Bank Transfer'),(1447,1,49,'stc pay'),(1448,1,49,'Al Rajhi Bank'),(1449,1,49,'Transfers with specific bank'),(1450,1,49,'urpay'),(1451,1,49,'Saudi National Bank (AlAhli Bank)'),(1452,1,49,'Alinma Bank'),(1453,1,49,'Riyad Bank'),(1454,1,49,'The Saudi British Bank (SABB)'),(1455,1,49,'Bank Transfer (Middle East)'),(1456,1,49,'Ahlibank'),(1457,1,49,'Liv. KSA'),(1458,1,49,'BinancePay (RUB)'),(1459,1,49,'Advcash'),(1460,1,49,'Apple Pay'),(1461,1,49,'Arab Bank'),(1462,1,49,'Cash app'),(1463,1,49,'Cash Deposit to Bank'),(1464,1,49,'A-Bank'),(1465,1,49,'Skrill (Moneybookers)'),(1466,1,49,'Easypaisa-PK Only'),(1467,1,49,'Payeer'),(1468,1,49,'Western Union'),(1469,1,49,'Bank Transfer (Argentina)'),(1470,1,49,'Cash in Person'),(1471,1,49,'Mobile top-up'),(1472,1,49,'NayaPay'),(1473,1,49,'Raast'),(1474,1,49,'ZainCash - Business'),(1475,1,49,'ABB Bank'),(1476,1,49,'Abu Dhabi Commercial Bank ADCB'),(1477,1,49,'AirTM'),(1478,1,49,'BCR Bank'),(1479,1,49,'Bank Transfer (India)'),(1480,1,49,'Coinpay'),(1481,1,49,'Emirates NBD'),(1482,1,49,'IMPS'),(1483,1,49,'Kuwait Finance House (KFH)'),(1484,1,49,'Payall'),(1485,1,49,'Privat Bank (Universal Card)'),(1486,1,49,'STP'),(1487,1,49,'Vodafone cash'),(1488,1,49,'Wise'),(1489,1,50,'UPI'),(1490,1,50,'IMPS'),(1491,1,50,'Bank Transfer (India)'),(1492,1,50,'Google Pay (GPay)'),(1493,1,50,'PhonePe'),(1494,1,50,'Paytm'),(1495,1,50,'Bank Transfer'),(1496,1,50,'Cash Deposit to Bank'),(1497,1,50,'Cash in Person'),(1498,1,50,'Skrill (Moneybookers)'),(1499,1,50,'Mobikwik'),(1500,1,50,'Airtel Money'),(1501,1,50,'NETELLER'),(1502,1,50,'Western Union'),(1503,1,50,'A-Bank'),(1504,1,50,'Khalti'),(1505,1,50,'Esewa'),(1506,1,50,'AirTM'),(1507,1,50,'Bank of America'),(1508,1,50,'Cash app'),(1509,1,50,'IME Pay'),(1510,1,50,'Interac e-Transfer'),(1511,1,50,'Privat Bank (Universal Card)'),(1512,1,50,'International Wire (SWIFT)'),(1513,1,50,'Lightning UPI'),(1514,1,50,'Wise'),(1515,1,50,'Abu Dhabi Commercial Bank ADCB'),(1516,1,50,'Alipay'),(1517,1,50,'Bank Jago'),(1518,1,50,'M-PESA Kenya (Safaricom)'),(1519,1,50,'National Bank of Abu Dhabi FAB'),(1520,1,50,'Perfect Money'),(1521,1,50,'Pipol Pay'),(1522,1,50,'WeChat'),(1523,1,51,'Bank Transfer'),(1524,1,51,'Alipay'),(1525,1,51,'WeChat'),(1526,1,52,'Bank Transfer'),(1527,1,52,'True Money'),(1528,1,52,'ShopeePay-SEA'),(1529,1,52,'LINE Pay'),(1530,1,52,'Cash Deposit to Bank'),(1531,1,52,'Western Union'),(1532,1,52,'Alipay'),(1533,1,52,'Transfers with specific bank'),(1534,1,52,'Bank Transfer (Middle East)'),(1535,1,52,'Bank slip'),(1536,1,52,'Wise'),(1537,1,52,'Interbank'),(1538,1,52,'LINE Bank'),(1539,1,52,'Moneygram'),(1540,1,52,'International Wire (SWIFT)'),(1541,1,52,'Tinkoff'),(1542,1,53,'Humo'),(1543,1,53,'Uzcard'),(1544,1,53,'Unired'),(1545,1,53,'Uzbek National Bank'),(1546,1,53,'Kapitalbank'),(1547,1,53,'Anorbank'),(1548,1,53,'MTS-Bank'),(1549,1,53,'TBC Bank'),(1550,1,53,'Paysend.com'),(1551,1,53,'Bank Transfer'),(1552,1,53,'PayMe'),(1553,1,53,'SalamPay'),(1554,1,53,'Apelsin'),(1555,1,53,'Agrobank'),(1556,1,53,'InfinBank'),(1557,1,53,'CLICK'),(1558,1,53,'Mobile top-up'),(1559,1,53,'Tinkoff'),(1560,1,53,'Aloqa Bank'),(1561,1,53,'Xalq Bank'),(1562,1,53,'Asaka Bank'),(1563,1,53,'Trust'),(1564,1,53,'Ipoteka Bank'),(1565,1,53,'Paynet'),(1566,1,53,'KoronaPay'),(1567,1,53,'QIWI'),(1568,1,53,'Uzpromstroybank'),(1569,1,53,'Asia United Bank'),(1570,1,53,'PayGram'),(1571,1,53,'Payeer'),(1572,1,53,'RosBank'),(1573,1,53,'Turon Bank'),(1574,1,53,'UnionPay'),(1575,1,53,'Alipay'),(1576,1,53,'Bank of America'),(1577,1,53,'Capitron Bank'),(1578,1,53,'HalkBank'),(1579,1,53,'MAIB'),(1580,1,53,'MICB'),(1581,1,53,'Perfect Money'),(1582,1,53,'Qishloq Qurilish Bank'),(1583,1,53,'BinancePay (RUB)'),(1584,1,53,'Revolut'),(1585,1,53,'TrastBank'),(1586,1,53,'Ukrsibbank'),(1587,1,53,'Victoriabank'),(1588,1,53,'Zelle'),(1589,1,54,'Bank Transfer'),(1590,1,54,'LINE Pay'),(1591,1,54,'Post Bank'),(1592,1,54,'7-Eleven'),(1593,1,54,'Revolut'),(1594,1,54,'Transfers with specific bank'),(1595,1,54,'Cash Deposit to Bank'),(1596,1,54,'Alipay'),(1597,1,54,'WeChat'),(1598,1,54,'Wise'),(1599,1,55,'Bank Transfer'),(1600,1,55,'Khan Bank'),(1601,1,55,'Golomt Bank'),(1602,1,55,'Trade and Development Bank'),(1603,1,55,'Social Pay'),(1604,1,55,'Mongol Chat'),(1605,1,55,'LendMN'),(1606,1,55,'State Bank'),(1607,1,55,'SuperUp'),(1608,1,55,'XacBank'),(1609,1,55,'Revolut'),(1610,1,56,'Blik'),(1611,1,56,'PKO Bank'),(1612,1,56,'Millennium'),(1613,1,56,'Revolut'),(1614,1,56,'Santander Poland'),(1615,1,56,'Bank Transfer'),(1616,1,56,'Wise'),(1617,1,56,'BNP Paribas'),(1618,1,56,'Bank Pekao'),(1619,1,56,'ZEN'),(1620,1,56,'mBank'),(1621,1,56,'ING'),(1622,1,56,'Credit Agricole'),(1623,1,56,'Alior Bank'),(1624,1,56,'Getin Noble Bank'),(1625,1,56,'Skrill (Moneybookers)'),(1626,1,56,'Citi Handlowy'),(1627,1,56,'Paysend.com'),(1628,1,56,'BGZ BNP Paribas'),(1629,1,56,'Post Bank'),(1630,1,56,'Monobank'),(1631,1,56,'Apple Pay'),(1632,1,56,'Paysera'),(1633,1,56,'Uphold'),(1634,1,56,'7-Eleven'),(1635,1,56,'Agrobank'),(1636,1,56,'Banco Promerica SV'),(1637,1,56,'Bank Transfer (India)'),(1638,1,56,'BOS Bank'),(1639,1,56,'Payeer'),(1640,1,57,'Wise'),(1641,1,57,'Revolut'),(1642,1,57,'Bank Transfer'),(1643,1,57,'Lloyds Bank'),(1644,1,57,'Monzo'),(1645,1,57,'Faster Payments'),(1646,1,57,'ZEN'),(1647,1,57,'Starling Bank'),(1648,1,57,'Faster Payment System (FPS)'),(1649,1,57,'Advcash'),(1650,1,57,'Skrill (Moneybookers)'),(1651,1,57,'Paysend.com'),(1652,1,57,'Bank Transilvania'),(1653,1,57,'International Wire (SWIFT)'),(1654,1,57,'SEPA Instant'),(1655,1,57,'Privat Bank (Universal Card)'),(1656,1,57,'Sterling Bank'),(1657,1,57,'SEPA (EU) bank transfer'),(1658,1,57,'AirTM'),(1659,1,57,'Paysera'),(1660,1,57,'Transfers with specific bank'),(1661,1,57,'Cash app'),(1662,1,57,'Cash Deposit to Bank'),(1663,1,57,'Alipay'),(1664,1,57,'NETELLER'),(1665,1,57,'Western Union'),(1666,1,57,'IMPS'),(1667,1,57,'N26'),(1668,1,57,'WorldRemit'),(1669,1,57,'Bank Transfer (India)'),(1670,1,57,'Bank of Georgia'),(1671,1,57,'CIMB Niaga'),(1672,1,57,'DenizBank'),(1673,1,57,'Easypaisa-PK Only'),(1674,1,57,'Gcash'),(1675,1,57,'Maybank'),(1676,1,57,'NayaPay'),(1677,1,57,'Raast'),(1678,1,57,'Tinkoff'),(1679,1,57,'UnionBank of the Philippines'),(1680,1,57,'UPI'),(1681,1,57,'UniCredit'),(1682,1,57,'WeChat'),(1683,1,57,'Bank Transfer (Middle East)'),(1684,1,57,'Bank Transfer (Turkey)'),(1685,1,57,'ForteBank'),(1686,1,57,'Garanti'),(1687,1,57,'Kuveyt Turk'),(1688,1,57,'Moneygram'),(1689,1,57,'OTP'),(1690,1,57,'Payall'),(1691,1,57,'Paymaya'),(1692,1,57,'PayMe'),(1693,1,57,'Paytm'),(1694,1,57,'PhonePe'),(1695,1,57,'QIWI'),(1696,1,57,'Standard Chartered Bank'),(1697,1,57,'True Money'),(1698,1,57,'UnionPay'),(1699,1,57,'VakifBank'),(1700,1,57,'Vivid Money'),(1701,1,57,'Ziraat'),(1702,1,58,'Bank Transfer'),(1703,1,58,'A-Bank'),(1704,1,58,'Transfers with specific bank'),(1705,1,58,'PriorBank'),(1706,1,58,'MTBank'),(1707,1,58,'Paritet Bank'),(1708,1,58,'Tinkoff'),(1709,1,58,'Cash Deposit to Bank'),(1710,1,58,'Privat Bank (Universal Card)'),(1711,1,58,'International Wire (SWIFT)'),(1712,1,58,'Technobank'),(1713,1,58,'Agrobank'),(1714,1,58,'KoronaPay'),(1715,1,58,'RosBank'),(1716,1,58,'SEPA (EU) bank transfer'),(1717,1,58,'Monobank'),(1718,1,58,'Raiffeisenbank'),(1719,1,58,'Statusbank'),(1720,1,59,'Wise'),(1721,1,59,'Bank Transfer'),(1722,1,59,'SEPA (EU) bank transfer'),(1723,1,59,'Revolut'),(1724,1,59,'OTP Bank'),(1725,1,59,'International Wire (SWIFT)'),(1726,1,59,'K&H Bank'),(1727,1,59,'ZEN'),(1728,1,60,'Gcash'),(1729,1,60,'Bank Transfer'),(1730,1,60,'UnionBank of the Philippines'),(1731,1,60,'Paymaya'),(1732,1,60,'Bank of the Philippine Islands (BPI)'),(1733,1,60,'SEA Bank'),(1734,1,60,'Banco De Oro (BDO)'),(1735,1,60,'Coins.ph'),(1736,1,60,'Metropolitan Bank of the Philippines'),(1737,1,60,'Rizal Commercial Banking Corporation'),(1738,1,60,'Landbank of the Philippines'),(1739,1,60,'Philippines National Bank (PNB)'),(1740,1,60,'CIMB Philippines'),(1741,1,60,'Asia United Bank'),(1742,1,60,'ShopeePay-SEA'),(1743,1,60,'Maybank'),(1744,1,60,'Cash Deposit to Bank'),(1745,1,60,'Sterling Bank'),(1746,1,60,'Cash in Person'),(1747,1,60,'7-Eleven'),(1748,1,60,'Alipay'),(1749,1,60,'Bank of America'),(1750,1,60,'CIMB Niaga'),(1751,1,60,'LINE Pay'),(1752,1,61,'Bank Transfer'),(1753,1,61,'PayMe'),(1754,1,61,'Kuwait Finance House (KFH)'),(1755,1,61,'National Bank of Kuwait (K.S.C) (NBK)'),(1756,1,61,'Boubyan Bank (K.S.C) (Boubyan)'),(1757,1,61,'Bank Transfer (Middle East)'),(1758,1,61,'Cash Deposit to Bank'),(1759,1,61,'Burgan Bank (K.S.C) (Burgan)'),(1760,1,61,'Gulf Bank (K.S.C) (GBK)'),(1761,1,61,'Attijari Bank'),(1762,1,61,'A-Bank'),(1763,1,61,'Paytm'),(1764,1,61,'UPI'),(1765,1,61,'Western Union'),(1766,1,61,'Transfers with specific bank'),(1767,1,61,'Skrill (Moneybookers)'),(1768,1,61,'Wise'),(1769,1,61,'Apple Pay'),(1770,1,61,'Billetera Personal'),(1771,1,61,'Easypaisa-PK Only'),(1772,1,61,'LinkAja'),(1773,1,61,'NayaPay'),(1774,1,61,'Raast'),(1775,1,61,'International Wire (SWIFT)'),(1776,1,61,'AYA Pay'),(1777,1,61,'Advcash'),(1778,1,61,'Ahlibank'),(1779,1,61,'Banco Atlantida'),(1780,1,61,'Kuveyt Turk'),(1781,1,61,'M-pesa (Vodafone)'),(1782,1,61,'PhonePe'),(1783,1,61,'RosBank'),(1784,1,62,'Bank Transfer'),(1785,1,62,'Vision Banco'),(1786,1,62,'Tigo Money'),(1787,1,62,'Banco Familiar'),(1788,1,62,'Banco Itau Paraguay'),(1789,1,62,'Banco Atlas'),(1790,1,62,'Banco Continental Paraguay'),(1791,1,62,'Banco GNB Paraguay'),(1792,1,62,'Cash in Person'),(1793,1,62,'Interfisa Banco'),(1794,1,62,'Cash Deposit to Bank'),(1795,1,62,'Banco Regional'),(1796,1,62,'Recarga Pines'),(1797,1,62,'Banco Rio'),(1798,1,62,'Financiera Solar'),(1799,1,62,'BBVA'),(1800,1,62,'Banco Economico'),(1801,1,62,'Finexpar'),(1802,1,62,'Pago Movil'),(1803,1,64,'Bancolombia S.A'),(1804,1,64,'Nequi'),(1805,1,64,'Davivienda S.A'),(1806,1,64,'Daviplata'),(1807,1,64,'Banco de Bogota'),(1808,1,64,'BBVA'),(1809,1,64,'Scotiabank Colpatria'),(1810,1,64,'Movii'),(1811,1,64,'Banco Falabella'),(1812,1,64,'Efecty'),(1813,1,64,'Cash Deposit to Bank'),(1814,1,64,'Bank Transfer'),(1815,1,64,'Banco Davivienda SV'),(1816,1,64,'Transfers with specific bank'),(1817,1,64,'Uala'),(1818,1,64,'Banco Popular'),(1819,1,64,'Zelle'),(1820,1,64,'Skrill (Moneybookers)'),(1821,1,64,'Cash in Person'),(1822,1,64,'Bank of America'),(1823,1,64,'Billetera Personal'),(1824,1,64,'Banco Estado'),(1825,1,64,'Banco Union'),(1826,1,64,'Credit Bank of Peru'),(1827,1,64,'Mercadopago'),(1828,1,64,'Pago Movil'),(1829,1,64,'Recarga Pines'),(1830,1,64,'Western Union'),(1831,1,64,'Wise'),(1832,1,65,'Vodafone cash'),(1833,1,65,'Bank Transfer'),(1834,1,65,'National Bank of Egypt (NBE)'),(1835,1,65,'CIB Bank'),(1836,1,65,'Banque Misr'),(1837,1,65,'CIB'),(1838,1,65,'Alex Bank'),(1839,1,65,'Orange Money - OM'),(1840,1,65,'QNB'),(1841,1,65,'Ahlibank'),(1842,1,65,'Qatar National Bank QNB'),(1843,1,65,'Banque du Caire'),(1844,1,65,'Arab Bank'),(1845,1,65,'Cash app'),(1846,1,65,'alBaraka'),(1847,1,65,'Wise'),(1848,1,65,'Cash Deposit to Bank'),(1849,1,65,'HSBC Uruguay'),(1850,1,65,'Transfers with specific bank'),(1851,1,65,'Credit Agricole'),(1852,1,65,'EasyPay'),(1853,1,65,'ADIB: Abu Dhabi Islamic Bank'),(1854,1,65,'CashU'),(1855,1,65,'HSBC Bank Middle East Limited - Bahrain'),(1856,1,65,'Perfect Money'),(1857,1,65,'Skrill (Moneybookers)'),(1858,1,65,'Attijariwafa National Bank'),(1859,1,65,'BAC Costa Rica'),(1860,1,65,'Bank Audi'),(1861,1,65,'Bank Transfer (Middle East)'),(1862,1,65,'HSBC Oman'),(1863,1,65,'Paysend.com'),(1864,1,65,'Paysera'),(1865,1,65,'SmartPay'),(1866,1,65,'Western Union'),(1867,1,66,'La Banque postale'),(1868,1,66,'Post Bank'),(1869,1,66,'Postepay'),(1870,1,66,'Bank Transfer'),(1871,1,66,'Paysera'),(1872,1,66,'Cash Deposit to Bank'),(1873,1,66,'Banque extrieure dAlgrie (BEA)'),(1874,1,66,'Banque nationale dAlgrie (BNA)'),(1875,1,66,'Crdit populaire d\'Algrie (CPA)'),(1876,1,66,'Advcash'),(1877,1,66,'Banque de l\'agriculture et du dveloppement rural (BADR)'),(1878,1,66,'Banque de dveloppement local (BDL)'),(1879,1,66,'BNP Paribas'),(1880,1,66,'Transfers with specific bank'),(1881,1,67,'Banesco Panama'),(1882,1,67,'Banco General Panama'),(1883,1,67,'Zinli'),(1884,1,67,'Mercantil Bank Panama'),(1885,1,67,'Mony'),(1886,1,67,'Banistmo Panama'),(1887,1,67,'Nequi'),(1888,1,67,'Towerbank'),(1889,1,67,'Transferencia ACH (Panam)'),(1890,1,67,'BAC Credomatic'),(1891,1,67,'Wise'),(1892,1,67,'Cash Deposit to Bank'),(1893,1,67,'Uphold'),(1894,1,67,'AirTM'),(1895,1,67,'Global Bank Panama'),(1896,1,67,'Mercantil'),(1897,1,67,'Scotiabank Panama'),(1898,1,67,'Facebank International'),(1899,1,67,'Multibank Panama'),(1900,1,67,'Payall'),(1901,1,68,'Optima Bank'),(1902,1,68,'mBank'),(1903,1,68,'DemirBank'),(1904,1,68,'Elcart'),(1905,1,68,'Bakai Bank'),(1906,1,68,'Mobile top-up'),(1907,1,68,'Halyk Bank'),(1908,1,68,'Altyn Bank'),(1909,1,68,'O!Money'),(1910,1,68,'Commercial bank Kyrgyzstan'),(1911,1,68,'KICB'),(1912,1,68,'RSK Bank'),(1913,1,68,'Bank Transfer'),(1914,1,68,'Aiyl Bank'),(1915,1,68,'Transfers with specific bank'),(1916,1,68,'RosBank'),(1917,1,68,'Tinkoff'),(1918,1,68,'Western Union'),(1919,1,69,'Credit Bank of Peru'),(1920,1,69,'Interbank'),(1921,1,69,'Banco de Credito'),(1922,1,69,'BBVA'),(1923,1,69,'Yape'),(1924,1,69,'Scotiabank Peru'),(1925,1,69,'Plin'),(1926,1,69,'Bank Transfer'),(1927,1,69,'Bank Transfer Peru'),(1928,1,69,'Transfers with specific bank'),(1929,1,69,'Banco Falabella'),(1930,1,69,'Prex'),(1931,1,69,'BanBif'),(1932,1,69,'Cash in Person'),(1933,1,69,'Cash Deposit to Bank'),(1934,1,69,'Banesco'),(1935,1,69,'Davivienda S.A'),(1936,1,69,'Ligo'),(1937,1,69,'Provincial'),(1938,1,69,'Skrill (Moneybookers)'),(1939,1,70,'Bank Transfer'),(1940,1,70,'Wise'),(1941,1,70,'Alipay'),(1942,1,70,'Lloyds Bank'),(1943,1,70,'Starling Bank'),(1944,1,70,'Transfers with specific bank'),(1945,1,70,'Cash Deposit to Bank'),(1946,1,70,'WeChat'),(1947,1,70,'Monzo'),(1948,1,70,'Revolut'),(1949,1,71,'MTN Mobile Money'),(1950,1,71,'MoMo'),(1951,1,71,'Orange Money - OM'),(1952,1,71,'Airtel Money'),(1953,1,71,'Mobile top-up'),(1954,1,71,'Ecobank'),(1955,1,71,'Bank Transfer'),(1956,1,71,'M-pesa (Vodafone)'),(1957,1,71,'National Bank of Abu Dhabi FAB'),(1958,1,71,'Wise'),(1959,1,71,'Zelle'),(1960,1,72,'Pix'),(1961,1,72,'Bank Transfer (Brazil)'),(1962,1,72,'PicPay'),(1963,1,72,'Transfers with specific bank'),(1964,1,72,'Mercadopago'),(1965,1,72,'PagSeguro'),(1966,1,72,'Bank Transfer'),(1967,1,72,'Ita Brazil'),(1968,1,72,'Nurbank'),(1969,1,72,'Bank slip'),(1970,1,72,'Interbank'),(1971,1,72,'AirTM'),(1972,1,72,'Banco del Sol'),(1973,1,72,'Credit Bank of Peru'),(1974,1,1,'Sberbank'),(1975,1,1,'Sberbank'),(1976,1,1,'Tinkoff'),(1978,1,1,'RosBank'),(1979,1,1,'Raiffeisenbank'),(1980,1,1,'Raiffeisenbank'),(1981,1,1,'freedom finance'),(1982,1,1,'Metallinvestbank'),(1983,1,1,''),(1984,1,1,'Investtorgbank'),(1985,1,1,'DOM.RF Bank'),(1986,1,1,'  '),(2000,1,1,''),(2001,1,1,' b2b');
/*!40000 ALTER TABLE `payment_type` ENABLE KEYS */;
UNLOCK TABLES;

--
-- Table structure for table `payment_user`
--

DROP TABLE IF EXISTS `payment_user`;
/*!40101 SET @saved_cs_client     = @@character_set_client */;
/*!40101 SET character_set_client = utf8 */;
CREATE TABLE `payment_user` (
  `id` int(11) NOT NULL AUTO_INCREMENT,
  `user_id` int(11) NOT NULL,
  `payment_id` int(11) NOT NULL,
  `value` varchar(255) NOT NULL,
  `payment_receiver` varchar(255) DEFAULT NULL,
  `active` int(11) NOT NULL DEFAULT 1,
  PRIMARY KEY (`id`)
) ENGINE=InnoDB AUTO_INCREMENT=108 DEFAULT CHARSET=utf8mb4 COLLATE=utf8mb4_general_ci;
/*!40101 SET character_set_client = @saved_cs_client */;

--
-- Dumping data for table `payment_user`
--

LOCK TABLES `payment_user` WRITE;
/*!40000 ALTER TABLE `payment_user` DISABLE KEYS */;
INSERT INTO `payment_user` VALUES (1,1,1,'5469680012017762',NULL,1),(2,1,1,'500000',NULL,1),(3,1,3,'9999',NULL,1),(4,1,2,'5555055546806564168055',NULL,1),(5,21,1,'42421581518121881',NULL,1),(6,1,3,'1223',NULL,1),(7,30,1,'4444 4444 4444 4444',NULL,1),(8,118,2,'4444144444444',NULL,1),(9,119,1,'4444 4444 4444 4444',NULL,1),(10,119,-1,'4444 4444 4444 4444',NULL,1),(11,119,-1,'4444 4444 4444 4444',NULL,1),(12,119,1,'4444 4444 4444 4444',NULL,1),(13,24,2,'44444444444444',NULL,1),(14,24,1,'56897546464685',NULL,1),(15,24,3,'989868689868967',NULL,1),(16,24,4,'656565',NULL,0),(17,1,2,'1223',NULL,1),(18,143,1,'2222222',NULL,1),(19,149,1,'65599',NULL,1),(20,152,1,'11111111111111',NULL,1),(21,314,4,'11111111111111112','name12',0),(24,314,6,'0986983476592384','name222',1),(26,315,32,'2222 2222 2222 2222',' ',1),(28,356,33,'4949494','artwm',0),(29,307,4,'1234 1234 1234 1235','qqqq12',0),(30,356,15,'456775456776555','',0),(31,307,31,'987698769876','hhhh',1),(32,307,32,'098097987','jjjjj',0),(33,307,33,'54etyert3457456745','qwerrr',1),(34,307,34,'35634563456','dfhdfghdf',1),(35,356,29,'49484848484848','',0),(36,307,6,'s3534563456 356','zsdgfdsfg',1),(37,307,14,'234653456','dfghfdgh',1),(38,307,16,'345634564','sdfgdf',1),(39,307,15,'2345345','wert',1),(40,317,4,'7','5677 7777',0),(41,317,33,'','3455',1),(42,315,4,'2222 2222 2222 2222','Ruslan M.',0),(43,315,33,'2222 2222 2222 2222','Ruslan M.',1),(44,428,8,'2222 2222 2222 2222','22222222',1),(45,428,32,'6666 6666 6666 6666','test',1),(46,428,7,'7777 7777 7777 7777','7777wrtwe',0),(47,428,4,'5555 5555 5555 5555','fdafwafawfaw',0),(48,429,4,'2435245245','qwergqwergqwerg',0),(49,356,4,'5577943400544','',0),(50,436,11,'7777 7777 7777 7777','test',1),(51,436,8,'5555 5555 5555 5555','rwafewa',1),(52,435,8,'2132 1234 2325 2412','defwfawef ewa few f',1),(53,437,8,'2222 3123 1241 2432','34232423412 fera frea',1),(54,438,32,'7777 7777 7777 7777','Name name name',1),(55,438,33,'6666 6666 6666 6666','feegegreg re g ',1),(56,440,32,'6564 3523 4235 2324','124124',1),(57,440,33,'4444 4444 4444 4444','te et',1),(58,443,33,'5555 5555 5555 5555','55555555555555',1),(59,429,5,'56256235612356','',1),(60,448,4,'1223 4432 2223 4444','',0),(61,449,4,'4444 4444 4444 4444','43',0),(62,429,33,'ery435','456456456',1),(63,456,33,'1111 1111 1111 1111','1',1),(64,438,4,'6767 7777 7777 7676','665456',0),(65,462,33,'2727 3772 7272 7727','Sbannsndbx',1),(66,463,1976,'4444 4444 4444 4444','   ',1),(67,356,5,'5566 5566 5544 4455',' ',1),(68,481,32,'1234 4321 1234 4421','  ',1),(69,482,5,'5444 4444 4444 4444','444444444444444',0),(70,464,4,'8916 3535 3535 2535','',0),(71,464,1976,'4444 4133 3133 3333','PNG ',0),(72,511,5,'2222 2222 2222 2222','wefwf',0),(73,511,4,'11111111111','3213123',0),(74,511,6,'1111 1111 1111 1111','1111111111111',1),(75,514,4,'77777777777','777777777777777777777777777',0),(76,438,6,'1111 1111 1111 1111',' ',0),(77,438,10,'5235 4323 5244 2341','12222222222222222',1),(78,356,5,'6786 7867 8678 6788','',1),(79,464,32,'5555 5555 5555 5555','Pavel',0),(80,464,5,'4444 4444 4544 4545','',0),(81,541,32,'4325 5949 3929 4959','  ',1),(82,534,5,'8976 8978 9789 7897','hlghklg',1),(83,544,6,'3111 1111 1111 1111','12312',1),(84,545,6,'4555 5555 5555 5555','5555555555',1),(85,546,12,'3424 3423 4234 3532','2345',1),(86,548,32,'1234 4859 5030 8490',' ',1),(87,556,8,'2111 1111 1111 1111','111111111',1),(88,558,6,'4727 2874 7473 7273','Xbbs',1),(89,560,7,'6754 5775 4467 7754','Bchj',1),(90,562,32,'4444 4444 4444 4444','Pavel',1),(91,563,32,'5434 3447 8654 3344','Naumov pavel ',1),(92,525,32,'1234 5677 8909 8754','Arina Box ',1),(93,557,32,'3444 1555 2525 5255','Pavel',1),(94,571,32,'3333 3333 3333 3333','Mg',1),(95,572,32,'3256 2527 3624 3445','Ffhbc',0),(96,356,5,'1234 4333 2112 3434','',0),(97,572,32,'5555 5555 5555 5555','',1),(98,464,32,'4344 4444 4455 5555','Ph',0),(99,464,32,'5555 5555 5556 6778','Fd',1),(100,464,1976,'5534 3525 3536 3657','Poor ',1),(101,573,32,'2929 4494 7483 9393','   ',1),(102,502,32,'4276 4000 3544 6792','  ',0),(103,580,32,'1111 1111 1111 1111','  ',1),(104,580,5,'1111 1111 1111 1111','  ',1),(105,581,32,'1111 1111 1111 1111','  ',1),(106,579,32,'1234 5678 0000 0000','   ',1),(107,589,32,'6666 6666 6666 6666','66666',1);
/*!40000 ALTER TABLE `payment_user` ENABLE KEYS */;
UNLOCK TABLES;

--
-- Table structure for table `ratings_history`
--

DROP TABLE IF EXISTS `ratings_history`;
/*!40101 SET @saved_cs_client     = @@character_set_client */;
/*!40101 SET character_set_client = utf8 */;
CREATE TABLE `ratings_history` (
  `id` int(11) NOT NULL AUTO_INCREMENT,
  `user_id` int(11) NOT NULL,
  `type` int(11) NOT NULL,
  `created_at` timestamp NOT NULL DEFAULT current_timestamp() ON UPDATE current_timestamp(),
  `description` varchar(255) DEFAULT NULL,
  `user_id_rater` int(11) NOT NULL,
  `history_id` int(11) DEFAULT NULL,
  PRIMARY KEY (`id`)
) ENGINE=InnoDB AUTO_INCREMENT=20 DEFAULT CHARSET=utf8mb4 COLLATE=utf8mb4_general_ci;
/*!40101 SET character_set_client = @saved_cs_client */;

--
-- Dumping data for table `ratings_history`
--

LOCK TABLES `ratings_history` WRITE;
/*!40000 ALTER TABLE `ratings_history` DISABLE KEYS */;
INSERT INTO `ratings_history` VALUES (3,438,5,'2024-03-08 07:00:30','sdfg',438,5),(4,438,5,'2024-03-08 07:11:36','55555',559,8),(5,438,5,'2024-03-08 07:19:36','',559,9),(6,356,5,'2024-03-08 08:11:28','1',356,2),(7,438,5,'2024-03-08 11:14:30','6666666',438,10),(8,438,5,'2024-03-08 11:14:38','Hdhdhe',560,10),(9,560,5,'2024-03-09 10:28:01','',438,6),(10,560,5,'2024-03-09 10:28:12','Dhsjjs',560,6),(11,560,5,'2024-03-09 11:10:37','to buyer',438,11),(12,438,5,'2024-03-09 11:10:45','To seller',560,11),(13,560,5,'2024-03-09 11:15:17','to buyer',438,7),(14,438,5,'2024-03-09 11:15:22','To seller',560,7),(15,429,5,'2024-03-10 12:41:06','1',356,15),(16,563,5,'2024-03-11 08:37:25','',356,5),(17,464,5,'2024-03-20 09:57:08','',356,3),(18,502,5,'2024-03-28 07:00:47',' ',573,37),(19,573,1,'2024-03-28 07:00:55','',502,37);
/*!40000 ALTER TABLE `ratings_history` ENABLE KEYS */;
UNLOCK TABLES;

--
-- Table structure for table `spot`
--

DROP TABLE IF EXISTS `spot`;
/*!40101 SET @saved_cs_client     = @@character_set_client */;
/*!40101 SET character_set_client = utf8 */;
CREATE TABLE `spot` (
  `id` int(11) NOT NULL AUTO_INCREMENT,
  `user_id` int(11) NOT NULL,
  `chart_id` int(11) NOT NULL,
  `wallet_id` int(11) NOT NULL,
  `type` int(11) NOT NULL,
  `order_type` int(11) NOT NULL,
  `price` decimal(27,8) NOT NULL,
  `amount` decimal(27,8) NOT NULL,
  `final_amount` decimal(27,8) NOT NULL DEFAULT 0.00000000,
  `date` int(11) NOT NULL,
  `status` int(11) NOT NULL DEFAULT 0,
  PRIMARY KEY (`id`)
) ENGINE=InnoDB AUTO_INCREMENT=28 DEFAULT CHARSET=utf8mb4 COLLATE=utf8mb4_general_ci;
/*!40101 SET character_set_client = @saved_cs_client */;

--
-- Dumping data for table `spot`
--

LOCK TABLES `spot` WRITE;
/*!40000 ALTER TABLE `spot` DISABLE KEYS */;
INSERT INTO `spot` VALUES (20,1,260,2,0,0,1153.00000000,50.00000000,0.00000000,1669225573,0),(21,21,258,15,0,0,0.00000000,0.00000000,0.00000000,1670592196,0),(22,21,258,15,0,0,0.00000000,0.00000000,0.00000000,1670592198,0),(23,1,260,18,0,0,0.00000000,0.00000000,0.00000000,1673535579,0),(24,1,260,18,0,0,0.00000000,0.00000000,0.00000000,1673535579,0),(25,152,258,23,0,0,0.00000000,0.00000000,0.00000000,1681809945,0),(26,152,258,23,0,0,0.00000000,0.00000000,0.00000000,1681809945,0),(27,281,258,25,0,0,0.00000000,0.00000000,0.00000000,1685309370,0);
/*!40000 ALTER TABLE `spot` ENABLE KEYS */;
UNLOCK TABLES;

--
-- Table structure for table `status_type`
--

DROP TABLE IF EXISTS `status_type`;
/*!40101 SET @saved_cs_client     = @@character_set_client */;
/*!40101 SET character_set_client = utf8 */;
CREATE TABLE `status_type` (
  `id` int(11) NOT NULL AUTO_INCREMENT,
  `status_id` int(2) NOT NULL,
  `title` varchar(255) NOT NULL,
  `active` int(11) DEFAULT 1,
  PRIMARY KEY (`id`)
) ENGINE=InnoDB AUTO_INCREMENT=11 DEFAULT CHARSET=utf8mb4 COLLATE=utf8mb4_general_ci;
/*!40101 SET character_set_client = @saved_cs_client */;

--
-- Dumping data for table `status_type`
--

LOCK TABLES `status_type` WRITE;
/*!40000 ALTER TABLE `status_type` DISABLE KEYS */;
INSERT INTO `status_type` VALUES (1,-1,'',1),(2,1,'',1),(3,2,'',1),(4,4,'',1),(5,5,' ',1),(6,6,'',1),(7,7,' ',1),(8,8,'',1),(9,9,'',1),(10,10,' ',1);
/*!40000 ALTER TABLE `status_type` ENABLE KEYS */;
UNLOCK TABLES;

--
-- Table structure for table `user`
--

DROP TABLE IF EXISTS `user`;
/*!40101 SET @saved_cs_client     = @@character_set_client */;
/*!40101 SET character_set_client = utf8 */;
CREATE TABLE `user` (
  `id` int(11) NOT NULL AUTO_INCREMENT,
  `login` varchar(255) NOT NULL,
  `password` varchar(255) NOT NULL,
  `email` varchar(255) DEFAULT NULL,
  `phone` bigint(11) DEFAULT NULL,
  `verify_status` int(11) NOT NULL DEFAULT 0,
  `chart_id` int(11) NOT NULL DEFAULT 258,
  `currency_id` int(11) NOT NULL DEFAULT 1,
  `telegram` varchar(255) DEFAULT NULL,
  `token` varchar(255) DEFAULT NULL,
  `status` int(11) NOT NULL DEFAULT 0,
  `verification_code` varchar(45) DEFAULT NULL,
  `verification_code_expiration` varchar(45) DEFAULT NULL,
  `first_name` varchar(45) DEFAULT NULL,
  `last_name` varchar(45) DEFAULT NULL,
  `patronymic` varchar(45) DEFAULT NULL,
  `blocked_before` int(11) DEFAULT NULL,
  `created_at` timestamp NOT NULL DEFAULT current_timestamp() ON UPDATE current_timestamp(),
  `app_id` int(2) DEFAULT 2,
  `uid` int(20) DEFAULT NULL,
  `country` varchar(50) DEFAULT NULL,
  `city` varchar(255) DEFAULT NULL,
  `is_admin` int(11) DEFAULT 0,
  `affiliate_invitation_id` int(10) DEFAULT NULL,
  `deleted` int(11) DEFAULT 0,
  `banned` int(11) DEFAULT 0,
  `last_visit_time` timestamp NOT NULL DEFAULT '0000-00-00 00:00:00',
  `confirm_email` timestamp NOT NULL DEFAULT '0000-00-00 00:00:00',
  `confirm_reset_expire` timestamp NOT NULL DEFAULT '0000-00-00 00:00:00',
  `confirm_delete_expire` timestamp NOT NULL DEFAULT '0000-00-00 00:00:00',
  `delete_date` timestamp NOT NULL DEFAULT '0000-00-00 00:00:00',
  `confirm_email_token` varchar(36) DEFAULT NULL,
  `confirm_reset_token` varchar(36) DEFAULT NULL,
  `confirm_delete_token` varchar(36) DEFAULT NULL,
  `comment` text DEFAULT NULL,
  `last_ip` varchar(15) DEFAULT '0.0.0.0',
  `avatar` int(11) DEFAULT NULL,
  PRIMARY KEY (`id`),
  UNIQUE KEY `uid` (`uid`)
) ENGINE=InnoDB AUTO_INCREMENT=595 DEFAULT CHARSET=utf8 COLLATE=utf8_bin;
/*!40101 SET character_set_client = @saved_cs_client */;

--
-- Dumping data for table `user`
--

LOCK TABLES `user` WRITE;
/*!40000 ALTER TABLE `user` DISABLE KEYS */;
INSERT INTO `user` VALUES (247,'sergey','$2y$13$Qwc86iRfHnJUwC0GrEl2OuScgnZ5aK0tXYvaJ/8fJilTjlXCBLmx2','sergeykozlov.d@ya.ru',NULL,1,258,261,'','njQUrkRd-ieQv1Ad19KjUkN370F49UMx',1,NULL,NULL,NULL,NULL,NULL,NULL,'2024-03-19 13:08:56',2,NULL,NULL,NULL,0,NULL,0,0,'0000-00-00 00:00:00','0000-00-00 00:00:00','0000-00-00 00:00:00','0000-00-00 00:00:00','0000-00-00 00:00:00',NULL,NULL,NULL,NULL,'172.68.207.165',1),(254,'armen1212','$2y$13$jLL0gwAKBNzFoVn0qEsHaeN6HYV5QxBcoJ7ZqfjjnRsM1ANkO/uK.','grepashanaumov@yandex.ru',NULL,0,258,1,NULL,'j6EBf3E_eqCHsMbSUnI54NSIIzk4E-HO',1,NULL,NULL,NULL,NULL,NULL,NULL,'2024-03-19 13:08:56',2,NULL,NULL,NULL,0,NULL,0,0,'0000-00-00 00:00:00','0000-00-00 00:00:00','0000-00-00 00:00:00','0000-00-00 00:00:00','0000-00-00 00:00:00',NULL,NULL,NULL,NULL,'0.0.0.0',1),(283,'sergey1','$2y$13$5b/cEHzx8CLbSR/fJIWgyOqli6OVGakBtIQP9GzD.vXuucltRDW9m','sergeykozlov.d+1@ya.ru',NULL,0,2298,1,'','GptLcytPZJyKG9qXiwZnSTAnBjVzV4mz',1,'400469','1686235060',NULL,NULL,NULL,1686029414,'2024-03-19 13:08:56',2,NULL,NULL,NULL,0,NULL,0,0,'0000-00-00 00:00:00','0000-00-00 00:00:00','0000-00-00 00:00:00','0000-00-00 00:00:00','0000-00-00 00:00:00',NULL,NULL,NULL,NULL,'0.0.0.0',1),(285,'pashafox1994','$2y$13$Qr1I2dXtu0DkHTuGo4YBD.yQM1ShlPVAUIwz3R4/FHz7hVM7bE6DK','gre.testcoin@gmail.com',NULL,0,258,3,'',NULL,1,NULL,NULL,NULL,NULL,NULL,NULL,'2024-03-19 13:08:56',2,NULL,NULL,NULL,0,NULL,0,0,'0000-00-00 00:00:00','0000-00-00 00:00:00','0000-00-00 00:00:00','0000-00-00 00:00:00','0000-00-00 00:00:00',NULL,NULL,NULL,NULL,'0.0.0.0',1),(287,'pepadesh','$2y$13$dsdGG0KJ/eMxUn2QKG32r.mvOCJUgOcuGuXXbQXOl9uq0itv5Pmou','89196242960@mail.ru',NULL,0,258,1,'pepadesh',NULL,1,NULL,NULL,NULL,NULL,NULL,NULL,'2024-03-19 13:08:56',2,NULL,NULL,NULL,0,NULL,0,0,'0000-00-00 00:00:00','0000-00-00 00:00:00','0000-00-00 00:00:00','0000-00-00 00:00:00','0000-00-00 00:00:00',NULL,NULL,NULL,NULL,'0.0.0.0',1),(294,'ssergey2','$2y$13$c2Q6ENH44A0Sh4ifq936qupq7aw8D/sTML5kKJbh4UmcwxTAyeE1G','sergeykozlov.d+2@ya.ru',NULL,0,258,1,'',NULL,1,'303006','1686148307',NULL,NULL,NULL,1686029980,'2024-03-19 13:08:56',2,NULL,NULL,NULL,0,NULL,0,0,'0000-00-00 00:00:00','0000-00-00 00:00:00','0000-00-00 00:00:00','0000-00-00 00:00:00','0000-00-00 00:00:00',NULL,NULL,NULL,NULL,'0.0.0.0',1),(295,'pepa123','$2y$13$KilH.BVOZ4TsGyyRz2onveBFjkAw7Xsigt0NKv8VmheT0XPMlrOAy','pepa_desh@mail.ru',NULL,0,258,1,NULL,NULL,1,NULL,NULL,NULL,NULL,NULL,NULL,'2024-03-19 13:08:56',2,NULL,NULL,NULL,0,NULL,0,0,'0000-00-00 00:00:00','0000-00-00 00:00:00','0000-00-00 00:00:00','0000-00-00 00:00:00','0000-00-00 00:00:00',NULL,NULL,NULL,NULL,'0.0.0.0',1),(307,'sergey3','$2y$13$geN3YS1XdvB6Xp9ibk5gmezyLB9oG2u9cfPKlfCJYnS4smu2SH27u','sergeykozlov.d+3@ya.ru',NULL,1,259,1,'',NULL,1,NULL,NULL,NULL,NULL,NULL,NULL,'2024-03-19 13:08:56',2,NULL,NULL,NULL,0,NULL,0,0,'0000-00-00 00:00:00','0000-00-00 00:00:00','0000-00-00 00:00:00','0000-00-00 00:00:00','0000-00-00 00:00:00',NULL,NULL,NULL,NULL,'0.0.0.0',1),(309,'sergey44','$2y$13$VGlMK5zJCk7Dy5K0liYrZOw8wzwLdMJKigV7vbgwcVMi.MOdq6QXK','sergeykozlov.d+4@ya.ru',NULL,0,258,1,'',NULL,1,NULL,NULL,NULL,NULL,NULL,NULL,'2024-03-19 13:08:56',2,NULL,NULL,NULL,0,NULL,0,0,'0000-00-00 00:00:00','0000-00-00 00:00:00','0000-00-00 00:00:00','0000-00-00 00:00:00','0000-00-00 00:00:00',NULL,NULL,NULL,NULL,'0.0.0.0',1),(311,'sergey5','$2y$13$N5S5VwzcxWPL2JvA.O0WrOVPwVO5/1flPgV84md2ogHhouhHQ4E3e','sergeykozlov.d+5@ya.ru',55,0,258,1,'',NULL,1,NULL,NULL,NULL,NULL,NULL,1686562180,'2024-03-19 13:08:56',2,NULL,NULL,NULL,0,NULL,0,0,'0000-00-00 00:00:00','0000-00-00 00:00:00','0000-00-00 00:00:00','0000-00-00 00:00:00','0000-00-00 00:00:00',NULL,NULL,NULL,NULL,'0.0.0.0',1),(314,'sergey6','$2y$13$vjQn6K1CRk2THL7ck56iPuhrZhWf7Pk/Aw27.bCr9qxJ999eqsPey','sergeykozlov.d+66@ya.ru',NULL,0,258,1,'',NULL,1,NULL,NULL,NULL,NULL,NULL,1686809413,'2024-03-19 13:08:56',2,NULL,NULL,NULL,0,NULL,0,0,'0000-00-00 00:00:00','0000-00-00 00:00:00','0000-00-00 00:00:00','0000-00-00 00:00:00','0000-00-00 00:00:00',NULL,NULL,NULL,NULL,'0.0.0.0',1),(315,'iblack6','$2y$13$gi80ET.vfWrX6pOqstfas.OOKwO4zWb8dZ8JCtwjVNq87eW2LiuJS','uthings@ya.ru',79539278590,0,258,1,'',NULL,1,NULL,NULL,NULL,NULL,NULL,1687252329,'2024-03-19 13:08:56',2,NULL,NULL,NULL,0,NULL,0,0,'0000-00-00 00:00:00','0000-00-00 00:00:00','0000-00-00 00:00:00','0000-00-00 00:00:00','0000-00-00 00:00:00',NULL,NULL,NULL,NULL,'0.0.0.0',1),(316,'Arafat','$2y$13$fJa.A1jbTcKkL/Iw9bZA1.bLMCyBd71pJ1lgvpRFer8haujDFT6K2','yurykirilkin@yandex.ru',NULL,0,258,1,NULL,NULL,1,NULL,NULL,NULL,NULL,NULL,NULL,'2024-03-19 13:08:56',2,NULL,NULL,NULL,0,NULL,0,0,'0000-00-00 00:00:00','0000-00-00 00:00:00','0000-00-00 00:00:00','0000-00-00 00:00:00','0000-00-00 00:00:00',NULL,NULL,NULL,NULL,'0.0.0.0',1),(317,'sergey7','$2y$13$3cAHarQMJacE/CiYxY0VIuPWhDnVjO/Sk4x4/6k.q9BtesdPpxrqm','sergeykozlov.d+7@ya.ru',NULL,0,266,1,'',NULL,1,NULL,NULL,NULL,NULL,NULL,1686811588,'2024-03-19 13:08:56',2,NULL,NULL,NULL,0,NULL,0,0,'0000-00-00 00:00:00','0000-00-00 00:00:00','0000-00-00 00:00:00','0000-00-00 00:00:00','0000-00-00 00:00:00',NULL,NULL,NULL,NULL,'0.0.0.0',1),(318,'sergey8','$2y$13$Vg94L1q4dqhw55BPMbn6meaQ7lib3eePaSs/5BLWVRlfB.mXnRvXq','sergeykozlov.d+8@ya.ru',NULL,0,258,1,'',NULL,1,NULL,NULL,NULL,NULL,NULL,NULL,'2024-03-19 13:08:56',2,NULL,NULL,NULL,0,NULL,0,0,'0000-00-00 00:00:00','0000-00-00 00:00:00','0000-00-00 00:00:00','0000-00-00 00:00:00','0000-00-00 00:00:00',NULL,NULL,NULL,NULL,'0.0.0.0',1),(320,'pepaDeshYandex','$2y$13$fUQay6Qw4apKYbKQe5DmoOZJx8Gb/E.UUILbVmAQdKcgnMPTdafLi','Pepa.Desh@yandex.ru',NULL,0,258,1,NULL,NULL,1,NULL,NULL,NULL,NULL,NULL,NULL,'2024-03-19 13:08:56',2,NULL,NULL,NULL,0,NULL,0,0,'0000-00-00 00:00:00','0000-00-00 00:00:00','0000-00-00 00:00:00','0000-00-00 00:00:00','0000-00-00 00:00:00',NULL,NULL,NULL,NULL,'0.0.0.0',1),(326,'sergey13','$2y$13$FNPxJmEdoshMBVATxKBYeOkLTLKyNOkySSpx/BKD8BoTpXrCWeJiK','sergeykozlov.d+13@ya.ru',NULL,0,258,1,NULL,NULL,1,NULL,NULL,NULL,NULL,NULL,NULL,'2024-03-19 13:08:56',2,NULL,NULL,NULL,0,NULL,0,0,'0000-00-00 00:00:00','0000-00-00 00:00:00','0000-00-00 00:00:00','0000-00-00 00:00:00','0000-00-00 00:00:00',NULL,NULL,NULL,NULL,'0.0.0.0',1),(327,'sergey14','$2y$13$UZUZgJMmxwhpgDPO2E0lRuIQ3sFl9EMT5oyInKD2op7mhvhyclIPa','sergeykozlov.d+14@ya.ru',NULL,0,258,1,NULL,NULL,1,NULL,NULL,NULL,NULL,NULL,NULL,'2024-03-19 13:08:56',2,NULL,NULL,NULL,0,NULL,0,0,'0000-00-00 00:00:00','0000-00-00 00:00:00','0000-00-00 00:00:00','0000-00-00 00:00:00','0000-00-00 00:00:00',NULL,NULL,NULL,NULL,'0.0.0.0',1),(328,'sergey15','$2y$13$LU8lKXkz1MFPzsBbRf8bBe2.NrzVEUAtmTd6vpSrY3iBbNv2Bhhu6','sergeykozlov.d+15@ya.ru',NULL,0,258,1,'',NULL,1,NULL,NULL,NULL,NULL,NULL,NULL,'2024-03-19 13:08:56',2,NULL,NULL,NULL,0,NULL,0,0,'0000-00-00 00:00:00','0000-00-00 00:00:00','0000-00-00 00:00:00','0000-00-00 00:00:00','0000-00-00 00:00:00',NULL,NULL,NULL,NULL,'0.0.0.0',1),(329,'sergey16','$2y$13$hWeNqTJCUTMoftmDO19pKu6tbKQu/2RzG0ggYDWNx0/HeSmt5kkHi','sergeykozlov.d+16@ya.ru',NULL,0,258,1,NULL,NULL,1,NULL,NULL,NULL,NULL,NULL,1689357755,'2024-03-19 13:08:56',2,NULL,NULL,NULL,0,NULL,0,0,'0000-00-00 00:00:00','0000-00-00 00:00:00','0000-00-00 00:00:00','0000-00-00 00:00:00','0000-00-00 00:00:00',NULL,NULL,NULL,NULL,'0.0.0.0',1),(332,'iblack1111','$2y$13$ZvppKNebbgu2ZanxxupBJOR99eUv0/j3OafYYfE/aAs0LTf5CzR6q','evakuatortomskru@ya.ru',NULL,0,258,1,NULL,NULL,1,NULL,NULL,NULL,NULL,NULL,NULL,'2024-03-19 13:08:56',2,NULL,NULL,NULL,0,NULL,0,0,'0000-00-00 00:00:00','0000-00-00 00:00:00','0000-00-00 00:00:00','0000-00-00 00:00:00','0000-00-00 00:00:00',NULL,NULL,NULL,NULL,'0.0.0.0',1),(333,'iblack222','$2y$13$IO/WjvCOYIdSGPm1bmnsEuk7lAMp8CoTmKORsjyPD21TyToMZx4Je','uthings+1@ya.ru',NULL,0,258,1,NULL,NULL,1,NULL,NULL,NULL,NULL,NULL,NULL,'2024-03-19 13:08:56',2,NULL,NULL,NULL,0,NULL,0,0,'0000-00-00 00:00:00','0000-00-00 00:00:00','0000-00-00 00:00:00','0000-00-00 00:00:00','0000-00-00 00:00:00',NULL,NULL,NULL,NULL,'0.0.0.0',1),(334,'sergey17','$2y$13$4HnMtI0j9Jg0p1tZlDhNaekQgoqci/0FQxqN97xmH2SPbF3/VJdpC','sergeykozlov.d+17@ya.ru',NULL,0,258,1,NULL,NULL,1,NULL,NULL,NULL,NULL,NULL,NULL,'2024-03-19 13:08:56',2,NULL,NULL,NULL,0,NULL,0,0,'0000-00-00 00:00:00','0000-00-00 00:00:00','0000-00-00 00:00:00','0000-00-00 00:00:00','0000-00-00 00:00:00',NULL,NULL,NULL,NULL,'0.0.0.0',1),(337,'iblack123456','$2y$13$YQCCEyM7lApoQLoVQtrH3eY97wZZgc/5xWHsWT4kge2c9U0OmQoWO','',79016170111,0,258,1,NULL,NULL,1,NULL,NULL,NULL,NULL,NULL,NULL,'2024-03-19 13:08:56',2,NULL,NULL,NULL,0,NULL,0,0,'0000-00-00 00:00:00','0000-00-00 00:00:00','0000-00-00 00:00:00','0000-00-00 00:00:00','0000-00-00 00:00:00',NULL,NULL,NULL,NULL,'0.0.0.0',1),(338,'tutututu','$2y$13$2u51kCMX4AShURGcMYKv/uaKtadA7uqdLE1u/prJP0fyOejqn5UhK','',79138296695,0,258,1,NULL,NULL,1,NULL,NULL,NULL,NULL,NULL,NULL,'2024-03-19 13:08:56',2,NULL,NULL,NULL,0,NULL,0,0,'0000-00-00 00:00:00','0000-00-00 00:00:00','0000-00-00 00:00:00','0000-00-00 00:00:00','0000-00-00 00:00:00',NULL,NULL,NULL,NULL,'0.0.0.0',1),(356,'artamonov','$2y$13$.xA7a0kyrRrXathmnnRKUOd8YsJxZcqvpveuc0rQIuKNsZlNcjp7.','artivus3@yandex.ru',NULL,0,258,1,'',NULL,1,NULL,NULL,NULL,NULL,NULL,NULL,'2024-06-13 13:46:41',2,NULL,NULL,NULL,1,NULL,0,0,'0000-00-00 00:00:00','0000-00-00 00:00:00','0000-00-00 00:00:00','0000-00-00 00:00:00','0000-00-00 00:00:00',NULL,NULL,NULL,NULL,'172.71.103.95',5),(361,'Korol','$2y$13$4UwT68SWEV3QdawKsYNwZ.Ih7rDxWcGnafdOjofkGMwXB9lPD/ToW','gkugilkomfort@mail.ru',NULL,0,258,1,NULL,NULL,1,NULL,NULL,NULL,NULL,NULL,NULL,'2024-03-19 13:08:56',2,NULL,NULL,NULL,0,NULL,0,0,'0000-00-00 00:00:00','0000-00-00 00:00:00','0000-00-00 00:00:00','0000-00-00 00:00:00','0000-00-00 00:00:00',NULL,NULL,NULL,NULL,'0.0.0.0',1),(363,'dukker','$2y$13$a9ud9T/FUTjpK5Dccy38Y.mh438iXkIFyEXuO1XniRW8o5qO49Q6m','79991890133@yandex.ru',NULL,0,258,1,NULL,NULL,1,NULL,NULL,NULL,NULL,NULL,NULL,'2024-03-19 13:08:56',2,NULL,NULL,NULL,0,NULL,0,0,'0000-00-00 00:00:00','0000-00-00 00:00:00','0000-00-00 00:00:00','0000-00-00 00:00:00','0000-00-00 00:00:00',NULL,NULL,NULL,NULL,'0.0.0.0',1),(364,'TestBot','$2y$13$kZ3mj5awIEY96VIlJ9rAKeZiueNotW6qs9kPgnl1f0euMv81PrAsi','uthings+5@ya.ru',NULL,0,258,1,NULL,NULL,1,NULL,NULL,NULL,NULL,NULL,NULL,'2024-03-19 13:08:56',2,NULL,NULL,NULL,0,NULL,0,0,'0000-00-00 00:00:00','0000-00-00 00:00:00','0000-00-00 00:00:00','0000-00-00 00:00:00','0000-00-00 00:00:00',NULL,NULL,NULL,NULL,'0.0.0.0',1),(366,'AmirSheikh','$2y$13$uTTJSm0XiYzONcZUV7Cg3e20YEHU7ehPT4UjdtJfBdbW1kEaA48uS','boseva1030@notedns.com',NULL,0,258,1,NULL,NULL,1,NULL,NULL,'Amir',NULL,NULL,1701517040,'2024-03-19 13:08:56',2,NULL,NULL,NULL,0,NULL,0,0,'0000-00-00 00:00:00','0000-00-00 00:00:00','0000-00-00 00:00:00','0000-00-00 00:00:00','0000-00-00 00:00:00',NULL,NULL,NULL,NULL,'0.0.0.0',1),(369,'kepamuk','$2y$13$XA2AbGSDIrkg4ofTTgQrZuN7uTrxmiHqdTBGckqxa.YqGRsQjslmu','kepamuk@yandex.ru',NULL,0,258,1,'13413',NULL,1,NULL,NULL,NULL,NULL,NULL,NULL,'2024-03-19 13:08:56',2,NULL,NULL,NULL,0,NULL,0,0,'0000-00-00 00:00:00','0000-00-00 00:00:00','0000-00-00 00:00:00','0000-00-00 00:00:00','0000-00-00 00:00:00',NULL,NULL,NULL,NULL,'0.0.0.0',1),(370,'AmirSheikhmagomedov','$2y$13$qlL0/4otG8vQGi1/j30Hw..d5YUrx68hIkJTvakLZeRdRA3WuFhGi','amir1sheikh@yandex.ru',NULL,0,258,1,'amirsheikhmagomedov',NULL,1,NULL,NULL,NULL,NULL,NULL,1701526974,'2024-03-19 13:08:56',2,NULL,NULL,NULL,0,NULL,0,0,'0000-00-00 00:00:00','0000-00-00 00:00:00','0000-00-00 00:00:00','0000-00-00 00:00:00','0000-00-00 00:00:00',NULL,NULL,NULL,NULL,'0.0.0.0',1),(372,'stas','$2y$13$PE9rQzKy2Ky6Tsw43NxUjefK0BCWH72elfbm0SyXuF/Qok8vSL.iS','evgenyvolozhin@yandex.ru',NULL,0,258,1,'asdsadsa',NULL,1,NULL,NULL,NULL,NULL,NULL,NULL,'2024-03-19 13:08:56',2,NULL,NULL,NULL,0,NULL,0,0,'0000-00-00 00:00:00','0000-00-00 00:00:00','0000-00-00 00:00:00','0000-00-00 00:00:00','0000-00-00 00:00:00',NULL,NULL,NULL,NULL,'0.0.0.0',1),(406,'qqq','$2y$13$he3OrDLHtzuVGcs/081eZOoXwSbyGpXn2sGwxRazvV0bN688FeVZm','www.komapok@mail.ru',89999999999,0,258,1,NULL,NULL,1,NULL,NULL,NULL,NULL,NULL,NULL,'2024-03-19 13:08:56',2,NULL,NULL,NULL,0,NULL,0,0,'0000-00-00 00:00:00','0000-00-00 00:00:00','0000-00-00 00:00:00','0000-00-00 00:00:00','0000-00-00 00:00:00',NULL,NULL,NULL,NULL,'0.0.0.0',1),(408,'nurikgentle','$2y$13$aeF9zeYktcRLWLuuL8wC8OlDxGRRVHu4NxRMujSuiesDghNo.qyPe','nurikgentle@yandex.ru',NULL,0,258,1,NULL,NULL,1,NULL,NULL,NULL,NULL,NULL,NULL,'2024-03-19 13:08:56',2,NULL,NULL,NULL,0,NULL,0,0,'0000-00-00 00:00:00','0000-00-00 00:00:00','0000-00-00 00:00:00','0000-00-00 00:00:00','0000-00-00 00:00:00',NULL,NULL,NULL,NULL,'0.0.0.0',1),(411,'mofpoweryear','$2y$13$t5sSRH.ozGBE.v7L43KDgeHn1XoCMFSv.Of1e99ERY1aZePBSd6Pi','mofpower@yandex.ru',NULL,0,258,1,NULL,NULL,1,NULL,NULL,NULL,NULL,NULL,NULL,'2024-03-19 13:08:56',2,NULL,NULL,NULL,0,NULL,0,0,'0000-00-00 00:00:00','0000-00-00 00:00:00','0000-00-00 00:00:00','0000-00-00 00:00:00','0000-00-00 00:00:00',NULL,NULL,NULL,NULL,'0.0.0.0',1),(412,'Z','$2y$13$isqJxEVTrqXbUXxU97GEd.8hjOmcVsEE.rf81vsKAjPRjLsgK6Q6W','zoomka.rus@mail.ru',NULL,0,258,1,NULL,NULL,1,NULL,NULL,NULL,NULL,NULL,NULL,'2024-03-19 13:08:56',2,NULL,NULL,NULL,0,NULL,0,0,'0000-00-00 00:00:00','0000-00-00 00:00:00','0000-00-00 00:00:00','0000-00-00 00:00:00','0000-00-00 00:00:00',NULL,NULL,NULL,NULL,'0.0.0.0',1),(413,'test11','$2y$13$6FTZodaSlOhpr4aCx4snb.I5udvuOn/lnUhxl1UdhKNbFnlDKYe8K','test@qq.ru',NULL,0,258,1,'',NULL,1,NULL,NULL,'2','','',1702566867,'2024-03-19 13:08:56',2,NULL,NULL,NULL,0,NULL,0,0,'0000-00-00 00:00:00','0000-00-00 00:00:00','0000-00-00 00:00:00','0000-00-00 00:00:00','0000-00-00 00:00:00',NULL,NULL,NULL,NULL,'0.0.0.0',1),(414,'ttt','$2y$13$4ktTpbe2C3TO.tnvrkh4mOGx3vKGieNYr46NcnrO4TQOnSa6uv1Pu','test@test.ru',NULL,0,273,1,NULL,NULL,1,'301623','1702572096',NULL,NULL,NULL,NULL,'2024-03-19 13:08:56',2,NULL,NULL,NULL,0,NULL,0,0,'0000-00-00 00:00:00','0000-00-00 00:00:00','0000-00-00 00:00:00','0000-00-00 00:00:00','0000-00-00 00:00:00',NULL,NULL,NULL,NULL,'0.0.0.0',1),(415,'dukkerrr','$2y$13$pekRKjCy85z9H2cTkO7k1uH1.8xykX4rfyC3mRpHUp33rNj9sNdnC','test@aa.ru',NULL,0,258,1,NULL,NULL,1,NULL,NULL,NULL,NULL,NULL,NULL,'2024-03-19 13:08:56',2,NULL,NULL,NULL,0,NULL,0,0,'0000-00-00 00:00:00','0000-00-00 00:00:00','0000-00-00 00:00:00','0000-00-00 00:00:00','0000-00-00 00:00:00',NULL,NULL,NULL,NULL,'0.0.0.0',1),(417,'pavelzeta','$2y$13$e1umVQIhzqDla0JQ..2rHue2lDyvc9/yXpmgGaS1IGIvGYtPBnGkW','grigoreva.natalay.98@gmail.com',NULL,0,258,1,'',NULL,1,NULL,NULL,'','','',NULL,'2024-03-19 13:08:56',2,NULL,NULL,NULL,0,NULL,0,0,'0000-00-00 00:00:00','0000-00-00 00:00:00','0000-00-00 00:00:00','0000-00-00 00:00:00','0000-00-00 00:00:00',NULL,NULL,NULL,NULL,'0.0.0.0',1),(421,'asasas','$2y$13$HgoIv3iVKkMUe9PK2Ut9WO1gZBncEhD0OTzUO4Ofl5M8MSJVbnMC6','m6rtdhs63n@zipcatfish.com',NULL,0,258,1,NULL,NULL,1,NULL,NULL,NULL,NULL,NULL,NULL,'2024-03-19 13:08:56',2,NULL,NULL,NULL,0,NULL,0,0,'0000-00-00 00:00:00','0000-00-00 00:00:00','0000-00-00 00:00:00','0000-00-00 00:00:00','0000-00-00 00:00:00',NULL,NULL,NULL,NULL,'0.0.0.0',1),(422,'test3','$2y$13$uEB7Z8HaM6.O8m524Q8z.emny87jfkD8EmI6J7cX5ZUrmaH0kHurW','wl8v3mwpqg@tippabble.com',NULL,0,258,1,NULL,NULL,1,NULL,NULL,NULL,NULL,NULL,NULL,'2024-03-19 13:08:56',2,NULL,NULL,NULL,0,NULL,0,0,'0000-00-00 00:00:00','0000-00-00 00:00:00','0000-00-00 00:00:00','0000-00-00 00:00:00','0000-00-00 00:00:00',NULL,NULL,NULL,NULL,'0.0.0.0',1),(423,'asasasas','$2y$13$x3YselcMERergsyEcOmCCOqraUNpnhmVoqSU7Yjv5HWKQGB1mWqYK','lyblqfo0pd@rentforsale7.com',NULL,0,258,1,NULL,NULL,1,NULL,NULL,NULL,NULL,NULL,NULL,'2024-03-19 13:08:56',2,NULL,NULL,NULL,0,NULL,0,0,'0000-00-00 00:00:00','0000-00-00 00:00:00','0000-00-00 00:00:00','0000-00-00 00:00:00','0000-00-00 00:00:00',NULL,NULL,NULL,NULL,'0.0.0.0',1),(424,'tttttt','$2y$13$l3PWsBwOeHwmCDHiv4SXe.clPCZXBmXpD/lmq.rDDpVFdps5L39/K','5c2lbl1k7o@zipcatfish.com',NULL,0,258,1,NULL,NULL,1,NULL,NULL,NULL,NULL,NULL,NULL,'2024-03-19 13:08:56',2,NULL,NULL,NULL,0,NULL,0,0,'0000-00-00 00:00:00','0000-00-00 00:00:00','0000-00-00 00:00:00','0000-00-00 00:00:00','0000-00-00 00:00:00',NULL,NULL,NULL,NULL,'0.0.0.0',1),(425,'','$2y$13$GHafREwfoIrk2xtuWulFq./A/64Cwhqh/b4cNbmaRLW/HpUK8vAjG','v38zb8bvve@myinfoinc.com',NULL,0,258,1,NULL,NULL,1,NULL,NULL,NULL,NULL,NULL,NULL,'2024-03-19 13:08:56',2,NULL,NULL,NULL,0,NULL,0,0,'0000-00-00 00:00:00','0000-00-00 00:00:00','0000-00-00 00:00:00','0000-00-00 00:00:00','0000-00-00 00:00:00',NULL,NULL,NULL,NULL,'0.0.0.0',1),(426,'ddd18','$2y$13$in5bhOsJRIvNI3wqKwKsVOXACfVflT.leF3ILmNv/AhMX898IuL6i','ddd@qq.ru',NULL,0,258,1,NULL,NULL,1,NULL,NULL,NULL,NULL,NULL,NULL,'2024-03-19 13:08:56',2,NULL,NULL,NULL,0,NULL,0,0,'0000-00-00 00:00:00','0000-00-00 00:00:00','0000-00-00 00:00:00','0000-00-00 00:00:00','0000-00-00 00:00:00',NULL,NULL,NULL,NULL,'0.0.0.0',1),(429,'backender','$2y$13$T8WEE.4yGFySlGjyAHTH7.YFoSIY3qwxIAWpPmTKVBSVifT7G.Spq','artivus2@gmail.com',NULL,0,258,1,NULL,NULL,1,NULL,NULL,NULL,NULL,NULL,NULL,'2024-03-28 11:13:45',2,NULL,NULL,NULL,0,NULL,0,0,'0000-00-00 00:00:00','0000-00-00 00:00:00','0000-00-00 00:00:00','0000-00-00 00:00:00','0000-00-00 00:00:00',NULL,NULL,NULL,NULL,'162.158.134.121',1),(432,'paviliong6tim@gmail.com','$2y$13$hykSg9ZcXirId0dL5Ds.lO6A50C8Sia87IOsjBT5IFFLrr2Xui2Y2','paviliong6tim@gmail.com',NULL,0,258,1,NULL,NULL,1,NULL,NULL,NULL,NULL,NULL,NULL,'2024-03-19 13:08:56',2,NULL,NULL,NULL,0,NULL,0,0,'0000-00-00 00:00:00','0000-00-00 00:00:00','0000-00-00 00:00:00','0000-00-00 00:00:00','0000-00-00 00:00:00',NULL,NULL,NULL,NULL,'0.0.0.0',1),(433,'alex','$2y$13$uBG86/ufh7o6IysYQF3sLuaplEcTbijuROJRpcrTL9Fcm13YpEajC','batskalevich.circledevs@gmail.com',NULL,0,258,1,NULL,NULL,1,NULL,NULL,NULL,NULL,NULL,NULL,'2024-03-19 13:08:56',2,NULL,NULL,NULL,0,NULL,0,0,'0000-00-00 00:00:00','0000-00-00 00:00:00','0000-00-00 00:00:00','0000-00-00 00:00:00','0000-00-00 00:00:00',NULL,NULL,NULL,NULL,'0.0.0.0',1),(435,'xxxxxx','$2y$13$chQ9K0xoIv.S1USQY0oGZe9LLBiSmFu110zOG25PPqlYq5deOxfOy','xhg0ioe0g5@greencafe24.com',NULL,0,258,1,NULL,NULL,1,NULL,NULL,NULL,NULL,NULL,NULL,'2024-03-19 13:08:56',2,NULL,NULL,NULL,0,NULL,0,0,'0000-00-00 00:00:00','0000-00-00 00:00:00','0000-00-00 00:00:00','0000-00-00 00:00:00','0000-00-00 00:00:00',NULL,NULL,NULL,NULL,'0.0.0.0',1),(436,'333333','$2y$13$LTBjEl7fJ/jPkCQruM00jeDhC55OJssgWWIxf6efRboBtU3VgQOmS','353violet@desertsundesigns.com',NULL,0,258,1,NULL,NULL,1,NULL,NULL,NULL,NULL,NULL,NULL,'2024-03-19 13:08:56',2,NULL,NULL,NULL,0,NULL,0,0,'0000-00-00 00:00:00','0000-00-00 00:00:00','0000-00-00 00:00:00','0000-00-00 00:00:00','0000-00-00 00:00:00',NULL,NULL,NULL,NULL,'0.0.0.0',1),(437,'ssssss','$2y$13$t2s7M3zZpwev.1dyWbv.x.QuH/czcQKNFfBszuoy18H.4VyyHBvZW','sr98j4zoxi@gixenmixen.com',NULL,0,258,1,NULL,NULL,1,NULL,NULL,NULL,NULL,NULL,NULL,'2024-03-19 13:08:56',2,NULL,NULL,NULL,0,NULL,0,0,'0000-00-00 00:00:00','0000-00-00 00:00:00','0000-00-00 00:00:00','0000-00-00 00:00:00','0000-00-00 00:00:00',NULL,NULL,NULL,NULL,'0.0.0.0',1),(438,'zeqzeq','$2y$13$RqBLEpqx0gLvgbVRAjc9D.z8OTbA2ZE7VvUBKtRwtNGUXEeYU0BWS','zeq.rus@mail.ru',NULL,0,258,1,NULL,NULL,1,NULL,NULL,NULL,NULL,NULL,NULL,'2024-06-16 13:58:56',2,NULL,NULL,NULL,0,NULL,0,0,'0000-00-00 00:00:00','0000-00-00 00:00:00','0000-00-00 00:00:00','0000-00-00 00:00:00','0000-00-00 00:00:00',NULL,NULL,NULL,NULL,'172.69.150.149',3),(440,'aaaaaa','$2y$13$s2favG48VYRGrTPEoEPN/OqNY5oI.R5y2v8LhKnRF9J7jsVImOubC','a8z2ibk08t@waterisgone.com',NULL,0,258,1,NULL,NULL,1,NULL,NULL,NULL,NULL,NULL,NULL,'2024-03-19 13:08:56',2,NULL,NULL,NULL,0,NULL,0,0,'0000-00-00 00:00:00','0000-00-00 00:00:00','0000-00-00 00:00:00','0000-00-00 00:00:00','0000-00-00 00:00:00',NULL,NULL,NULL,NULL,'0.0.0.0',1),(442,'igor','$2y$13$U.crWhUXdqYh.E3kJ8CYI.iKRjB0i5TGeOs7lhztBX3O4kSymFiPS','muhachev@yandex.ru',NULL,0,258,1,NULL,NULL,1,NULL,NULL,NULL,NULL,NULL,NULL,'2024-03-19 13:08:56',2,NULL,NULL,NULL,0,NULL,0,0,'0000-00-00 00:00:00','0000-00-00 00:00:00','0000-00-00 00:00:00','0000-00-00 00:00:00','0000-00-00 00:00:00',NULL,NULL,NULL,NULL,'0.0.0.0',1),(443,'pppppp','$2y$13$h2JN9a8zRzZ4eworxWSB3.9AjshSdjczPRUXSY.XWi3v4xh1vITwS','pyd54ldiyh@greencafe24.com',NULL,0,258,1,NULL,NULL,1,NULL,NULL,NULL,NULL,NULL,NULL,'2024-03-19 13:08:56',2,NULL,NULL,NULL,0,NULL,0,0,'0000-00-00 00:00:00','0000-00-00 00:00:00','0000-00-00 00:00:00','0000-00-00 00:00:00','0000-00-00 00:00:00',NULL,NULL,NULL,NULL,'0.0.0.0',1),(448,'testerer','$2y$13$0vrvuLbLciyRoC8JuR9gz.ga3HOxLpe3HDjIul6clOZZonHW5CXsa','artivus3@gmail.com',NULL,0,258,1,NULL,NULL,1,NULL,NULL,NULL,NULL,NULL,NULL,'2024-03-19 13:08:56',2,NULL,NULL,NULL,0,NULL,0,0,'0000-00-00 00:00:00','0000-00-00 00:00:00','0000-00-00 00:00:00','0000-00-00 00:00:00','0000-00-00 00:00:00',NULL,NULL,NULL,NULL,'162.158.182.62',1),(449,'vvvvvv','$2y$13$KrpI89C0EP6xhG6adEFaBe0p5GwVu2xwW..6CKtFAi.Q4knnIfieO','vxihaa62yh@myinfoinc.com',NULL,0,258,1,NULL,NULL,1,NULL,NULL,NULL,NULL,NULL,NULL,'2024-03-19 13:08:56',2,NULL,NULL,NULL,0,NULL,0,0,'0000-00-00 00:00:00','0000-00-00 00:00:00','0000-00-00 00:00:00','0000-00-00 00:00:00','0000-00-00 00:00:00',NULL,NULL,NULL,NULL,'0.0.0.0',1),(450,'pashazetka','$2y$13$klJEcb5xz2NqEWAWrZxru.90zJQudQ4RuQeFLQlEb/Yk5iVDbpWYi','test.grenavi@gmail.com',NULL,0,258,1,NULL,NULL,1,NULL,NULL,NULL,NULL,NULL,NULL,'2024-03-19 13:08:56',2,NULL,NULL,NULL,0,NULL,0,0,'0000-00-00 00:00:00','0000-00-00 00:00:00','0000-00-00 00:00:00','0000-00-00 00:00:00','0000-00-00 00:00:00',NULL,NULL,NULL,NULL,'0.0.0.0',1),(451,'','$2y$13$WjVqIlMWMJpFvnBzQSs7U.JMWEp4e/bMYhVfX077frW6jzyR15oM6','irus@inbox.ru',NULL,0,258,1,NULL,NULL,1,NULL,NULL,NULL,NULL,NULL,NULL,'2024-03-19 13:08:56',2,NULL,NULL,NULL,0,NULL,0,0,'0000-00-00 00:00:00','0000-00-00 00:00:00','0000-00-00 00:00:00','0000-00-00 00:00:00','0000-00-00 00:00:00',NULL,NULL,NULL,NULL,'0.0.0.0',1),(452,'llllll','$2y$13$jsw7l964fcetx85YscNioOpagL/4496UG71pGDGgczygxOXvc5an.','lhihj7dqtj@waterisgone.com',NULL,0,258,1,NULL,NULL,1,NULL,NULL,NULL,NULL,NULL,NULL,'2024-03-19 13:08:56',2,NULL,NULL,NULL,0,NULL,0,0,'0000-00-00 00:00:00','0000-00-00 00:00:00','0000-00-00 00:00:00','0000-00-00 00:00:00','0000-00-00 00:00:00',NULL,NULL,NULL,NULL,'0.0.0.0',1),(453,'pashka','$2y$13$hs5GeLb8uVn2PkHsvoth5uXTSNodPfolAKHyEsirPckasYoPUE5cC','grigpreva.natalay.98@gmail.com',NULL,0,258,1,NULL,NULL,1,NULL,NULL,NULL,NULL,NULL,NULL,'2024-03-19 13:08:56',2,NULL,NULL,NULL,0,NULL,0,0,'0000-00-00 00:00:00','0000-00-00 00:00:00','0000-00-00 00:00:00','0000-00-00 00:00:00','0000-00-00 00:00:00',NULL,NULL,NULL,NULL,'0.0.0.0',1),(454,'lalalaal','$2y$13$Yb4PPmeQ8Ww0PTgxPojNFeotPQXekmY1l1jgVPmfJz.BnsIt2398C','lalalala@mail.ru',NULL,0,258,1,NULL,NULL,1,NULL,NULL,NULL,NULL,NULL,NULL,'2024-03-19 13:08:56',2,NULL,NULL,NULL,0,NULL,0,0,'0000-00-00 00:00:00','0000-00-00 00:00:00','0000-00-00 00:00:00','0000-00-00 00:00:00','0000-00-00 00:00:00',NULL,NULL,NULL,NULL,'0.0.0.0',1),(455,'AZAZAZA','$2y$13$dZDUU4xQykj4iXYG4KqVAO11qxtwFGyf58JIS1KcwWGno8iDbuTpq','ZAZAZAZA@gmail.com',NULL,0,258,1,NULL,NULL,1,NULL,NULL,NULL,NULL,NULL,NULL,'2024-03-19 13:08:56',2,NULL,NULL,NULL,0,NULL,0,0,'0000-00-00 00:00:00','0000-00-00 00:00:00','0000-00-00 00:00:00','0000-00-00 00:00:00','0000-00-00 00:00:00',NULL,NULL,NULL,NULL,'0.0.0.0',1),(456,'ppppppp','$2y$13$hb27xdHVuRyLrUU0ZaKsQulwYjS5984FFMhSO0/LitJ.9uN0e6DH.','personal66@desertsundesigns.com',NULL,0,258,1,NULL,NULL,1,NULL,NULL,NULL,NULL,NULL,NULL,'2024-03-19 13:08:56',2,NULL,NULL,NULL,0,NULL,0,0,'0000-00-00 00:00:00','0000-00-00 00:00:00','0000-00-00 00:00:00','0000-00-00 00:00:00','0000-00-00 00:00:00',NULL,NULL,NULL,NULL,'0.0.0.0',1),(457,'Papapapapa','$2y$13$LhWqA8oxipLP8gmjQA1Mm.oiRV5TyL4I6NEg7edaGjxRJ.GuHhIzW','apapappa@gmail.com',NULL,0,258,1,NULL,NULL,1,NULL,NULL,NULL,NULL,NULL,NULL,'2024-03-19 13:08:56',2,NULL,NULL,NULL,0,NULL,0,0,'0000-00-00 00:00:00','0000-00-00 00:00:00','0000-00-00 00:00:00','0000-00-00 00:00:00','0000-00-00 00:00:00',NULL,NULL,NULL,NULL,'0.0.0.0',1),(458,'','$2y$13$nFKaPe./xwwSBb52Ha8wHOyBgKywPZinsXKS9HUh8.h1ihJBLQ.cG','dsjejeje@see.se',NULL,0,258,1,NULL,NULL,1,NULL,NULL,NULL,NULL,NULL,NULL,'2024-03-19 13:08:56',2,NULL,NULL,NULL,0,NULL,0,0,'0000-00-00 00:00:00','0000-00-00 00:00:00','0000-00-00 00:00:00','0000-00-00 00:00:00','0000-00-00 00:00:00',NULL,NULL,NULL,NULL,'0.0.0.0',1),(459,'Dbsns','$2y$13$Eh.IbXvU.rrpK71N4SkwuuRaRZSY7K1SeRjnQ.P3M6LbAb8RYND52','dbsnsn@dnd.dje',NULL,0,258,1,NULL,NULL,1,NULL,NULL,NULL,NULL,NULL,NULL,'2024-03-19 13:08:56',2,NULL,NULL,NULL,0,NULL,0,0,'0000-00-00 00:00:00','0000-00-00 00:00:00','0000-00-00 00:00:00','0000-00-00 00:00:00','0000-00-00 00:00:00',NULL,NULL,NULL,NULL,'0.0.0.0',1),(460,'Hsshjeje','$2y$13$BxkF7ZC9YPqpnJeP0LtasuaPCbvnheZisgtbJMrD3n5X4kGepUsB6','bdjeuw@dhje.djeie',NULL,0,258,1,NULL,NULL,1,NULL,NULL,NULL,NULL,NULL,NULL,'2024-03-19 13:08:56',2,NULL,NULL,NULL,0,NULL,0,0,'0000-00-00 00:00:00','0000-00-00 00:00:00','0000-00-00 00:00:00','0000-00-00 00:00:00','0000-00-00 00:00:00',NULL,NULL,NULL,NULL,'0.0.0.0',1),(461,'Dhsnbdn','$2y$13$LkuhovrYpQkD5P9iO6wGr.pi8h9uT6gqBtYnt0Iea3Nnmhqt2L57q','xbenwjwj@sns.djsj',NULL,0,258,1,NULL,NULL,1,NULL,NULL,NULL,NULL,NULL,NULL,'2024-03-19 13:08:56',2,NULL,NULL,NULL,0,NULL,0,0,'0000-00-00 00:00:00','0000-00-00 00:00:00','0000-00-00 00:00:00','0000-00-00 00:00:00','0000-00-00 00:00:00',NULL,NULL,NULL,NULL,'0.0.0.0',1),(462,'Snejjw','$2y$13$LWacv.wUd0d2p6Jy.fWoye5oapQHQqJDPXj1CvQWxjdOmzeDigdui','jeje@dne.ejie',NULL,0,258,1,NULL,NULL,1,NULL,NULL,NULL,NULL,NULL,NULL,'2024-03-19 13:08:56',2,NULL,NULL,NULL,0,NULL,0,0,'0000-00-00 00:00:00','0000-00-00 00:00:00','0000-00-00 00:00:00','0000-00-00 00:00:00','0000-00-00 00:00:00',NULL,NULL,NULL,NULL,'0.0.0.0',1),(463,'Tomsk123','$2y$13$47mzOBnAQpRKhopvDxbDo.NRQt0DCVCAtvrD0W3XVXSTkn2HlGbaK','tomsk123@mail.ru',NULL,0,258,1,NULL,NULL,1,NULL,NULL,NULL,NULL,NULL,NULL,'2024-03-19 13:08:56',2,NULL,NULL,NULL,0,NULL,0,0,'0000-00-00 00:00:00','0000-00-00 00:00:00','0000-00-00 00:00:00','0000-00-00 00:00:00','0000-00-00 00:00:00',NULL,NULL,NULL,NULL,'0.0.0.0',1),(464,'Asasasasasq','$2y$13$AoJj/ZVBkbFfjBd3oafxee5ZZFCEqG637WwkYTuHiEfW0LUHRu65a','Asasasasasq@gmaill.com',NULL,0,258,1,NULL,NULL,1,NULL,NULL,NULL,NULL,NULL,NULL,'2024-06-28 15:36:05',2,NULL,NULL,NULL,0,NULL,0,0,'0000-00-00 00:00:00','0000-00-00 00:00:00','0000-00-00 00:00:00','0000-00-00 00:00:00','0000-00-00 00:00:00',NULL,NULL,NULL,NULL,'172.68.194.171',4),(465,'Hdjdhe','$2y$13$cBa7O/MS7b30jYHMg5meXerszSUjl3n2DyLATK7Lt7LIOP9zF919a','hdhehehe@dhe.dj',NULL,0,258,1,NULL,NULL,1,NULL,NULL,NULL,NULL,NULL,NULL,'2024-03-19 13:08:56',2,NULL,NULL,NULL,0,NULL,0,0,'0000-00-00 00:00:00','0000-00-00 00:00:00','0000-00-00 00:00:00','0000-00-00 00:00:00','0000-00-00 00:00:00',NULL,NULL,NULL,NULL,'0.0.0.0',1),(466,'Hcjehe','$2y$13$MRg/L8RMaLXNg2EvQljp4e5RQHaPBSEPGU/wKCRvWsNGBSVydM.W2','hdheje@nds.dd',NULL,0,258,1,NULL,NULL,1,NULL,NULL,NULL,NULL,NULL,NULL,'2024-03-19 13:08:56',2,NULL,NULL,NULL,0,NULL,0,0,'0000-00-00 00:00:00','0000-00-00 00:00:00','0000-00-00 00:00:00','0000-00-00 00:00:00','0000-00-00 00:00:00',NULL,NULL,NULL,NULL,'0.0.0.0',1),(467,'Dhbebd','$2y$13$WKPVE0ugCmlR3HXbFjcu9.8Fs/iwjVARB8e3kYk7NyTnXtyR.7uV2','urudhd@dne.dje',NULL,0,258,1,NULL,NULL,1,NULL,NULL,NULL,NULL,NULL,NULL,'2024-03-19 13:08:56',2,NULL,NULL,NULL,0,NULL,0,0,'0000-00-00 00:00:00','0000-00-00 00:00:00','0000-00-00 00:00:00','0000-00-00 00:00:00','0000-00-00 00:00:00',NULL,NULL,NULL,NULL,'0.0.0.0',1),(468,'aaaa','$2y$13$XO/mM/5GomeGc4dT9tpXh.euibPJlrnG.nzCvPReDcvv/YuUpUzLm','aaaaa@gmail.com',NULL,0,258,1,NULL,NULL,1,NULL,NULL,NULL,NULL,NULL,NULL,'2024-03-19 13:08:56',2,NULL,NULL,NULL,0,NULL,0,0,'0000-00-00 00:00:00','0000-00-00 00:00:00','0000-00-00 00:00:00','0000-00-00 00:00:00','0000-00-00 00:00:00',NULL,NULL,NULL,NULL,'0.0.0.0',1),(470,'Kotenokgav228','$2y$13$7y/IRwYzH5xtscTUpg4gOO9pYp0QjxG64h4FyUzzMZyrxHYvgBBmS','shmakova072@yandex.ru',NULL,0,258,1,NULL,NULL,1,NULL,NULL,NULL,NULL,NULL,NULL,'2024-04-07 14:37:07',2,NULL,NULL,NULL,0,NULL,0,0,'0000-00-00 00:00:00','0000-00-00 00:00:00','0000-00-00 00:00:00','0000-00-00 00:00:00','0000-00-00 00:00:00',NULL,NULL,NULL,NULL,'172.71.242.81',1),(471,'Asasassff','$2y$13$JmiSct/uWrZkslOdxRLmmuAupinBA/P7e1CorSUgN3rB0/5aggqOe','assdsdsd@gmail.com',NULL,0,258,1,NULL,NULL,1,NULL,NULL,NULL,NULL,NULL,NULL,'2024-03-19 13:08:56',2,NULL,NULL,NULL,0,NULL,0,0,'0000-00-00 00:00:00','0000-00-00 00:00:00','0000-00-00 00:00:00','0000-00-00 00:00:00','0000-00-00 00:00:00',NULL,NULL,NULL,NULL,'0.0.0.0',1),(473,'AAAAAAAA','$2y$13$YVdiWdK0GYjd10zBXbD/suP.oO0N1Zli5lKuofij64H02HvZjhVuG','AAAAAAAA@gmail.com',NULL,0,258,1,NULL,NULL,1,NULL,NULL,NULL,NULL,NULL,NULL,'2024-03-19 13:08:56',2,NULL,NULL,NULL,0,NULL,0,0,'0000-00-00 00:00:00','0000-00-00 00:00:00','0000-00-00 00:00:00','0000-00-00 00:00:00','0000-00-00 00:00:00',NULL,NULL,NULL,NULL,'0.0.0.0',1),(474,'Asdddd12','$2y$13$C5H.iwAvZIoBqNA0RKqTBuFKc1LyfKA6pwInWKyOO.HQ3LW9pYLBW','Asasasasas123@gmaill.com',NULL,0,258,1,NULL,NULL,1,NULL,NULL,NULL,NULL,NULL,NULL,'2024-06-12 13:33:08',2,NULL,NULL,NULL,0,NULL,0,0,'0000-00-00 00:00:00','0000-00-00 00:00:00','0000-00-00 00:00:00','0000-00-00 00:00:00','0000-00-00 00:00:00',NULL,NULL,NULL,NULL,'108.162.221.124',1),(475,'Mitean93','$2y$13$3Qi/PDJnoUqPp7dhegD8fOlVbpd/BJXsSbw1G/nPMDywyJG52J2fu','Mitean93@mail.ru',NULL,0,258,1,NULL,NULL,1,NULL,NULL,NULL,NULL,NULL,NULL,'2024-03-19 13:08:56',2,NULL,NULL,NULL,0,NULL,0,0,'0000-00-00 00:00:00','0000-00-00 00:00:00','0000-00-00 00:00:00','0000-00-00 00:00:00','0000-00-00 00:00:00',NULL,NULL,NULL,NULL,'0.0.0.0',1),(476,'TheRumax','$2y$13$0R8K0/ti9eMtrfD51ZiCCOYlJ5MEEVg7e54ko5S6Yw0zXLSDhd/L2','rudoy.maksim@mail.ru',NULL,0,258,1,NULL,NULL,1,NULL,NULL,NULL,NULL,NULL,NULL,'2024-03-19 13:08:56',2,NULL,NULL,NULL,0,NULL,0,0,'0000-00-00 00:00:00','0000-00-00 00:00:00','0000-00-00 00:00:00','0000-00-00 00:00:00','0000-00-00 00:00:00',NULL,NULL,NULL,NULL,'172.71.99.67',1),(477,'papapapapa','$2y$13$OR9r72y/wIxTXlpHmwDwM.GDcd8xNd/Dxi1DHjZXipUWb6O0qS982','papapapa@gmail.com',NULL,0,258,1,NULL,NULL,1,NULL,NULL,NULL,NULL,NULL,NULL,'2024-03-19 13:08:56',2,NULL,NULL,NULL,0,NULL,0,0,'0000-00-00 00:00:00','0000-00-00 00:00:00','0000-00-00 00:00:00','0000-00-00 00:00:00','0000-00-00 00:00:00',NULL,NULL,NULL,NULL,'0.0.0.0',1),(478,'123123','$2y$13$6D.OK97xLxvyJm8/gw8Woup/JPHcmRZJuV5ct/CKzdP4sDQBYzrOq','aaa@aaa.com',NULL,0,258,1,NULL,NULL,1,NULL,NULL,NULL,NULL,NULL,NULL,'2024-03-19 13:08:56',2,NULL,NULL,NULL,0,NULL,0,0,'0000-00-00 00:00:00','0000-00-00 00:00:00','0000-00-00 00:00:00','0000-00-00 00:00:00','0000-00-00 00:00:00',NULL,NULL,NULL,NULL,'141.101.105.61',1),(480,'fsfssffsfs','$2y$13$s5zhjK0U3X/L/clUPWRaFOezgM1y2BaU7R4mWPX0AHXAkZszeF9D6','ssggsgs@gmail.com',NULL,0,258,1,NULL,NULL,1,NULL,NULL,NULL,NULL,NULL,NULL,'2024-03-19 13:08:56',2,NULL,NULL,NULL,0,NULL,0,0,'0000-00-00 00:00:00','0000-00-00 00:00:00','0000-00-00 00:00:00','0000-00-00 00:00:00','0000-00-00 00:00:00',NULL,NULL,NULL,NULL,'172.71.102.56',1),(481,'artivus4','$2y$13$zXA/MZ06xtITfZGhLei2oO8rAEpBIXGhQd8iZ7plIMo3q.MnTxgJO','artivus4@yandex.ru',NULL,0,258,1,NULL,NULL,1,NULL,NULL,NULL,NULL,NULL,NULL,'2024-03-19 13:08:56',2,NULL,NULL,NULL,0,NULL,0,0,'0000-00-00 00:00:00','0000-00-00 00:00:00','0000-00-00 00:00:00','0000-00-00 00:00:00','0000-00-00 00:00:00',NULL,NULL,NULL,NULL,'172.71.102.153',1),(482,'harut','$2y$13$heM.OcfrmTZURtrnyNxgK.Zuc1P4z/wYuFybMxx0ZAqPXAUs7Prxu','harutmoney@mail.ru',NULL,0,258,1,NULL,NULL,1,NULL,NULL,NULL,NULL,NULL,NULL,'2024-04-10 18:38:48',2,NULL,NULL,NULL,0,NULL,0,0,'0000-00-00 00:00:00','0000-00-00 00:00:00','0000-00-00 00:00:00','0000-00-00 00:00:00','0000-00-00 00:00:00',NULL,NULL,NULL,NULL,'172.68.124.155',1),(483,'adadad','$2y$13$XacJUsoF3B1wY0GYBwxMu.z0at80p7i81.0WMO1Opr6cCJ0dbye9C','adadad@adad.ad',NULL,0,258,1,NULL,NULL,1,NULL,NULL,NULL,NULL,NULL,NULL,'2024-03-19 13:08:56',2,NULL,NULL,NULL,0,NULL,0,0,'0000-00-00 00:00:00','0000-00-00 00:00:00','0000-00-00 00:00:00','0000-00-00 00:00:00','0000-00-00 00:00:00',NULL,NULL,NULL,NULL,'162.158.222.150',1),(484,'z12312','$2y$13$/3QlNXUQP6LXEFWB4M5jOesKjMszJfPpdp04KzH.M40BhUFVp6t8S','zzz@zzzz.zz',NULL,0,258,1,NULL,NULL,1,NULL,NULL,NULL,NULL,NULL,NULL,'2024-03-19 13:08:56',2,NULL,NULL,NULL,0,NULL,0,0,'0000-00-00 00:00:00','0000-00-00 00:00:00','0000-00-00 00:00:00','0000-00-00 00:00:00','0000-00-00 00:00:00',NULL,NULL,NULL,NULL,'172.70.110.166',1),(485,'Dhdhrueh','$2y$13$7vZwXgfHt3WAqEmUg2GRpeJ1tpLJLvC9WKNBc04gd62.ETqlkfvSi','Asasasasasq12@gmaill.com',NULL,0,258,1,NULL,NULL,1,NULL,NULL,NULL,NULL,NULL,NULL,'2024-03-19 13:08:56',2,NULL,NULL,NULL,0,NULL,0,0,'0000-00-00 00:00:00','0000-00-00 00:00:00','0000-00-00 00:00:00','0000-00-00 00:00:00','0000-00-00 00:00:00',NULL,NULL,NULL,NULL,'172.71.126.41',1),(486,'ffafggaf','$2y$13$/.htGYuZ04bWU.iRr012P.0.v.fMitZSfarAlhJTyS9zBm7k4rRBa','pasha.zet12a@gmail.com',NULL,0,258,1,NULL,NULL,1,NULL,NULL,NULL,NULL,NULL,NULL,'2024-03-19 13:08:56',2,NULL,NULL,NULL,0,NULL,0,0,'0000-00-00 00:00:00','0000-00-00 00:00:00','0000-00-00 00:00:00','0000-00-00 00:00:00','0000-00-00 00:00:00',NULL,NULL,NULL,NULL,'172.69.222.196',1),(487,'djqdqdqwdq','$2y$13$0nsbN6XDIExnR.oDcA24ruvrAG29c0L1u.xPjxHXoiVuNhHy95o9q','dqddq@gmail.com',NULL,0,258,1,NULL,NULL,1,NULL,NULL,NULL,NULL,NULL,NULL,'2024-03-19 13:08:56',2,NULL,NULL,NULL,0,NULL,0,0,'0000-00-00 00:00:00','0000-00-00 00:00:00','0000-00-00 00:00:00','0000-00-00 00:00:00','0000-00-00 00:00:00',NULL,NULL,NULL,NULL,'172.71.130.172',1),(488,'sasasadad','$2y$13$3u3F3LEndOcjuq72vUNrSeAGsR8O83LVJbTVTpiC6HIC4zW0InmEa','qsqsqsqs@gmail.com',NULL,0,258,1,NULL,NULL,1,NULL,NULL,NULL,NULL,NULL,NULL,'2024-03-19 13:08:56',2,NULL,NULL,NULL,0,NULL,0,0,'0000-00-00 00:00:00','0000-00-00 00:00:00','0000-00-00 00:00:00','0000-00-00 00:00:00','0000-00-00 00:00:00',NULL,NULL,NULL,NULL,'172.71.122.117',1),(489,'dq32r','$2y$13$t3YUQ2m8qC3rBEWv/luGVuswPbxr8hcpEOfabgG5zpRL50cLposAC','d1221@mail.frr',NULL,0,258,1,NULL,NULL,1,NULL,NULL,NULL,NULL,NULL,NULL,'2024-03-19 13:08:56',2,NULL,NULL,NULL,0,NULL,0,0,'0000-00-00 00:00:00','0000-00-00 00:00:00','0000-00-00 00:00:00','0000-00-00 00:00:00','0000-00-00 00:00:00',NULL,NULL,NULL,NULL,'141.101.105.5',1),(490,'21312e','$2y$13$cITOyMkyo8jQKHuAHrtcc.toklCJkyEY821xIs6qzMUXPTiznBICG','fewf@wfqf.fea',NULL,0,258,1,NULL,NULL,1,NULL,NULL,NULL,NULL,NULL,NULL,'2024-03-19 13:08:56',2,NULL,NULL,NULL,0,NULL,0,0,'0000-00-00 00:00:00','0000-00-00 00:00:00','0000-00-00 00:00:00','0000-00-00 00:00:00','0000-00-00 00:00:00',NULL,NULL,NULL,NULL,'141.101.105.50',1),(491,'e12e2','$2y$13$hVXyH5710tjuTsgRLUlQde0BYtPwCMYLmqZSqMjjXkDUiSj9yrgIa','eeee@eeee.ee',NULL,0,258,1,NULL,NULL,1,NULL,NULL,NULL,NULL,NULL,NULL,'2024-03-19 13:08:56',2,NULL,NULL,NULL,0,NULL,0,0,'0000-00-00 00:00:00','0000-00-00 00:00:00','0000-00-00 00:00:00','0000-00-00 00:00:00','0000-00-00 00:00:00',NULL,NULL,NULL,NULL,'141.101.105.89',1),(492,'Gswh','$2y$13$Ib/O1ldO06UGVIAmSuGRs.aJNaBW64FNvDRnDv8cCwTCuUx01honq','dheh@jejw.dj',NULL,0,258,1,NULL,NULL,1,NULL,NULL,NULL,NULL,NULL,NULL,'2024-03-19 13:08:56',2,NULL,NULL,NULL,0,NULL,0,0,'0000-00-00 00:00:00','0000-00-00 00:00:00','0000-00-00 00:00:00','0000-00-00 00:00:00','0000-00-00 00:00:00',NULL,NULL,NULL,NULL,'141.101.104.87',1),(493,'dwaad','$2y$13$dwjjdqVtYasGvgrvml3ZsumuQCsPPBNGoZtV5UQ8yFk4DGH.u5qD6','dwdw@mda.daw',NULL,0,258,1,NULL,NULL,1,NULL,NULL,NULL,NULL,NULL,NULL,'2024-03-19 13:08:56',2,NULL,NULL,NULL,0,NULL,0,0,'0000-00-00 00:00:00','0000-00-00 00:00:00','0000-00-00 00:00:00','0000-00-00 00:00:00','0000-00-00 00:00:00',NULL,NULL,NULL,NULL,'172.69.195.231',1),(494,'Adadadadadd','$2y$13$s5F1QeLActJB/SxfhVr7Te9c7Ybn5MJ5NkIeFGjNKUiwBoMRPTeQy','fafafafa@gmail.com',NULL,0,258,1,NULL,NULL,1,NULL,NULL,NULL,NULL,NULL,NULL,'2024-03-19 13:08:56',2,NULL,NULL,NULL,0,NULL,0,0,'0000-00-00 00:00:00','0000-00-00 00:00:00','0000-00-00 00:00:00','0000-00-00 00:00:00','0000-00-00 00:00:00',NULL,NULL,NULL,NULL,'172.71.126.193',1),(495,'Afafafafafa','$2y$13$JldVtrgYrPTtnKcCjrukI.rvbxFdo292g4a7iLLn5ihaEYRsCeCTi','sdaddsdsdad@gmail.com',NULL,0,258,1,NULL,NULL,1,NULL,NULL,NULL,NULL,NULL,NULL,'2024-03-19 13:08:56',2,NULL,NULL,NULL,0,NULL,0,0,'0000-00-00 00:00:00','0000-00-00 00:00:00','0000-00-00 00:00:00','0000-00-00 00:00:00','0000-00-00 00:00:00',NULL,NULL,NULL,NULL,'172.71.126.169',1),(496,'Dgagagagag','$2y$13$O/zOTzD8EtZd3v3UemNTeenYOcDFpfLa1AL4m4vU8Ftv4cse8Ovtq','fagsgagaga@gmail.com',NULL,0,258,1,NULL,NULL,1,NULL,NULL,NULL,NULL,NULL,NULL,'2024-03-19 13:08:56',2,NULL,NULL,NULL,0,NULL,0,0,'0000-00-00 00:00:00','0000-00-00 00:00:00','0000-00-00 00:00:00','0000-00-00 00:00:00','0000-00-00 00:00:00',NULL,NULL,NULL,NULL,'172.69.222.178',1),(497,'Dhejjd','$2y$13$WPm1LQKItSE0gt46uznST.h82YY/RQKEUm6aAZWgTkL66qFDSZZPC','dbjs@jsjs.hsj',NULL,0,258,1,NULL,NULL,1,NULL,NULL,NULL,NULL,NULL,NULL,'2024-03-19 13:08:56',2,NULL,NULL,NULL,0,NULL,0,0,'0000-00-00 00:00:00','0000-00-00 00:00:00','0000-00-00 00:00:00','0000-00-00 00:00:00','0000-00-00 00:00:00',NULL,NULL,NULL,NULL,'172.69.151.133',1),(498,'d121','$2y$13$EoUBMwIs.RUSatHSZ7K1p..2LWHlz1vxrnPkOW.9GwJclrZSwbecm','awdw@dwad.dwa',NULL,0,258,1,NULL,NULL,1,NULL,NULL,NULL,NULL,NULL,NULL,'2024-03-19 13:08:56',2,NULL,NULL,NULL,0,NULL,0,0,'0000-00-00 00:00:00','0000-00-00 00:00:00','0000-00-00 00:00:00','0000-00-00 00:00:00','0000-00-00 00:00:00',NULL,NULL,NULL,NULL,'162.158.94.219',1),(499,'Dhhe','$2y$13$d9GhgAuQvay3MmP3KgXCA.eWExOxPW10nK.qQMud.w.TRWzM37tIy','dhhe@djje.he',NULL,0,258,1,NULL,NULL,1,NULL,NULL,NULL,NULL,NULL,NULL,'2024-03-19 13:08:56',2,NULL,NULL,NULL,0,NULL,0,0,'0000-00-00 00:00:00','0000-00-00 00:00:00','0000-00-00 00:00:00','0000-00-00 00:00:00','0000-00-00 00:00:00',NULL,NULL,NULL,NULL,'172.71.94.152',1),(500,'Dav23022002','$2y$13$fb1aXPqwDU0kGLCYJYENq.cYJ4hresixppmCLsANU4RK8KVAJn4Hu','david_rahimov@mail.ru',NULL,0,258,1,NULL,NULL,1,NULL,NULL,NULL,NULL,NULL,NULL,'2024-03-19 13:08:56',2,NULL,NULL,NULL,0,NULL,0,0,'0000-00-00 00:00:00','0000-00-00 00:00:00','0000-00-00 00:00:00','0000-00-00 00:00:00','0000-00-00 00:00:00',NULL,NULL,NULL,NULL,'172.69.43.162',1),(501,'Armsnab','$2y$13$ppGJzBqoFeg7Um62lgSVvO5eQNTH9iWwJmb.x6vqMiTB25D8rq37e','Uristy782@gmail.com',NULL,1,258,1,NULL,NULL,1,NULL,NULL,'','',NULL,NULL,'2024-03-19 16:19:54',2,NULL,NULL,NULL,0,NULL,0,0,'0000-00-00 00:00:00','0000-00-00 00:00:00','0000-00-00 00:00:00','0000-00-00 00:00:00','0000-00-00 00:00:00',NULL,NULL,NULL,NULL,'172.69.43.163',1),(502,'n.ledi90@mail.ru','$2y$13$sfLMA69TBf6zOXOav3muO.443N5vF6RE1OmEh.xxNB3d4pwna0.72','n.ledi90@mail.ru',NULL,0,258,1,NULL,NULL,1,NULL,NULL,NULL,NULL,NULL,NULL,'2024-06-14 10:34:58',2,NULL,NULL,NULL,0,NULL,0,0,'0000-00-00 00:00:00','0000-00-00 00:00:00','0000-00-00 00:00:00','0000-00-00 00:00:00','0000-00-00 00:00:00',NULL,NULL,NULL,NULL,'172.68.10.144',3),(503,'','$2y$13$LZ03.5VW4BcCcn2smb.3FOhv9HX.EKt1W9Pb2wQaahJeCt0n.hpe2','asasasasasa@gmail.com',NULL,0,258,1,NULL,NULL,1,NULL,NULL,NULL,NULL,NULL,NULL,'2024-03-19 13:08:56',2,NULL,NULL,NULL,0,NULL,0,0,'0000-00-00 00:00:00','0000-00-00 00:00:00','0000-00-00 00:00:00','0000-00-00 00:00:00','0000-00-00 00:00:00',NULL,NULL,NULL,NULL,'172.71.94.246',1),(504,'Dheje','$2y$13$2jb2ysJDf/T1FJnZS6qjd.AkWgSATNc4tcMhCphJp3cAH5bwUyDEC','dhbe@jdje.she',NULL,0,258,1,NULL,NULL,1,NULL,NULL,NULL,NULL,NULL,NULL,'2024-03-19 13:08:56',2,NULL,NULL,NULL,0,NULL,0,0,'0000-00-00 00:00:00','0000-00-00 00:00:00','0000-00-00 00:00:00','0000-00-00 00:00:00','0000-00-00 00:00:00',NULL,NULL,NULL,NULL,'141.101.105.49',1),(505,'Sfsgegsgsg','$2y$13$zlOIbf7Otc309NY.oK/tWOSSUhqz8lbi5h/cKXD40e9SU.1ZoI2Sa','dtdgsgsg@gmail.com',NULL,0,258,1,NULL,NULL,1,NULL,NULL,NULL,NULL,NULL,NULL,'2024-03-19 13:08:56',2,NULL,NULL,NULL,0,NULL,0,0,'0000-00-00 00:00:00','0000-00-00 00:00:00','0000-00-00 00:00:00','0000-00-00 00:00:00','0000-00-00 00:00:00',NULL,NULL,NULL,NULL,'172.71.182.166',1),(506,'Armen','$2y$13$8A3JoQIucVpF0BL1a/JLmuqQ9LL64Op.fEIvkKz7.NgBXLTNMiVyu','armen.886@yandex.ru',NULL,0,258,1,NULL,NULL,1,NULL,NULL,NULL,NULL,NULL,NULL,'2024-03-19 13:08:56',2,NULL,NULL,NULL,0,NULL,0,0,'0000-00-00 00:00:00','0000-00-00 00:00:00','0000-00-00 00:00:00','0000-00-00 00:00:00','0000-00-00 00:00:00',NULL,NULL,NULL,NULL,'172.69.222.184',1),(507,'ArinaBox','$2y$13$nwXhvyQ.F6dBFbsrM3iEIeiUr9IN5DdRXXXvk56f0WwRqFW44RgoK','arenaddddmm@mail.ru',NULL,0,258,1,NULL,NULL,1,NULL,NULL,NULL,NULL,NULL,NULL,'2024-03-19 13:08:56',2,NULL,NULL,NULL,0,NULL,0,0,'0000-00-00 00:00:00','0000-00-00 00:00:00','0000-00-00 00:00:00','0000-00-00 00:00:00','0000-00-00 00:00:00',NULL,NULL,NULL,NULL,'162.158.103.6',1),(508,'e21e2','$2y$13$TSR1JvRLJrOxlphNPjnu0ue0qwl9aP4cFEVXHuNtadeXzbCRcXrDC','dwadw@awda.wfa',NULL,0,258,1,NULL,NULL,1,NULL,NULL,NULL,NULL,NULL,NULL,'2024-03-19 13:08:56',2,NULL,NULL,NULL,0,NULL,0,0,'0000-00-00 00:00:00','0000-00-00 00:00:00','0000-00-00 00:00:00','0000-00-00 00:00:00','0000-00-00 00:00:00',NULL,NULL,NULL,NULL,'141.101.105.90',1),(509,'zdwq3q','$2y$13$ru42BEjv4nxvQV4gn0VMbOexcU.hwc56TV7OZon61qADImIu8mJzm','d12qwd@dda.dwa',NULL,0,258,1,NULL,NULL,1,NULL,NULL,NULL,NULL,NULL,NULL,'2024-03-19 13:08:56',2,NULL,NULL,NULL,0,NULL,0,0,'0000-00-00 00:00:00','0000-00-00 00:00:00','0000-00-00 00:00:00','0000-00-00 00:00:00','0000-00-00 00:00:00',NULL,NULL,NULL,NULL,'108.162.220.104',1),(510,'123e12e','$2y$13$cULoRwxluBywg/Ag8ELhCuudYr3FIiRWtRRrHveBBR4SevMpF7NK2','ewqeqw@dqw.dwq',NULL,0,258,1,NULL,NULL,1,NULL,NULL,NULL,NULL,NULL,NULL,'2024-03-19 13:08:56',2,NULL,NULL,NULL,0,NULL,0,0,'0000-00-00 00:00:00','0000-00-00 00:00:00','0000-00-00 00:00:00','0000-00-00 00:00:00','0000-00-00 00:00:00',NULL,NULL,NULL,NULL,'172.70.246.95',1),(511,'wdqd','$2y$13$tUqys9S9tdOC7k7.GVOWme40.X32mkt.djKbuBqhc37TtCAf.2grC','dwqdwq@dwa.ccc',NULL,0,258,1,NULL,NULL,1,NULL,NULL,NULL,NULL,NULL,NULL,'2024-03-19 13:08:56',2,NULL,NULL,NULL,0,NULL,0,0,'0000-00-00 00:00:00','0000-00-00 00:00:00','0000-00-00 00:00:00','0000-00-00 00:00:00','0000-00-00 00:00:00',NULL,NULL,NULL,NULL,'172.70.122.250',1),(512,'Xhhs','$2y$13$vv5h5w8OIrJx.EMegl.wouXStYWC6uRCS9P1b9yv/pwF1ZYdWH3uW','dheje@jdje.djs',NULL,0,258,1,NULL,NULL,1,NULL,NULL,NULL,NULL,NULL,NULL,'2024-03-19 13:08:56',2,NULL,NULL,NULL,0,NULL,0,0,'0000-00-00 00:00:00','0000-00-00 00:00:00','0000-00-00 00:00:00','0000-00-00 00:00:00','0000-00-00 00:00:00',NULL,NULL,NULL,NULL,'162.158.110.82',1),(513,'Tttgfd','$2y$13$h1z0Joy3KcZx.UkdQ/YhxeoYh6NUWASy5P3HdX/rxnxeuFm.3n3YO','feeft@fred.fee',NULL,0,258,1,NULL,NULL,1,NULL,NULL,NULL,NULL,NULL,NULL,'2024-03-19 13:08:56',2,NULL,NULL,NULL,0,NULL,0,0,'0000-00-00 00:00:00','0000-00-00 00:00:00','0000-00-00 00:00:00','0000-00-00 00:00:00','0000-00-00 00:00:00',NULL,NULL,NULL,NULL,'172.71.182.41',1),(514,'dwaawd','$2y$13$11jK8/AfpVBMUH/27kMzPe9xS1diAUqCJVgDnoXUYjFYUkHGltjo2','awdawd@daw.adw',NULL,0,258,1,NULL,NULL,1,NULL,NULL,NULL,NULL,NULL,NULL,'2024-03-19 13:08:56',2,NULL,NULL,NULL,0,NULL,0,0,'0000-00-00 00:00:00','0000-00-00 00:00:00','0000-00-00 00:00:00','0000-00-00 00:00:00','0000-00-00 00:00:00',NULL,NULL,NULL,NULL,'141.101.69.132',1),(515,'e21e12','$2y$13$1bfoxX8LdAh466ckgSobj.5EhI54F3kk9vxUCHbsWUkU53QUqSr4y','eqwdqwd@fse.fes',NULL,0,258,1,NULL,NULL,1,NULL,NULL,NULL,NULL,NULL,NULL,'2024-03-19 13:08:56',2,NULL,NULL,NULL,0,NULL,0,0,'0000-00-00 00:00:00','0000-00-00 00:00:00','0000-00-00 00:00:00','0000-00-00 00:00:00','0000-00-00 00:00:00',NULL,NULL,NULL,NULL,'172.70.222.209',1),(516,'Dhhehe','$2y$13$jiYi92G8JP07H8y7FyYAQ..SWxJi/bE1.H7OGTefKvLa9xFUQYHE6','cbsbsb@jdje.hdjd',NULL,0,258,1,NULL,NULL,1,NULL,NULL,NULL,NULL,NULL,NULL,'2024-03-19 13:08:56',2,NULL,NULL,NULL,0,NULL,0,0,'0000-00-00 00:00:00','0000-00-00 00:00:00','0000-00-00 00:00:00','0000-00-00 00:00:00','0000-00-00 00:00:00',NULL,NULL,NULL,NULL,'172.71.99.173',1),(517,'Gagsgg','$2y$13$cwOlRTCZUFs.HfDeDYogWu/NE6glQLj8IXwc08ZX4MHos2IQEGu.K','afafafaffayy@gmail.com',NULL,0,258,1,NULL,NULL,1,NULL,NULL,NULL,NULL,NULL,NULL,'2024-03-19 13:08:56',2,NULL,NULL,NULL,0,NULL,0,0,'0000-00-00 00:00:00','0000-00-00 00:00:00','0000-00-00 00:00:00','0000-00-00 00:00:00','0000-00-00 00:00:00',NULL,NULL,NULL,NULL,'172.71.122.125',1),(518,'Paspspsps','$2y$13$Z1cMUGus3wfvQmw9VIgcvOKpJE1Ft9zvthe/AWYOhrhWAMUTBDDw.','pspspspsp@yandex.ru',NULL,0,258,1,NULL,NULL,1,NULL,NULL,NULL,NULL,NULL,NULL,'2024-03-19 13:08:56',2,NULL,NULL,NULL,0,NULL,0,0,'0000-00-00 00:00:00','0000-00-00 00:00:00','0000-00-00 00:00:00','0000-00-00 00:00:00','0000-00-00 00:00:00',NULL,NULL,NULL,NULL,'172.71.126.128',1),(519,'Dhejejje','$2y$13$ogH7T/8yV6MokOMivwiLAuJJuhGs.YAuJ9puzUSWg1voscHnCJ1Kq','fheneb@jdje.hde',NULL,0,258,1,NULL,NULL,1,NULL,NULL,NULL,NULL,NULL,NULL,'2024-03-19 13:08:56',2,NULL,NULL,NULL,0,NULL,0,0,'0000-00-00 00:00:00','0000-00-00 00:00:00','0000-00-00 00:00:00','0000-00-00 00:00:00','0000-00-00 00:00:00',NULL,NULL,NULL,NULL,'141.101.105.50',1),(520,'e1r32t435y46','$2y$13$fY0MqoXKd/tiBWIfEyfgp.kuq1oXZzApF5gWKo9fv8dhuFPb.06Gq','rwrget@faes.fesrg',NULL,0,258,1,NULL,NULL,1,NULL,NULL,NULL,NULL,NULL,NULL,'2024-03-19 13:08:56',2,NULL,NULL,NULL,0,NULL,0,0,'0000-00-00 00:00:00','0000-00-00 00:00:00','0000-00-00 00:00:00','0000-00-00 00:00:00','0000-00-00 00:00:00',NULL,NULL,NULL,NULL,'141.101.105.49',1),(521,'','$2y$13$6D9T75T2DcvBgo8WZ4amyOJVWDOgqnGv9O4EeePYCvclJqaWzeKMK','fewfs@fseg.wfeg',NULL,0,258,1,NULL,NULL,1,NULL,NULL,NULL,NULL,NULL,NULL,'2024-03-19 13:08:56',2,NULL,NULL,NULL,0,NULL,0,0,'0000-00-00 00:00:00','0000-00-00 00:00:00','0000-00-00 00:00:00','0000-00-00 00:00:00','0000-00-00 00:00:00',NULL,NULL,NULL,NULL,'141.101.104.86',1),(522,'Pashaqwert','$2y$13$qEamhjuoO0wTxO8xvitE4uW4.DCpwCF3zTOkTuKT1a1jVUxXRZPoe','pashaqwert@gmail.com',NULL,0,258,1,NULL,NULL,1,NULL,NULL,NULL,NULL,NULL,NULL,'2024-03-19 13:08:56',2,NULL,NULL,NULL,0,NULL,0,0,'0000-00-00 00:00:00','0000-00-00 00:00:00','0000-00-00 00:00:00','0000-00-00 00:00:00','0000-00-00 00:00:00',NULL,NULL,NULL,NULL,'172.71.98.76',1),(523,'Adassfsgg','$2y$13$xdKnztkigWXj59pempyuH.7nfaJnC0CO4jmOUIaO/pjLWLoStr/TW','afagghhjj@gmail.com',NULL,0,258,1,NULL,NULL,1,NULL,NULL,NULL,NULL,NULL,NULL,'2024-03-19 13:08:56',2,NULL,NULL,NULL,0,NULL,0,0,'0000-00-00 00:00:00','0000-00-00 00:00:00','0000-00-00 00:00:00','0000-00-00 00:00:00','0000-00-00 00:00:00',NULL,NULL,NULL,NULL,'172.71.102.144',1),(524,'Ari555','$2y$13$BRgJG8lJEduESuCC6aFyOOdBOMNQR7iPyisGypGsVafdmndPnW3Xy','uristy@gmail.com',NULL,0,258,1,NULL,NULL,1,NULL,NULL,NULL,NULL,NULL,NULL,'2024-03-19 13:08:56',2,NULL,NULL,NULL,0,NULL,0,0,'0000-00-00 00:00:00','0000-00-00 00:00:00','0000-00-00 00:00:00','0000-00-00 00:00:00','0000-00-00 00:00:00',NULL,NULL,NULL,NULL,'141.101.76.130',1),(525,'Ara5','$2y$13$PCf/Qk1bK5ysxFe3fwRdGeNxokdqbFfHbvwgnrCGQo92T5PW5Smiu','uristy782@gmail.com',NULL,0,258,1,NULL,NULL,1,NULL,NULL,NULL,NULL,NULL,NULL,'2024-03-27 06:47:40',2,NULL,NULL,NULL,0,NULL,0,0,'0000-00-00 00:00:00','0000-00-00 00:00:00','0000-00-00 00:00:00','0000-00-00 00:00:00','0000-00-00 00:00:00',NULL,NULL,NULL,NULL,'172.71.183.141',4),(527,'pashazetraqwe','$2y$13$TIi97qJcmx1ZX.WUhp5px.koLO0QSBVqKsP9HZYT973zD3PjfGOd6','ultra.sub@mail.ru',NULL,0,258,1,NULL,NULL,1,NULL,NULL,NULL,NULL,NULL,NULL,'2024-03-19 13:08:56',2,NULL,NULL,NULL,0,NULL,0,0,'0000-00-00 00:00:00','0000-00-00 00:00:00','0000-00-00 00:00:00','0000-00-00 00:00:00','0000-00-00 00:00:00',NULL,NULL,NULL,NULL,'172.71.122.134',1),(530,'Llllllfhhrb','$2y$13$0NcpwOyKzXJgiNk.zT4Qae3NIXs3ByG8UTM/vf3lmKyD0N5lvpXOm','marat@mail.ru',NULL,0,258,1,NULL,NULL,1,NULL,NULL,NULL,NULL,NULL,NULL,'2024-03-19 13:08:56',2,NULL,NULL,NULL,0,NULL,0,0,'0000-00-00 00:00:00','0000-00-00 00:00:00','0000-00-00 00:00:00','0000-00-00 00:00:00','0000-00-00 00:00:00',NULL,NULL,NULL,NULL,'172.71.122.228',1),(531,'Aramen','$2y$13$d621e/KoKD/qip3DVIfWFevb3RIDr5TJs7h2H8ux1Ppw41zaFrmj6','armen889@yandex.ru',NULL,0,258,1,NULL,NULL,1,NULL,NULL,NULL,NULL,NULL,NULL,'2024-03-19 13:08:56',2,NULL,NULL,NULL,0,NULL,0,0,'0000-00-00 00:00:00','0000-00-00 00:00:00','0000-00-00 00:00:00','0000-00-00 00:00:00','0000-00-00 00:00:00',NULL,NULL,NULL,NULL,'172.69.222.185',1),(532,'Pashasolo123','$2y$13$Tzoq5L8QYp3/1qphoeNF8uu7ppkthrFC0QM6W73XhYikzacS5j7rG','grepashanaumov@gmail.com',NULL,0,258,1,NULL,NULL,1,NULL,NULL,NULL,NULL,NULL,NULL,'2024-03-19 13:08:56',2,NULL,NULL,NULL,0,NULL,0,0,'0000-00-00 00:00:00','0000-00-00 00:00:00','0000-00-00 00:00:00','0000-00-00 00:00:00','0000-00-00 00:00:00',NULL,NULL,NULL,NULL,'172.71.122.218',1),(534,'artivus6','$2y$13$dfkhbqBpMiqPfqCnNeSYju/DIhFVpX10mAlmWsZBKjU.LNvihczKC','artivus6@yandex.ru',NULL,0,258,1,NULL,NULL,1,NULL,NULL,NULL,NULL,NULL,NULL,'2024-03-19 13:08:56',2,NULL,NULL,NULL,0,NULL,0,0,'0000-00-00 00:00:00','0000-00-00 00:00:00','0000-00-00 00:00:00','0000-00-00 00:00:00','0000-00-00 00:00:00',NULL,NULL,NULL,NULL,'172.71.223.118',1),(535,'dwad','$2y$13$GUkfZzkqRKgXVuB1s7sxeO014ftaX3TBS5zv0dx52oEv1IaM9dOnG','wadwad@dwa.dwa',NULL,0,258,1,NULL,NULL,1,NULL,NULL,NULL,NULL,NULL,NULL,'2024-03-19 13:08:56',2,NULL,NULL,NULL,0,NULL,0,0,'0000-00-00 00:00:00','0000-00-00 00:00:00','0000-00-00 00:00:00','0000-00-00 00:00:00','0000-00-00 00:00:00',NULL,NULL,NULL,NULL,'172.70.134.77',1),(536,'Dddddddd','$2y$13$xySJ.cNQ9zklB2yx8NNHk.LEHWKnHAcEAgzJiaOsSGy/VRO1A/JAC','Asasasasasq1@gmaill.com',NULL,0,258,1,NULL,NULL,1,NULL,NULL,NULL,NULL,NULL,NULL,'2024-03-19 13:08:56',2,NULL,NULL,NULL,0,NULL,0,0,'0000-00-00 00:00:00','0000-00-00 00:00:00','0000-00-00 00:00:00','0000-00-00 00:00:00','0000-00-00 00:00:00',NULL,NULL,NULL,NULL,'141.101.69.6',1),(537,'Fbsns','$2y$13$p5K47xIKVLDETsRZgo/7T.ehCnEHbkMvZGuZ5MvMPZLdefcDOpScq','fbsnsn@djej.dh',NULL,0,258,1,NULL,NULL,1,NULL,NULL,NULL,NULL,NULL,NULL,'2024-03-19 13:08:56',2,NULL,NULL,NULL,0,NULL,0,0,'0000-00-00 00:00:00','0000-00-00 00:00:00','0000-00-00 00:00:00','0000-00-00 00:00:00','0000-00-00 00:00:00',NULL,NULL,NULL,NULL,'172.71.98.251',1),(538,'dwadafw','$2y$13$8LgFY4gW9FgLR3JTcVclQefR3wtLCJRwdXHnZrSMyJOGS4B5kj03W','awdfaw@daf.awdf',NULL,0,258,1,NULL,NULL,1,NULL,NULL,NULL,NULL,NULL,NULL,'2024-03-19 13:08:56',2,NULL,NULL,NULL,0,NULL,0,0,'0000-00-00 00:00:00','0000-00-00 00:00:00','0000-00-00 00:00:00','0000-00-00 00:00:00','0000-00-00 00:00:00',NULL,NULL,NULL,NULL,'141.101.105.90',1),(539,'Jarek','$2y$13$U2QTYEmxn69SqBi6WQK3l.9PtD.U2aBnSugYPfoCMk9mqNdrUqQii','ivanobleznikov@gmail.com',NULL,0,258,1,NULL,NULL,1,NULL,NULL,NULL,NULL,NULL,NULL,'2024-03-19 13:08:56',2,NULL,NULL,NULL,0,NULL,0,0,'0000-00-00 00:00:00','0000-00-00 00:00:00','0000-00-00 00:00:00','0000-00-00 00:00:00','0000-00-00 00:00:00',NULL,NULL,NULL,NULL,'172.69.222.191',1),(540,'Chikago007','$2y$13$MJSiVMdDdQsvx.WT1ux4j.qWi6kWH6Uufj4HdjzNwgTp7A8StztlC','chikago007007@mail.ru',NULL,0,258,1,NULL,NULL,1,NULL,NULL,NULL,NULL,NULL,NULL,'2024-03-19 13:08:56',2,NULL,NULL,NULL,0,NULL,0,0,'0000-00-00 00:00:00','0000-00-00 00:00:00','0000-00-00 00:00:00','0000-00-00 00:00:00','0000-00-00 00:00:00',NULL,NULL,NULL,NULL,'162.158.182.62',1),(541,'Ms13','$2y$13$OYPUYh2sBct3PpbdFrJ2r.KZQ01VAVs.KJ/E0xze/TqVe42utplSq','ms13@mail.ru',NULL,0,258,1,NULL,NULL,1,NULL,NULL,NULL,NULL,NULL,NULL,'2024-03-28 09:50:13',2,NULL,NULL,NULL,0,NULL,0,0,'0000-00-00 00:00:00','0000-00-00 00:00:00','0000-00-00 00:00:00','0000-00-00 00:00:00','0000-00-00 00:00:00',NULL,NULL,NULL,NULL,'162.158.183.24',1),(542,'Mitia777','$2y$13$h83xv23mqy9uZGTotC9iku5FshJuZ7zBff3tz6Vwr2PdBvYl3swAm','mitia@mail.ru',NULL,0,258,1,NULL,NULL,1,NULL,NULL,NULL,NULL,NULL,NULL,'2024-03-19 13:08:56',2,NULL,NULL,NULL,0,NULL,0,0,'0000-00-00 00:00:00','0000-00-00 00:00:00','0000-00-00 00:00:00','0000-00-00 00:00:00','0000-00-00 00:00:00',NULL,NULL,NULL,NULL,'172.69.222.179',1),(543,'Dhahajq','$2y$13$0ku8sBsSHs.1YB8h4l2YAe0YAxDu5Qh.Iie4wui4jN8jspT22qfbW','agdgdhsg@gmail.com',NULL,0,258,1,NULL,NULL,1,NULL,NULL,NULL,NULL,NULL,NULL,'2024-03-19 13:08:56',2,NULL,NULL,NULL,0,NULL,0,0,'0000-00-00 00:00:00','0000-00-00 00:00:00','0000-00-00 00:00:00','0000-00-00 00:00:00','0000-00-00 00:00:00',NULL,NULL,NULL,NULL,'172.71.103.234',1),(544,'esgrhtyj','$2y$13$rO/Wj.tH9rVC0w8DapMXBO5XLArU.702udTuHF/tC64MN2wExnr7W','qrwerht@asfgdr.awfse',NULL,0,258,1,NULL,NULL,1,NULL,NULL,NULL,NULL,NULL,NULL,'2024-03-19 13:08:56',2,NULL,NULL,NULL,0,NULL,0,0,'0000-00-00 00:00:00','0000-00-00 00:00:00','0000-00-00 00:00:00','0000-00-00 00:00:00','0000-00-00 00:00:00',NULL,NULL,NULL,NULL,'141.101.105.6',1),(545,'esfg','$2y$13$mX0sAnr9rDQeLmr9jNWLuOBlGJRND9gSt7sC8j7jbam6LqY914B3.','esfgrdh@fesg.erwfes',NULL,0,258,1,NULL,NULL,1,NULL,NULL,NULL,NULL,NULL,NULL,'2024-03-19 13:08:56',2,NULL,NULL,NULL,0,NULL,0,0,'0000-00-00 00:00:00','0000-00-00 00:00:00','0000-00-00 00:00:00','0000-00-00 00:00:00','0000-00-00 00:00:00',NULL,NULL,NULL,NULL,'141.101.104.86',1),(546,'wfegr','$2y$13$ryDVG46SkLKlB.VtcT6S9OQMZgMklzjzw.LQ5/Vv8ofP4ihsr39mW','wfesgr@fesg.wqef',NULL,0,258,1,NULL,NULL,1,NULL,NULL,NULL,NULL,NULL,NULL,'2024-03-19 13:08:56',2,NULL,NULL,NULL,0,NULL,0,0,'0000-00-00 00:00:00','0000-00-00 00:00:00','0000-00-00 00:00:00','0000-00-00 00:00:00','0000-00-00 00:00:00',NULL,NULL,NULL,NULL,'141.101.104.87',1),(548,'ArinaBox148','$2y$13$wfky6m1KBEWW6j5S8aXuMeMnUHL3.nXFqBz6US3Ti56fTqNWKdPmy','Ms14@mail.ru',NULL,0,258,1,NULL,NULL,1,NULL,NULL,NULL,NULL,NULL,NULL,'2024-03-19 13:08:56',2,NULL,NULL,NULL,0,NULL,0,0,'0000-00-00 00:00:00','0000-00-00 00:00:00','0000-00-00 00:00:00','0000-00-00 00:00:00','0000-00-00 00:00:00',NULL,NULL,NULL,NULL,'172.68.139.56',1),(549,'Afsfafsd','$2y$13$LmU7M5j36T0TTdaMON4HieZoQs69jlvjs.6uZ2i2kLNYewIw66vb6','dhstug@mail.ru',NULL,0,258,1,NULL,NULL,1,NULL,NULL,NULL,NULL,NULL,NULL,'2024-03-19 13:08:56',2,NULL,NULL,NULL,0,NULL,0,0,'0000-00-00 00:00:00','0000-00-00 00:00:00','0000-00-00 00:00:00','0000-00-00 00:00:00','0000-00-00 00:00:00',NULL,NULL,NULL,NULL,'162.158.183.23',1),(556,'dwfe','$2y$13$biiBVE7Wx8IEn0oQO/HO7e.nZOT92OjIHYJcnNKZO7.k3IGkjgqDS','wdfe@fse.efs',NULL,0,258,1,NULL,NULL,1,NULL,NULL,NULL,NULL,NULL,NULL,'2024-03-19 13:08:56',2,NULL,NULL,NULL,0,NULL,0,0,'0000-00-00 00:00:00','0000-00-00 00:00:00','0000-00-00 00:00:00','0000-00-00 00:00:00','0000-00-00 00:00:00',NULL,NULL,NULL,NULL,'162.158.110.165',1),(557,'Pasha.zeta','$2y$13$XVLIw0D5uz.WO0xlMubBMeYIsUmKqbFRhyDVMgtFgtiuHvezM/jhC','pasha.zeta@gmail.com',NULL,0,258,1,NULL,NULL,1,NULL,NULL,NULL,NULL,NULL,NULL,'2024-06-11 15:25:56',2,NULL,NULL,NULL,0,NULL,0,0,'0000-00-00 00:00:00','0000-00-00 00:00:00','0000-00-00 00:00:00','0000-00-00 00:00:00','0000-00-00 00:00:00',NULL,NULL,NULL,NULL,'162.158.110.89',1),(558,'Chbsnd','$2y$13$yiTqbKQXmuUPrL1cSnBlvOuW.Xop3Nca9kGtNiSFESw42oCEzSm7.','dndnsn@dje.hd',NULL,0,258,1,NULL,NULL,1,NULL,NULL,NULL,NULL,NULL,NULL,'2024-03-19 13:08:56',2,NULL,NULL,NULL,0,NULL,0,0,'0000-00-00 00:00:00','0000-00-00 00:00:00','0000-00-00 00:00:00','0000-00-00 00:00:00','0000-00-00 00:00:00',NULL,NULL,NULL,NULL,'141.101.105.49',1),(559,'q2ewad','$2y$13$FI4C2XQu1JR0w15Lwyr8sen/7P.qUjIZs3REnVRI4GG1DUgJ.WzpW','awfawf@awd.awd',NULL,0,258,1,NULL,NULL,1,NULL,NULL,NULL,NULL,NULL,NULL,'2024-03-19 13:08:56',2,NULL,NULL,NULL,0,NULL,0,0,'0000-00-00 00:00:00','0000-00-00 00:00:00','0000-00-00 00:00:00','0000-00-00 00:00:00','0000-00-00 00:00:00',NULL,NULL,NULL,NULL,'141.101.104.87',1),(560,'hhhhhh','$2y$13$TCG35HonSSSaKB7JK9foS.ExlHrzBRkEKNh9fOC9qGrmzcSRRYwEe','hhhhhh@hhh.hh',NULL,0,258,1,NULL,NULL,1,NULL,NULL,NULL,NULL,NULL,NULL,'2024-05-27 19:44:11',2,NULL,NULL,NULL,0,NULL,0,0,'0000-00-00 00:00:00','0000-00-00 00:00:00','0000-00-00 00:00:00','0000-00-00 00:00:00','0000-00-00 00:00:00',NULL,NULL,NULL,NULL,'172.68.50.108',1),(561,'Popopop','$2y$13$NDrcNpvYb6Om/hZWACtFrehYYL.X.Xl4vZeNOw9yOyGShnQss1g7S','pop@gmail.com',NULL,0,258,1,NULL,NULL,1,NULL,NULL,NULL,NULL,NULL,NULL,'2024-03-19 13:08:56',2,NULL,NULL,NULL,0,NULL,0,0,'0000-00-00 00:00:00','0000-00-00 00:00:00','0000-00-00 00:00:00','0000-00-00 00:00:00','0000-00-00 00:00:00',NULL,NULL,NULL,NULL,'172.71.126.188',1),(562,'Pappapap','$2y$13$/dY1A9zzNsvQnSXZbOKFT.DZXkm4pwRWttE7Jjf0hUu9Cl2p.S.kS','pap@gmail.com',NULL,0,258,1,NULL,NULL,1,NULL,NULL,NULL,NULL,NULL,NULL,'2024-03-19 13:08:56',2,NULL,NULL,NULL,0,NULL,0,0,'0000-00-00 00:00:00','0000-00-00 00:00:00','0000-00-00 00:00:00','0000-00-00 00:00:00','0000-00-00 00:00:00',NULL,NULL,NULL,NULL,'172.71.130.151',1),(563,'Vaha1765','$2y$13$lmMH.BNzXDp58LBEdThdL.50.LnlDaMv7xzpqIdupsQopSzTQiBwi','vaha@gmail.com',NULL,0,258,1,NULL,NULL,1,NULL,NULL,NULL,NULL,NULL,NULL,'2024-03-19 13:08:56',2,NULL,NULL,NULL,0,NULL,0,0,'0000-00-00 00:00:00','0000-00-00 00:00:00','0000-00-00 00:00:00','0000-00-00 00:00:00','0000-00-00 00:00:00',NULL,NULL,NULL,NULL,'162.158.111.49',1),(564,'Polina','$2y$13$VfLJY.TN3sWVz/pwCdB1ouDcYv3d8knAJ8mYZjj4v2Y.NkwF8x1U2','psmakova539@gmail.com',NULL,0,258,1,NULL,NULL,1,NULL,NULL,NULL,NULL,NULL,NULL,'2024-03-19 13:08:56',2,NULL,NULL,NULL,0,NULL,0,0,'0000-00-00 00:00:00','0000-00-00 00:00:00','0000-00-00 00:00:00','0000-00-00 00:00:00','0000-00-00 00:00:00',NULL,NULL,NULL,NULL,'141.101.99.159',1),(566,'Gdgxgxgxgxg','$2y$13$3UMf9C5wXSc6kuYodEjcwuVv6AeQn6pea0Ve.gusftagrPsATjwvu','gdgdtyz@gmail.com',NULL,0,258,1,NULL,NULL,1,NULL,NULL,NULL,NULL,NULL,NULL,'2024-03-19 13:08:56',2,NULL,NULL,NULL,0,NULL,0,0,'0000-00-00 00:00:00','0000-00-00 00:00:00','0000-00-00 00:00:00','0000-00-00 00:00:00','0000-00-00 00:00:00',NULL,NULL,NULL,NULL,'162.158.94.175',1),(567,'Gfgfgvgggg','$2y$13$rgtN4lSGCgO6rOPuMMpFy.nzUTPTpLgKVlcaQiD0wpCyYvrhWfpHK','hhhhh@mail.ri',NULL,0,258,1,NULL,NULL,1,NULL,NULL,NULL,NULL,NULL,NULL,'2024-03-19 13:08:56',2,NULL,NULL,NULL,0,NULL,0,0,'0000-00-00 00:00:00','0000-00-00 00:00:00','0000-00-00 00:00:00','0000-00-00 00:00:00','0000-00-00 00:00:00',NULL,NULL,NULL,NULL,'162.158.94.174',1),(568,'ogrelf','$2y$13$UvTBYobtwMZIB3rjRsECce8Kzois4f946xmIU2rz.3VEbmfSraEfG','pokerjet86@gmail.com',NULL,0,258,1,NULL,NULL,1,NULL,NULL,NULL,NULL,NULL,NULL,'2024-03-19 13:08:56',2,NULL,NULL,NULL,0,NULL,0,0,'0000-00-00 00:00:00','0000-00-00 00:00:00','0000-00-00 00:00:00','0000-00-00 00:00:00','0000-00-00 00:00:00',NULL,NULL,NULL,NULL,'172.70.47.50',1),(569,'dhhdsh','$2y$13$CYzFUntpPsq2C4OvPK4eZOssMCUoVf8Gd/FNrXOcpilLzPsnAwl4u','hdhdhe@hd.hdsj',NULL,0,258,1,NULL,NULL,1,NULL,NULL,NULL,NULL,NULL,NULL,'2024-03-19 13:08:56',2,NULL,NULL,NULL,0,NULL,0,0,'0000-00-00 00:00:00','0000-00-00 00:00:00','0000-00-00 00:00:00','0000-00-00 00:00:00','0000-00-00 00:00:00',NULL,NULL,NULL,NULL,'172.69.150.73',1),(570,'Vaha','$2y$13$Xk4du8g3nGTau/UdwsywXeg2apcAp59/Cmh5wsfxer41he6tB5cwa','Sadovskaya2814@gmail.com',NULL,1,258,1,NULL,NULL,1,NULL,NULL,'','',NULL,NULL,'2024-03-19 13:08:56',2,NULL,NULL,NULL,0,NULL,0,0,'0000-00-00 00:00:00','0000-00-00 00:00:00','0000-00-00 00:00:00','0000-00-00 00:00:00','0000-00-00 00:00:00',NULL,NULL,NULL,NULL,'162.158.110.201',1),(571,'Mitean1993','$2y$13$aeMJwblecy0YX01.ox/w9.qz1iUvwdJsCegaAoCEMAj6PloMof1Ja','mitean1993@gmail.com',NULL,1,258,1,NULL,NULL,1,NULL,NULL,'','',NULL,NULL,'2024-03-28 09:12:53',2,NULL,NULL,NULL,0,NULL,0,0,'0000-00-00 00:00:00','0000-00-00 00:00:00','0000-00-00 00:00:00','0000-00-00 00:00:00','0000-00-00 00:00:00',NULL,NULL,NULL,NULL,'172.71.183.145',NULL),(572,'Asdadaad','$2y$13$p.WDDbNtKXrQXH9Nf5HM7uWG.ITHjlCOCFk5JHa0qfGXgQCw7hJBq','Asdadaad@mail.ru',NULL,0,258,1,NULL,NULL,1,NULL,NULL,NULL,NULL,NULL,NULL,'2024-03-26 09:27:31',2,NULL,NULL,NULL,0,NULL,0,0,'0000-00-00 00:00:00','0000-00-00 00:00:00','0000-00-00 00:00:00','0000-00-00 00:00:00','0000-00-00 00:00:00',NULL,NULL,NULL,NULL,'172.70.246.79',NULL),(573,'Vova','$2y$13$kcC7FgY1833yqVxSHF.EA.cOsdUgRPwEXbA2FmDSJKgFKjodTKk5q','vlalimirrublev@yandex.ru',NULL,0,258,1,NULL,NULL,1,NULL,NULL,NULL,NULL,NULL,NULL,'2024-03-28 10:12:34',2,NULL,NULL,NULL,0,NULL,0,0,'0000-00-00 00:00:00','0000-00-00 00:00:00','0000-00-00 00:00:00','0000-00-00 00:00:00','0000-00-00 00:00:00',NULL,NULL,NULL,NULL,'162.158.183.226',NULL),(574,'Andreix29','$2y$13$yB4lsu1fe9HnCqbmo1O4M.1Q3YwnBVggZ24eWxo3UbosP/JNiMela','andreix29@mail.ru',NULL,0,258,1,NULL,NULL,1,NULL,NULL,NULL,NULL,NULL,NULL,'2024-04-03 14:58:47',2,NULL,NULL,NULL,0,NULL,0,0,'0000-00-00 00:00:00','0000-00-00 00:00:00','0000-00-00 00:00:00','0000-00-00 00:00:00','0000-00-00 00:00:00',NULL,NULL,NULL,NULL,'172.68.11.120',NULL),(575,'dragosdev','$2y$13$8V0l31Kmm1LL.OAgTuCXe.PuFkwv0MoJsaL8mhOWXivpBXB7BqG8C','dragos.tzx@gmail.com',NULL,0,258,1,NULL,NULL,1,NULL,NULL,NULL,NULL,NULL,NULL,'2024-04-06 23:57:58',2,NULL,NULL,NULL,0,NULL,0,0,'0000-00-00 00:00:00','0000-00-00 00:00:00','0000-00-00 00:00:00','0000-00-00 00:00:00','0000-00-00 00:00:00',NULL,NULL,NULL,NULL,'172.69.50.182',NULL),(579,'dan_dioc','$2y$13$EC5AK.xJTzaK9tjvQunNHemXnXJ8ewNfFSol8ghoaZeJ1z4FsGi0S','iakupov.d@dioc.tech',NULL,0,258,1,NULL,NULL,1,NULL,NULL,NULL,NULL,NULL,NULL,'2024-06-14 11:36:33',2,NULL,NULL,NULL,0,NULL,0,0,'0000-00-00 00:00:00','0000-00-00 00:00:00','0000-00-00 00:00:00','0000-00-00 00:00:00','0000-00-00 00:00:00',NULL,NULL,NULL,NULL,'172.69.151.122',1),(580,'amka','$2y$13$o89lNR3IyN3NJ9l7qksQzOCT9c4fkuQX/8CTnEDQ87wqrxfEq6yKC','nasifullinamir064@gmail.com',NULL,0,258,1,NULL,NULL,1,NULL,NULL,NULL,NULL,NULL,NULL,'2024-06-27 17:55:28',2,NULL,NULL,NULL,0,NULL,0,0,'0000-00-00 00:00:00','0000-00-00 00:00:00','0000-00-00 00:00:00','0000-00-00 00:00:00','0000-00-00 00:00:00',NULL,NULL,NULL,NULL,'172.68.10.69',NULL),(581,'amka2','$2y$13$GmkPtDc39lM/bIsvxtMv9ecMErXzWCHCdcQXIO.izyN/pyYt0Eec2','amkadeveloper@gmail.com',NULL,0,258,1,NULL,NULL,1,NULL,NULL,NULL,NULL,NULL,NULL,'2024-06-11 06:32:50',2,NULL,NULL,NULL,0,NULL,0,0,'0000-00-00 00:00:00','0000-00-00 00:00:00','0000-00-00 00:00:00','0000-00-00 00:00:00','0000-00-00 00:00:00',NULL,NULL,NULL,NULL,'172.70.46.152',NULL),(582,'test-greenavi','$2y$13$pxSYTXI/zrC1xQt205H99eS6Gd8zlXwow17sTC2hOFXUnSWGQILE.','Test.greenavi@mail.ru',NULL,0,258,1,NULL,NULL,1,NULL,NULL,NULL,NULL,NULL,NULL,'2024-06-13 14:51:35',2,NULL,NULL,NULL,0,NULL,0,0,'0000-00-00 00:00:00','0000-00-00 00:00:00','0000-00-00 00:00:00','0000-00-00 00:00:00','0000-00-00 00:00:00',NULL,NULL,NULL,NULL,'172.71.102.170',NULL),(583,'Pashazetagn','$2y$13$ACYsPyPRkWngqlgCYwxvI.84m1K9KNRJmvTrRpWzk8r0Sxstv5rHu','combec.grupp@gmail.com',NULL,0,258,1,NULL,NULL,1,NULL,NULL,NULL,NULL,NULL,NULL,'2024-06-11 05:29:43',2,NULL,NULL,NULL,0,NULL,0,0,'0000-00-00 00:00:00','0000-00-00 00:00:00','0000-00-00 00:00:00','0000-00-00 00:00:00','0000-00-00 00:00:00',NULL,NULL,NULL,NULL,'172.68.10.112',NULL),(584,'Keklol209','$2y$13$.FuuZxf2/vPGc4l8zQgXIuTHrHUoI2Qy4YYNO2lP4UkHhE7cxwguW','sasha_tolstov_2001@mail.ru',NULL,0,258,1,NULL,NULL,1,NULL,NULL,NULL,NULL,NULL,NULL,'2024-06-11 14:25:31',2,NULL,NULL,NULL,0,NULL,0,0,'0000-00-00 00:00:00','0000-00-00 00:00:00','0000-00-00 00:00:00','0000-00-00 00:00:00','0000-00-00 00:00:00',NULL,NULL,NULL,NULL,'172.69.192.215',NULL),(585,'n.ledi90morozova@yandex.ru','$2y$13$y5RExuPG8J0aWutjEr/4oOOWSLjML0gYUFvjS5bl2wyCS95Vg52r.','n.ledi90morozova@yandex.ru',NULL,0,258,1,NULL,NULL,1,NULL,NULL,NULL,NULL,NULL,NULL,'2024-06-13 11:44:22',2,NULL,NULL,NULL,0,NULL,0,0,'0000-00-00 00:00:00','0000-00-00 00:00:00','0000-00-00 00:00:00','0000-00-00 00:00:00','0000-00-00 00:00:00',NULL,NULL,NULL,NULL,'172.71.102.36',NULL),(587,'Mitean93!','$2y$13$rZf1fimFuUK9.ENLlK.HUu8dD4Erhlt03qwHFIcOUPfQAiHIE4MBG','i89166475143@gmail.com',NULL,0,258,1,NULL,NULL,1,NULL,NULL,NULL,NULL,NULL,NULL,'2024-06-13 16:57:00',2,NULL,NULL,NULL,0,NULL,0,0,'0000-00-00 00:00:00','0000-00-00 00:00:00','0000-00-00 00:00:00','0000-00-00 00:00:00','0000-00-00 00:00:00',NULL,NULL,NULL,NULL,'172.70.47.48',NULL),(588,'12345','$2y$13$F5IlwvyJdIaSqO3YVgh.i.Q3VrsCvDsww16Pl7BG/PKQnqdA17hOG','Asasasasasq122@gmaill.com',NULL,0,258,1,NULL,NULL,1,NULL,NULL,NULL,NULL,NULL,NULL,'2024-06-14 11:17:09',2,NULL,NULL,NULL,0,NULL,0,0,'0000-00-00 00:00:00','0000-00-00 00:00:00','0000-00-00 00:00:00','0000-00-00 00:00:00','0000-00-00 00:00:00',NULL,NULL,NULL,NULL,'172.68.10.67',NULL),(589,'rerere','$2y$13$CmEMsct0niYbz7vsc/9hLekyS5kTbhj2ZL6/.QRbXOjDejIbmMAvm','rerere@rere.re',NULL,0,258,1,NULL,NULL,1,NULL,NULL,NULL,NULL,NULL,NULL,'2024-06-16 14:08:47',2,NULL,NULL,NULL,0,NULL,0,0,'0000-00-00 00:00:00','0000-00-00 00:00:00','0000-00-00 00:00:00','0000-00-00 00:00:00','0000-00-00 00:00:00',NULL,NULL,NULL,NULL,'162.158.87.25',NULL),(590,'Pasha.zera','$2y$13$28zCPk4SVXT1oB2yGUUDDupH8AWhqoDxszz8zAahOYRgCyfD8805y','Asasasasasq434@gmaill.com',NULL,0,258,1,NULL,NULL,1,NULL,NULL,NULL,NULL,NULL,NULL,'2024-06-16 10:03:47',2,NULL,NULL,NULL,0,NULL,0,0,'0000-00-00 00:00:00','0000-00-00 00:00:00','0000-00-00 00:00:00','0000-00-00 00:00:00','0000-00-00 00:00:00',NULL,NULL,NULL,NULL,'172.71.134.193',NULL),(591,'Ascfsfsg','$2y$13$APmKmTJDgEBLjoEdAOMci.bxxP2L7lkgr30Kc3nwBtw9I6HYAbOem','Asasasasasq42425@gmaill.com',NULL,0,258,1,NULL,NULL,1,NULL,NULL,NULL,NULL,NULL,NULL,'2024-06-16 13:47:48',2,NULL,NULL,NULL,0,NULL,0,0,'0000-00-00 00:00:00','0000-00-00 00:00:00','0000-00-00 00:00:00','0000-00-00 00:00:00','0000-00-00 00:00:00',NULL,NULL,NULL,NULL,'172.71.103.205',NULL),(592,'morr123','$2y$13$DDMJ3A/fvOHTBD2d7rbcruCjUdvkLuBYE8OVLDUhwLqfFZi09LO5a','gorka4646@yandex.ru',NULL,0,258,1,NULL,NULL,1,NULL,NULL,NULL,NULL,NULL,NULL,'2024-06-16 22:02:36',2,NULL,NULL,NULL,0,NULL,0,0,'0000-00-00 00:00:00','0000-00-00 00:00:00','0000-00-00 00:00:00','0000-00-00 00:00:00','0000-00-00 00:00:00',NULL,NULL,NULL,NULL,'172.71.250.60',NULL),(593,'tetete','$2y$13$EyrhMZfy.aPTR160QMEvlu0EpBd7sNWePgFp5tApxTPrmWxjBZzp.','tetete@tete.te',NULL,0,258,1,NULL,NULL,1,NULL,NULL,NULL,NULL,NULL,NULL,'2024-06-17 07:12:14',2,NULL,NULL,NULL,0,NULL,0,0,'0000-00-00 00:00:00','0000-00-00 00:00:00','0000-00-00 00:00:00','0000-00-00 00:00:00','0000-00-00 00:00:00',NULL,NULL,NULL,NULL,'108.162.220.95',NULL),(594,'Pashazrtra','$2y$13$rSYvMqpJvBGWUwH3yo2Ed.W.vHonxvg7LXO9hQEQ/hU5T60It91Wu','Pashazeta525@gmail.com',NULL,0,258,1,NULL,NULL,1,NULL,NULL,NULL,NULL,NULL,NULL,'2024-06-18 07:53:52',2,NULL,NULL,NULL,0,NULL,0,0,'0000-00-00 00:00:00','0000-00-00 00:00:00','0000-00-00 00:00:00','0000-00-00 00:00:00','0000-00-00 00:00:00',NULL,NULL,NULL,NULL,'172.71.184.14',NULL);
/*!40000 ALTER TABLE `user` ENABLE KEYS */;
UNLOCK TABLES;

--
-- Table structure for table `user_two_factor`
--

DROP TABLE IF EXISTS `user_two_factor`;
/*!40101 SET @saved_cs_client     = @@character_set_client */;
/*!40101 SET character_set_client = utf8 */;
CREATE TABLE `user_two_factor` (
  `id` int(11) NOT NULL AUTO_INCREMENT,
  `user_id` int(11) NOT NULL,
  `secret` varchar(255) NOT NULL,
  `date` int(11) NOT NULL,
  `status` int(11) NOT NULL DEFAULT 0,
  PRIMARY KEY (`id`)
) ENGINE=InnoDB AUTO_INCREMENT=225 DEFAULT CHARSET=utf8mb4 COLLATE=utf8mb4_general_ci;
/*!40101 SET character_set_client = @saved_cs_client */;

--
-- Dumping data for table `user_two_factor`
--

LOCK TABLES `user_two_factor` WRITE;
/*!40000 ALTER TABLE `user_two_factor` DISABLE KEYS */;
INSERT INTO `user_two_factor` VALUES (1,1,'MQFDQZV7VGCRLGKQ',1681910595,0),(2,1,'4YUWUWS55K7UAS3S',1681910708,1),(3,154,'CRZCSUY4FTDUWWQT',1681914926,0),(4,154,'CBSPNL2E4YEVBBWD',1682099373,0),(5,151,'EATLNTEAK5QX27JY',1682101308,0),(6,185,'ABPQZEYQ3YI6C34C',1682102645,0),(7,154,'G6YQ66BPWFFXPUEY',1682152826,0),(8,186,'EZ4BTR4DA4GU5WJB',1682156450,0),(9,186,'5PYLDF7HMKBMZV4O',1682157111,0),(10,186,'7365J4AZSPLB4FNE',1682157507,0),(11,154,'BPGIFPWDLDSZ6IA7',1682159501,0),(12,154,'FFIJUDDV4HZKPA3E',1682159502,0),(13,186,'S5G65Q6WQ5BEMYAT',1682159694,0),(14,186,'BNDPKICYCD5LK3OE',1682159928,1),(15,151,'FSFNRSQX24NFCE4K',1682262535,0),(16,151,'GCKSOWELHAZB6327',1682265247,1),(17,149,'S5MKRRCIMUJLJS4M',1682343258,0),(18,149,'LPHA3SPFV4RHKIDK',1682343901,1),(19,198,'PG7H4ANDOX5LL4B4',1682394787,1),(20,207,'J5E2UBTQ2KCKA6SU',1682419934,0),(21,208,'AVIMDWQN7FD7CDF4',1682421462,1),(22,211,'IPTTNPPV6MVLOCA2',1682424741,1),(23,215,'OV2HUWMZH26WGEEN',1682428931,1),(24,228,'ELM5BACZ5NECGXI6',1682438124,1),(25,236,'BZER77ISDQVPV22W',1682498957,1),(26,226,'WHBDZ4N54GKI6XMO',1682500634,0),(27,230,'FEXCXMZUGQJSJEAI',1682500697,1),(28,226,'D2ACANEHM4WSPJDF',1682500823,0),(29,239,'3T3ACLQY6XFZUEJ5',1682507568,1),(30,240,'6FDN5AGI6Z3JTHMR',1682507781,1),(31,243,'6W2BEX5JK5W5ZNJV',1682760793,1),(32,248,'2TR7Y2Q3F4Y5EH63',1683044780,0),(33,249,'ZABKP6PORZZOE3AA',1683044949,0),(34,241,'TV75QVZAQY2RAJRA',1683045610,0),(35,241,'YEW2FXVJYPYX2XUO',1683045964,0),(36,241,'BHAYO73RY73HGI5Y',1683048259,0),(37,241,'PSPNS3TYCUP2QJOJ',1683048310,0),(38,241,'J3RPGR3KXZCYALLG',1683048346,0),(39,241,'MJI65W5LARO4T3MQ',1683048378,0),(40,241,'ZJBPDUHMNAZM6XRR',1683050217,0),(41,241,'J6QZM7PKRQ4VNQOE',1683050784,0),(42,241,'5XTFTGRNFWDOVECJ',1683050890,0),(43,241,'7543IA7N4O453ZEA',1683050941,0),(44,241,'OO7LVZTRIHZDK3PE',1683051232,0),(45,250,'NDYBMGIGTGSCZ4AM',1683083197,0),(46,241,'I4LBDWJNSKV7HDAU',1683084199,0),(47,241,'T5CCOX4R3KVJM32F',1683084206,0),(48,241,'GAGYTSL5VBM5DXCA',1683084208,0),(49,251,'ZOJ3CQE4RLFGW3EW',1683101532,0),(50,252,'N3ABBGZQLEVV4NY5',1683102417,1),(51,254,'PDLUDJWZDY6EGQZI',1683133696,1),(52,256,'KRCS52PQDYWSZ2XH',1683175895,0),(53,258,'IYOLLHCPWTZ3IANT',1683265325,1),(54,259,'V3HFLXADKL4JTGLH',1683266993,1),(55,261,'MKCU5CM3TMMUUAPZ',1683270774,0),(56,262,'IIBO6LYKLSOL5KG2',1683271629,0),(57,263,'F4PEZOCCLVCCKKPA',1683271893,0),(58,264,'VPTSGK6BDE4YKIZ4',1683272514,1),(59,265,'HB5XKNTE56MWB47Y',1683273752,1),(60,266,'QI6VOS3PYI7DWOTD',1683273972,1),(61,267,'R5DRGTBQY2RQY4BJ',1683274536,1),(62,269,'Q6YS2KZPN63SAKME',1683486957,1),(63,282,'VF2LJ3GRGZPKZKCS',1685330011,0),(64,283,'VOEBAPTAFZK6NKPM',1685618776,0),(65,283,'QKXYWWFQ73QAIDX2',1685619154,0),(66,283,'FREIQZFVN4EX3YN5',1685619737,0),(67,283,'ANUYD2QNWGY7UIJX',1685620779,0),(68,294,'JSKUK2BIQRPBWN5C',1685622925,0),(69,294,'IEVXCAHPIEXLPG75',1685978264,0),(70,283,'HOHIEV3FFVKX4KRP',1686026056,0),(71,283,'LZTMEOY2RJF4WRPH',1686026601,1),(72,282,'IRKB6S6SZYON7GSA',1686043986,0),(73,294,'ZRJRVBRKO4UE2JOG',1686194772,0),(74,294,'JE3SJPP5GELY6WL2',1686196193,0),(75,294,'XMZHSAS247LYSJWJ',1686196209,1),(76,282,'RN5H5VZXYWCO77B4',1686198071,0),(77,282,'HL7XLDCNWNKLC4HC',1686198084,0),(78,282,'6GKJKX4D2PADBUAP',1686198090,0),(79,282,'LWDEKRIVS6SPCSHT',1686215094,0),(80,282,'TH4WCMHLUL4MKDYM',1686215250,0),(81,309,'RLWSQYCP5UPVBABG',1686218272,1),(82,311,'SIKSA7CM2CPSKFGP',1686231696,0),(83,282,'V7SPBEGYRH2PENX6',1686293638,0),(84,313,'OFWJYZD3M74KWVUA',1686552443,0),(85,282,'NRM6XDBJCA6J5JO2',1686553432,0),(86,282,'5SHCZCGCNP73GQV2',1686553442,1),(87,313,'MCVKOV3OOK3XSSRU',1686560543,1),(88,314,'BRNA6RSPRIE5PJBA',1686560808,0),(89,315,'Z4YANDUDYUO6M6UR',1686561181,0),(90,314,'FRU3TTLY3ZEIDM2G',1686566352,0),(91,314,'GGRKIL2XFOOTIYJK',1686576055,0),(92,314,'TDAWETZVRMMMWYCC',1686576074,0),(93,314,'BVZDX52RGXDFY7IM',1686576094,0),(94,314,'YYWFUTXPFHWYGKDV',1686633959,0),(95,314,'6AQ56GUNBGSJ3MU3',1686634019,1),(96,317,'UHLCXDO2PVZ3C4QG',1686808989,0),(97,318,'LUG6GCJ5LCY76EEA',1686809898,0),(98,318,'DQUFNXC6E7KE6YF5',1686809961,1),(99,315,'A7CGG27TJS7VLLVU',1686827880,1),(100,317,'AAPFAX62UY5JOYRJ',1686905873,0),(101,317,'OQVOL3J7N42QP7FY',1689165406,0),(102,317,'6GSHDIG2VB7E4JN5',1689165479,0),(103,327,'H5ZMOIMLHWYGQDSR',1689307937,0),(104,328,'MGJOSN3YTEJX43CM',1689335542,1),(105,329,'BIZCN7EQGSWPFDC5',1689354968,0),(106,317,'M35NEAX4HEM3X3YK',1689589853,0),(107,317,'ZNZ2Q5OBEIPSQFFZ',1689589860,0),(108,317,'VZAHCD2YESM3RR63',1689590188,0),(109,317,'GURYNE5DPPKNXIGA',1689590290,0),(110,317,'LMKMFRDDHC7W5RQJ',1689590310,0),(111,317,'KQRC5QPGHB234DLL',1689590321,0),(112,317,'LTXKGB6QMQFH7YVE',1689932186,0),(113,317,'KTR6D2JXETGYV7J5',1689943364,0),(114,338,'Z6IFMQRDJDMSLHL5',1690872776,0),(115,339,'LGOXN5BTY5ZN3DWS',1690882238,1),(116,352,'LVPD2LQBG7WTY7WI',1691491866,0),(117,366,'OEQEMLFO2LVI5PG3',1701506322,0),(118,366,'GT36YL6TUBSX5X72',1701506713,0),(119,366,'WYXGTHMSGGNXJ2FN',1701507014,0),(120,370,'3X2BRLDRURM76LYJ',1701509070,0),(121,370,'ELIIICO25BB4ZRQF',1701509070,0),(122,370,'MJQA4AEL7VD7JX7F',1701509071,0),(123,370,'PN4ETPQY5EWM47JZ',1701509071,0),(124,370,'V2BPJPOKQPJH4NRK',1701509078,0),(125,370,'6NCPLKL6X64YY73X',1701509078,0),(126,370,'2B7RMK3AUVSILSEF',1701509110,0),(127,370,'I5IXM6SOFGDUNQYI',1701509110,0),(128,370,'IIXBPUYKLXH2JVNP',1701509192,0),(129,370,'5EHEWKNTO3V26NXR',1701509192,0),(130,370,'MTSOD7A3DB7PFEDI',1701509315,0),(131,370,'S5FL26RE6XRUNI55',1701509315,0),(132,370,'WV4WLETFV5TAMVT7',1701509317,0),(133,370,'UVIV2GANRSI2AH2H',1701509317,0),(134,370,'XIP5OIRAYT4SLI4E',1701509386,0),(135,370,'WWUREVV5ZHDZ73NT',1701509386,0),(136,370,'RYTFATJAPYEDAIOC',1701509607,0),(137,370,'VSK46HE25XWA337A',1701509607,0),(138,370,'YUDFE4SAMOKGS3WD',1701509665,0),(139,370,'2BGDSZ4P3DPOATMR',1701509686,0),(140,370,'HZ75MH4WVF3LMG4A',1701509686,0),(141,370,'BUVBPTQ2GYW27M4E',1701509821,0),(142,370,'O7RFPNICKLVYOETL',1701509821,0),(143,370,'QDV4C7IONLESKBJP',1701509832,0),(144,370,'X3NGGMKIMDPQNYKO',1701509832,0),(145,370,'IGQKXXTB4MVNA2VR',1701509840,0),(146,370,'3NZK5OB4H6PL5L5K',1701509840,0),(147,370,'DGRBMF2VSJ5FJKHY',1701509860,0),(148,370,'BY5TX7BLQSGT4Z5F',1701509860,0),(149,370,'2M57FWJJKQE3YD2M',1701509879,0),(150,370,'APRY6OFD2LTJFBGZ',1701509879,0),(151,370,'IUEFEWBG4IGYIEV4',1701509893,0),(152,370,'F5YN3FODAKFVG6W6',1701509893,0),(153,370,'NAQQJEOQTXJFZEGW',1701509910,0),(154,370,'ZTJR5GZ4O6AH23UR',1701509994,0),(155,370,'YJGEAB7XNA2BNU5A',1701509994,0),(156,370,'EOTYUJEQY4FTI27S',1701510020,0),(157,370,'J3QJ4EVL5RKESS42',1701510020,0),(158,370,'55WZYBHESWUCNOND',1701510035,0),(159,370,'OM7CYH53XS3FT7OD',1701510035,0),(160,370,'RNMAACTPMRCS3HYA',1701510127,0),(161,370,'ENCV4XYVPKPPY5KS',1701510127,0),(162,370,'SQTOMPGYJK6LBMLU',1701510175,0),(163,370,'LGYXNP6RZA3O5CVG',1701510175,0),(164,370,'7UC5Z3X7PWXBQZHN',1701510186,0),(165,370,'FE456PP544CS3DBP',1701510186,0),(166,370,'UJDXQN3SND63C5VC',1701510247,0),(167,370,'EDFPWWEBXH4P54GB',1701510247,0),(168,370,'SRB6QH26XYQVCN32',1701510271,0),(169,370,'S3ZR4OSO34R4W2MM',1701510271,0),(170,370,'NKGXQHTE5HM5U2FA',1701510277,0),(171,370,'DQ4NAHZE3P32QKH2',1701510277,0),(172,370,'644FUCQEYTEP6RA7',1701510285,0),(173,370,'AKWB2BE3VUIFHJOX',1701510285,0),(174,366,'CFMMMG57EFZUPYO6',1701511910,0),(175,366,'2HSXTX4VJ42ZRY44',1701511910,0),(176,366,'ENMKKRZXG3QJVOGF',1701512195,0),(177,366,'VYO3N4FZ7G23ITQI',1701512195,0),(178,366,'UA2GXWYUDM67JXIA',1701512345,0),(179,366,'HXSOFJTZVPEEASQV',1701512345,0),(180,366,'JWKIUGDTF3WORWOB',1701512818,0),(181,366,'5BMWI45ILAWUKW32',1701512819,0),(182,370,'26II7MJ7EEL3OEYR',1701515455,0),(183,370,'ZK3LXYYKAZJROK3H',1701515456,0),(184,369,'PPELLYBAAOBDSBD2',1701529209,0),(185,369,'VBU2DG5BSCSNQ4PG',1701529209,0),(186,369,'6I3NI7PFV6ORI75G',1701529229,0),(187,369,'UMCTKMW4VVIUQPYH',1701529229,0),(188,369,'JI5IT3H3SEZL3MAN',1701529379,0),(189,369,'HB6QOUNQ242Z2KV5',1701529379,0),(190,370,'YXQI3DQXCWES34RH',1701540829,0),(191,370,'BDVT6FFI4RD6O7CY',1701540829,1),(192,372,'KEX45MB76SOZ2D2K',1701586795,0),(193,372,'OY6W2HU747ZZMN3T',1701586795,0),(194,369,'EXCVTSLARXY5DX54',1701610535,0),(195,369,'XF4FCIK5HNRFUMQ4',1701610535,0),(196,369,'7ASR3I6CSTEUMZQ4',1701610616,0),(197,369,'5EPWHBM3WM2IMGQ4',1701610616,0),(198,369,'HAWA7MJ63QL3NSMA',1701614752,0),(199,369,'YXEDNFSK5MUL24LX',1701614752,0),(200,369,'RD4WVMNUNL3OFW7G',1701641093,0),(201,369,'KDY72ESAI5YTLJWU',1701641093,1),(202,412,'7M4757GMVMRDSRIN',1702231137,0),(203,413,'H3JSN7BYWWEJFWPR',1702550969,0),(204,413,'RD3GV65YI74NU53A',1702552025,0),(205,413,'HNYFC6UF4FIYUFK3',1702553095,0),(206,413,'U275YCO4RYYKMDGX',1702553194,0),(207,413,'7TSVFFVBHVB2672Y',1702553264,0),(208,414,'QEKEFB23AA3SDBLG',1702570030,0),(209,415,'MZKKA67U3XD75ZQI',1702570133,1),(210,417,'RVZKWYRR2SLE4V3J',1702580143,0),(211,423,'HLCE4URHPVWDDME4',1702842008,0),(212,423,'4SDW3HYBDLYJVMJ7',1702842078,0),(213,423,'HXBH73O23E7OCL2X',1702842334,0),(214,423,'DOXMSYKXHK65XDZR',1702842671,1),(215,424,'FLT2ILMPPZZVBASU',1702843346,1),(216,427,'G5MTQAZ2VVBDQQOQ',1703094221,0),(217,438,'62PNXIPMM2TNXXYV',1703699043,1),(218,505,'5DXM6XIS7Y6LVQBD',1708440365,0),(219,505,'5U6RRYXXXLFDYGZD',1708440379,0),(220,525,'77QXOUWBCQFT2WXC',1710168276,0),(221,563,'5CB7ZBK5P76CJ2M3',1710168639,1),(222,464,'XMVTGBYIZJGAH424',1710843680,1),(223,570,'7L7QVFFHRRJ53OLI',1710847587,1),(224,573,'HZEJXXXMC5RLXKC4',1711617753,0);
/*!40000 ALTER TABLE `user_two_factor` ENABLE KEYS */;
UNLOCK TABLES;

--
-- Table structure for table `user_verify`
--

DROP TABLE IF EXISTS `user_verify`;
/*!40101 SET @saved_cs_client     = @@character_set_client */;
/*!40101 SET character_set_client = utf8 */;
CREATE TABLE `user_verify` (
  `id` int(11) NOT NULL AUTO_INCREMENT,
  `user_id` int(11) NOT NULL,
  `type` int(11) NOT NULL,
  `status` int(11) NOT NULL DEFAULT 0,
  `comment` text DEFAULT NULL,
  PRIMARY KEY (`id`)
) ENGINE=InnoDB AUTO_INCREMENT=213 DEFAULT CHARSET=utf8mb4 COLLATE=utf8mb4_general_ci;
/*!40101 SET character_set_client = @saved_cs_client */;

--
-- Dumping data for table `user_verify`
--

LOCK TABLES `user_verify` WRITE;
/*!40000 ALTER TABLE `user_verify` DISABLE KEYS */;
INSERT INTO `user_verify` VALUES (1,1,0,3,NULL),(2,1,1,1,'1'),(3,1,2,1,NULL),(4,1,3,1,NULL),(5,130,0,0,NULL),(6,130,1,0,NULL),(7,130,2,0,NULL),(8,130,3,0,NULL),(9,132,0,1,NULL),(10,132,1,1,NULL),(11,132,2,1,NULL),(12,132,3,1,NULL),(13,133,0,1,NULL),(14,133,1,1,NULL),(15,133,2,1,NULL),(16,133,3,1,NULL),(17,134,0,1,NULL),(18,134,1,0,NULL),(19,134,2,0,NULL),(20,134,3,0,NULL),(21,135,0,0,NULL),(22,135,1,0,NULL),(23,135,2,0,NULL),(24,135,3,0,NULL),(25,152,0,0,NULL),(26,152,1,0,NULL),(27,152,2,0,NULL),(28,152,3,0,NULL),(29,149,0,1,NULL),(30,149,1,1,NULL),(31,149,2,1,NULL),(32,149,3,1,NULL),(33,241,0,0,NULL),(34,241,1,0,NULL),(35,241,2,0,NULL),(36,241,3,0,NULL),(37,247,0,1,NULL),(38,247,1,1,NULL),(39,247,2,1,NULL),(40,247,3,1,NULL),(41,230,0,1,NULL),(42,230,1,1,NULL),(43,230,2,1,NULL),(44,230,3,1,NULL),(45,274,0,1,NULL),(46,274,1,0,NULL),(47,274,2,0,NULL),(48,274,3,0,NULL),(49,275,0,0,NULL),(50,275,1,0,NULL),(51,275,2,0,NULL),(52,275,3,0,NULL),(53,276,0,0,NULL),(54,276,1,0,NULL),(55,276,2,0,NULL),(56,276,3,0,NULL),(57,277,0,0,NULL),(58,277,1,0,NULL),(59,277,2,0,NULL),(60,277,3,0,NULL),(61,280,0,0,NULL),(62,280,1,0,NULL),(63,280,2,0,NULL),(64,280,3,0,NULL),(65,281,0,1,NULL),(66,281,1,1,NULL),(67,281,2,1,NULL),(68,281,3,1,NULL),(69,282,0,1,NULL),(70,282,1,1,NULL),(71,282,2,1,NULL),(72,282,3,1,NULL),(73,283,0,1,NULL),(74,283,1,1,NULL),(75,283,2,0,NULL),(76,283,3,0,NULL),(77,285,0,1,NULL),(78,285,1,1,NULL),(79,285,2,1,NULL),(80,285,3,0,NULL),(81,287,0,0,NULL),(82,287,1,0,NULL),(83,287,2,0,NULL),(84,287,3,0,NULL),(85,294,0,0,NULL),(86,294,1,0,NULL),(87,294,2,0,NULL),(88,294,3,0,NULL),(89,307,0,1,NULL),(90,307,1,1,NULL),(91,307,2,1,NULL),(92,307,3,1,NULL),(93,309,0,0,NULL),(94,309,1,0,NULL),(95,309,2,0,NULL),(96,309,3,0,NULL),(97,310,0,0,NULL),(98,310,1,0,NULL),(99,310,2,0,NULL),(100,310,3,0,NULL),(101,311,0,0,NULL),(102,311,1,0,NULL),(103,311,2,0,NULL),(104,311,3,0,NULL),(105,273,0,0,NULL),(106,273,1,0,NULL),(107,273,2,0,NULL),(108,273,3,0,NULL),(109,313,0,0,NULL),(110,313,1,0,NULL),(111,313,2,0,NULL),(112,313,3,0,NULL),(113,314,0,0,NULL),(114,314,1,0,NULL),(115,314,2,0,NULL),(116,314,3,0,NULL),(117,315,0,0,NULL),(118,315,1,0,NULL),(119,315,2,0,NULL),(120,315,3,0,NULL),(121,317,0,0,NULL),(122,317,1,0,NULL),(123,317,2,0,NULL),(124,317,3,0,NULL),(125,318,0,0,NULL),(126,318,1,0,NULL),(127,318,2,0,NULL),(128,318,3,0,NULL),(129,320,0,0,NULL),(130,320,1,0,NULL),(131,320,2,0,NULL),(132,320,3,0,NULL),(133,326,0,0,NULL),(134,326,1,0,NULL),(135,326,2,0,NULL),(136,326,3,0,NULL),(137,328,0,0,NULL),(138,328,1,0,NULL),(139,328,2,0,NULL),(140,328,3,0,NULL),(141,329,0,0,NULL),(142,329,1,0,NULL),(143,329,2,0,NULL),(144,329,3,0,NULL),(145,337,0,0,NULL),(146,337,1,0,NULL),(147,337,2,0,NULL),(148,337,3,0,NULL),(149,338,0,0,NULL),(150,338,1,0,NULL),(151,338,2,0,NULL),(152,338,3,0,NULL),(153,339,0,0,NULL),(154,339,1,0,NULL),(155,339,2,0,NULL),(156,339,3,0,NULL),(157,350,0,0,NULL),(158,350,1,0,NULL),(159,350,2,0,NULL),(160,350,3,0,NULL),(161,351,0,0,NULL),(162,351,1,0,NULL),(163,351,2,0,NULL),(164,351,3,0,NULL),(165,352,0,0,NULL),(166,352,1,0,NULL),(167,352,2,0,NULL),(168,352,3,0,NULL),(169,356,0,0,NULL),(170,356,1,0,NULL),(171,356,2,0,NULL),(172,356,3,0,NULL),(173,357,0,0,NULL),(174,357,1,0,NULL),(175,357,2,0,NULL),(176,357,3,0,NULL),(177,361,0,0,NULL),(178,361,1,0,NULL),(179,361,2,0,NULL),(180,361,3,0,NULL),(181,364,0,0,NULL),(182,364,1,0,NULL),(183,364,2,0,NULL),(184,364,3,0,NULL),(185,413,0,0,NULL),(186,413,1,0,NULL),(187,413,2,0,NULL),(188,413,3,0,NULL),(189,414,0,0,NULL),(190,414,1,0,NULL),(191,414,2,0,NULL),(192,414,3,0,NULL),(193,415,0,0,NULL),(194,415,1,0,NULL),(195,415,2,0,NULL),(196,415,3,0,NULL),(197,429,0,0,NULL),(198,429,1,0,NULL),(199,429,2,0,NULL),(200,429,3,0,NULL),(201,448,0,0,NULL),(202,448,1,0,NULL),(203,448,2,0,NULL),(204,448,3,0,NULL),(205,481,0,0,NULL),(206,481,1,0,NULL),(207,481,2,0,NULL),(208,481,3,0,NULL),(209,534,0,0,NULL),(210,534,1,0,NULL),(211,534,2,0,NULL),(212,534,3,0,NULL);
/*!40000 ALTER TABLE `user_verify` ENABLE KEYS */;
UNLOCK TABLES;

--
-- Table structure for table `user_words`
--

DROP TABLE IF EXISTS `user_words`;
/*!40101 SET @saved_cs_client     = @@character_set_client */;
/*!40101 SET character_set_client = utf8 */;
CREATE TABLE `user_words` (
  `id` int(11) NOT NULL AUTO_INCREMENT,
  `user_id` int(11) NOT NULL,
  `words` text NOT NULL,
  PRIMARY KEY (`id`)
) ENGINE=InnoDB AUTO_INCREMENT=7 DEFAULT CHARSET=utf8mb4 COLLATE=utf8mb4_general_ci;
/*!40101 SET character_set_client = @saved_cs_client */;

--
-- Dumping data for table `user_words`
--

LOCK TABLES `user_words` WRITE;
/*!40000 ALTER TABLE `user_words` DISABLE KEYS */;
INSERT INTO `user_words` VALUES (1,1,'latch flyte lenes hares grody field picot duple cream alate hazed ancho'),(2,143,'voled lived witan cubby puces scrod klutz caber celts light facts chela'),(3,152,'valse login stere torta diols mures dirty happy nopal poxed huger goats'),(4,149,'meson lutes flops raias yowls uraei howks locks shyly terai jeers riffs'),(5,149,'meson lutes flops raias yowls uraei howks locks shyly terai jeers riffs'),(6,153,'lunch mezzo bawdy aggro whose situs yucas churl hempy yomim bible almas');
/*!40000 ALTER TABLE `user_words` ENABLE KEYS */;
UNLOCK TABLES;

--
-- Table structure for table `wallet`
--

DROP TABLE IF EXISTS `wallet`;
/*!40101 SET @saved_cs_client     = @@character_set_client */;
/*!40101 SET character_set_client = utf8 */;
CREATE TABLE `wallet` (
  `id` int(11) NOT NULL AUTO_INCREMENT,
  `type` int(11) NOT NULL,
  `user_id` int(11) NOT NULL,
  `chart_id` int(11) NOT NULL,
  `balance` decimal(8,2) NOT NULL DEFAULT 0.00,
  `blocked` decimal(8,2) DEFAULT NULL,
  PRIMARY KEY (`id`)
) ENGINE=InnoDB AUTO_INCREMENT=6 DEFAULT CHARSET=utf8mb4 COLLATE=utf8mb4_general_ci;
/*!40101 SET character_set_client = @saved_cs_client */;

--
-- Dumping data for table `wallet`
--

LOCK TABLES `wallet` WRITE;
/*!40000 ALTER TABLE `wallet` DISABLE KEYS */;
INSERT INTO `wallet` VALUES (1,0,464,259,143.01,1.21),(2,0,585,259,2.48,0.01),(3,0,587,259,10010.00,NULL),(4,0,579,259,0.00,NULL),(5,1,579,259,0.00,NULL);
/*!40000 ALTER TABLE `wallet` ENABLE KEYS */;
UNLOCK TABLES;

--
-- Table structure for table `wallet_address`
--

DROP TABLE IF EXISTS `wallet_address`;
/*!40101 SET @saved_cs_client     = @@character_set_client */;
/*!40101 SET character_set_client = utf8 */;
CREATE TABLE `wallet_address` (
  `id` int(11) NOT NULL AUTO_INCREMENT,
  `user_id` int(11) NOT NULL,
  `chain_id` int(11) NOT NULL,
  `value` varchar(255) NOT NULL,
  PRIMARY KEY (`id`)
) ENGINE=InnoDB DEFAULT CHARSET=utf8mb4 COLLATE=utf8mb4_general_ci;
/*!40101 SET character_set_client = @saved_cs_client */;

--
-- Dumping data for table `wallet_address`
--

LOCK TABLES `wallet_address` WRITE;
/*!40000 ALTER TABLE `wallet_address` DISABLE KEYS */;
/*!40000 ALTER TABLE `wallet_address` ENABLE KEYS */;
UNLOCK TABLES;

--
-- Table structure for table `wallet_type`
--

DROP TABLE IF EXISTS `wallet_type`;
/*!40101 SET @saved_cs_client     = @@character_set_client */;
/*!40101 SET character_set_client = utf8 */;
CREATE TABLE `wallet_type` (
  `id` int(11) NOT NULL AUTO_INCREMENT,
  `title` varchar(255) NOT NULL,
  `active` int(1) NOT NULL,
  PRIMARY KEY (`id`)
) ENGINE=InnoDB AUTO_INCREMENT=14 DEFAULT CHARSET=utf8mb4 COLLATE=utf8mb4_general_ci;
/*!40101 SET character_set_client = @saved_cs_client */;

--
-- Dumping data for table `wallet_type`
--

LOCK TABLES `wallet_type` WRITE;
/*!40000 ALTER TABLE `wallet_type` DISABLE KEYS */;
INSERT INTO `wallet_type` VALUES (0,'',1),(1,'B2B',1),(2,'',0),(3,'',0),(4,'',0),(5,'',0),(6,'',0),(10,' (nowpayments)',0),(11,' (Freekassa)',0),(12,' (nowpayments)',0),(13,' /  (B2B)',0);
/*!40000 ALTER TABLE `wallet_type` ENABLE KEYS */;
UNLOCK TABLES;
/*!40103 SET TIME_ZONE=@OLD_TIME_ZONE */;

/*!40101 SET SQL_MODE=@OLD_SQL_MODE */;
/*!40014 SET FOREIGN_KEY_CHECKS=@OLD_FOREIGN_KEY_CHECKS */;
/*!40014 SET UNIQUE_CHECKS=@OLD_UNIQUE_CHECKS */;
/*!40101 SET CHARACTER_SET_CLIENT=@OLD_CHARACTER_SET_CLIENT */;
/*!40101 SET CHARACTER_SET_RESULTS=@OLD_CHARACTER_SET_RESULTS */;
/*!40101 SET COLLATION_CONNECTION=@OLD_COLLATION_CONNECTION */;
/*!40111 SET SQL_NOTES=@OLD_SQL_NOTES */;

-- Dump completed on 2024-06-28 18:47:46
