-- MariaDB dump 10.19  Distrib 10.5.19-MariaDB, for debian-linux-gnu (x86_64)
--
-- Host: localhost    Database: greenavi_app
-- ------------------------------------------------------
-- Server version	10.5.19-MariaDB-0+deb11u2

/*!40101 SET @OLD_CHARACTER_SET_CLIENT=@@CHARACTER_SET_CLIENT */;
/*!40101 SET @OLD_CHARACTER_SET_RESULTS=@@CHARACTER_SET_RESULTS */;
/*!40101 SET @OLD_COLLATION_CONNECTION=@@COLLATION_CONNECTION */;
/*!40101 SET NAMES utf8mb4 */;
/*!40103 SET @OLD_TIME_ZONE=@@TIME_ZONE */;
/*!40103 SET TIME_ZONE='+00:00' */;
/*!40014 SET @OLD_UNIQUE_CHECKS=@@UNIQUE_CHECKS, UNIQUE_CHECKS=0 */;
/*!40014 SET @OLD_FOREIGN_KEY_CHECKS=@@FOREIGN_KEY_CHECKS, FOREIGN_KEY_CHECKS=0 */;
/*!40101 SET @OLD_SQL_MODE=@@SQL_MODE, SQL_MODE='NO_AUTO_VALUE_ON_ZERO' */;
/*!40111 SET @OLD_SQL_NOTES=@@SQL_NOTES, SQL_NOTES=0 */;

--
-- Table structure for table `affiliate`
--

DROP TABLE IF EXISTS `affiliate`;
/*!40101 SET @saved_cs_client     = @@character_set_client */;
/*!40101 SET character_set_client = utf8 */;
CREATE TABLE `affiliate` (
  `id` int(11) NOT NULL AUTO_INCREMENT,
  `user_id` int(11) NOT NULL,
  `code` varchar(255) NOT NULL,
  PRIMARY KEY (`id`)
) ENGINE=InnoDB AUTO_INCREMENT=30 DEFAULT CHARSET=utf8mb4 COLLATE=utf8mb4_general_ci;
/*!40101 SET character_set_client = @saved_cs_client */;

--
-- Dumping data for table `affiliate`
--

LOCK TABLES `affiliate` WRITE;
/*!40000 ALTER TABLE `affiliate` DISABLE KEYS */;
INSERT INTO `affiliate` VALUES (1,1,'hPwHPb'),(2,132,'aE8XC3'),(3,21,'G0YXKA'),(4,133,'xSSlKE'),(5,134,'kewc3T'),(6,135,'EGY2un'),(7,136,'-661wb'),(8,140,'7TgVDg'),(9,143,'SjWXz1'),(10,152,'9z1wI7'),(11,149,'RIjFTw'),(12,153,'FCkWtC'),(13,230,'-bzcJb'),(14,272,'-pNoED'),(15,247,'pNFms2'),(16,277,'plkt9B'),(17,280,'1SeIpI'),(18,281,'y-Cmzb'),(19,283,'yazBTg'),(20,285,'xSPSYD'),(21,282,'-GUQrr'),(22,287,'kX6Cqr'),(23,295,'cmgoZm'),(24,320,'0E--vw'),(25,317,'xPr_LE'),(26,315,'rAYcLn'),(27,339,'XHZR9J'),(28,356,'uqVZ_7'),(29,307,'VcNNsL');
/*!40000 ALTER TABLE `affiliate` ENABLE KEYS */;
UNLOCK TABLES;

--
-- Table structure for table `affiliate_history`
--

DROP TABLE IF EXISTS `affiliate_history`;
/*!40101 SET @saved_cs_client     = @@character_set_client */;
/*!40101 SET character_set_client = utf8 */;
CREATE TABLE `affiliate_history` (
  `id` int(11) NOT NULL AUTO_INCREMENT,
  `affiliate_id` int(11) NOT NULL,
  `user_id` int(11) NOT NULL,
  `date` int(11) NOT NULL,
  PRIMARY KEY (`id`)
) ENGINE=InnoDB AUTO_INCREMENT=4 DEFAULT CHARSET=utf8mb4 COLLATE=utf8mb4_general_ci;
/*!40101 SET character_set_client = @saved_cs_client */;

--
-- Dumping data for table `affiliate_history`
--

LOCK TABLES `affiliate_history` WRITE;
/*!40000 ALTER TABLE `affiliate_history` DISABLE KEYS */;
INSERT INTO `affiliate_history` VALUES (1,1,131,1669233257),(2,13,277,1684903665),(3,16,280,1684920123);
/*!40000 ALTER TABLE `affiliate_history` ENABLE KEYS */;
UNLOCK TABLES;

--
-- Table structure for table `auth_assignment`
--

DROP TABLE IF EXISTS `auth_assignment`;
/*!40101 SET @saved_cs_client     = @@character_set_client */;
/*!40101 SET character_set_client = utf8 */;
CREATE TABLE `auth_assignment` (
  `item_name` varchar(64) NOT NULL,
  `user_id` varchar(64) NOT NULL,
  `created_at` int(11) DEFAULT NULL,
  PRIMARY KEY (`item_name`,`user_id`),
  KEY `idx-auth_assignment-user_id` (`user_id`),
  CONSTRAINT `auth_assignment_ibfk_1` FOREIGN KEY (`item_name`) REFERENCES `auth_item` (`name`) ON DELETE CASCADE ON UPDATE CASCADE
) ENGINE=InnoDB DEFAULT CHARSET=utf8 COLLATE=utf8_unicode_ci;
/*!40101 SET character_set_client = @saved_cs_client */;

--
-- Dumping data for table `auth_assignment`
--

LOCK TABLES `auth_assignment` WRITE;
/*!40000 ALTER TABLE `auth_assignment` DISABLE KEYS */;
INSERT INTO `auth_assignment` VALUES ('admin','1',1658835828),('admin','118',1667639966),('admin','230',1682920877),('admin','254',1683134473),('admin','356',1691580000),('client','10',1661784935),('client','100',1667312139),('client','101',1667313009),('client','102',1667313208),('client','103',1667313587),('client','104',1667315228),('client','105',1667315287),('client','106',1667315417),('client','107',1667315482),('client','108',1667315547),('client','109',1667315768),('client','11',1661938959),('client','110',1667315950),('client','111',1667316083),('client','112',1667316510),('client','113',1667316716),('client','114',1667317051),('client','115',1667333602),('client','116',1667474924),('client','117',1667474941),('client','118',1667513098),('client','119',1667740233),('client','12',1661947210),('client','120',1667981138),('client','121',1667981594),('client','122',1667981669),('client','123',1667981727),('client','124',1667985780),('client','125',1667992215),('client','126',1668255328),('client','127',1668255643),('client','128',1668263012),('client','129',1668265393),('client','13',1661972177),('client','130',1668772955),('client','131',1669233257),('client','132',1669470034),('client','133',1669552072),('client','134',1669553209),('client','135',1670426606),('client','136',1670786101),('client','137',1671085918),('client','138',1671617989),('client','139',1672139206),('client','14',1661972728),('client','140',1672155529),('client','141',1672310516),('client','142',1672310865),('client','143',1672328672),('client','144',1673277174),('client','145',1673277241),('client','146',1673277372),('client','147',1673815029),('client','148',1674824620),('client','149',1681520809),('client','15',1661973123),('client','150',1681552124),('client','151',1681728914),('client','152',1681794971),('client','153',1681854363),('client','154',1681914904),('client','155',1681914951),('client','156',1681914998),('client','157',1681915024),('client','158',1681964121),('client','159',1681964166),('client','16',1661973251),('client','160',1681964241),('client','161',1681964490),('client','162',1681983109),('client','163',1681983781),('client','164',1681985749),('client','165',1681990102),('client','166',1681991275),('client','167',1681993137),('client','168',1681993264),('client','169',1682007172),('client','17',1661973367),('client','170',1682050484),('client','171',1682050629),('client','172',1682050750),('client','173',1682050828),('client','174',1682050893),('client','175',1682050911),('client','176',1682051343),('client','177',1682057874),('client','178',1682064757),('client','179',1682066079),('client','18',1661974370),('client','180',1682071322),('client','181',1682073298),('client','182',1682083992),('client','183',1682084308),('client','184',1682101799),('client','185',1682102644),('client','186',1682156449),('client','187',1682170765),('client','188',1682171248),('client','189',1682256152),('client','19',1661974567),('client','190',1682256415),('client','191',1682323580),('client','192',1682335411),('client','193',1682335600),('client','194',1682336799),('client','195',1682337498),('client','196',1682339021),('client','197',1682339701),('client','198',1682394488),('client','199',1682394639),('client','2',1660986254),('client','20',1662054577),('client','200',1682396450),('client','201',1682398107),('client','202',1682398214),('client','203',1682398930),('client','204',1682400537),('client','205',1682408693),('client','206',1682410106),('client','207',1682419898),('client','208',1682421433),('client','209',1682423764),('client','21',1662058612),('client','210',1682424108),('client','211',1682424707),('client','212',1682425165),('client','213',1682426764),('client','214',1682428623),('client','215',1682428910),('client','216',1682429150),('client','217',1682429312),('client','218',1682429402),('client','219',1682430250),('client','22',1662470476),('client','220',1682431023),('client','221',1682431117),('client','222',1682431757),('client','223',1682432415),('client','224',1682432511),('client','225',1682433361),('client','226',1682434220),('client','227',1682437996),('client','228',1682438097),('client','229',1682479830),('client','23',1662470582),('client','230',1682481079),('client','231',1682485379),('client','232',1682485535),('client','233',1682498183),('client','234',1682498464),('client','235',1682498512),('client','236',1682498909),('client','237',1682507398),('client','238',1682507508),('client','239',1682507548),('client','24',1662479549),('client','240',1682507759),('client','241',1682712484),('client','242',1682712515),('client','243',1682760768),('client','244',1682760970),('client','245',1682858557),('client','246',1683025525),('client','247',1683025540),('client','248',1683044753),('client','249',1683044922),('client','25',1662480337),('client','250',1683083171),('client','251',1683101497),('client','252',1683102390),('client','253',1683105763),('client','254',1683133663),('client','255',1683167761),('client','256',1683174839),('client','257',1683263756),('client','258',1683265271),('client','259',1683266951),('client','26',1662480460),('client','260',1683270334),('client','261',1683270753),('client','262',1683271577),('client','263',1683271854),('client','264',1683272471),('client','265',1683273718),('client','266',1683273944),('client','267',1683274512),('client','268',1683486788),('client','269',1683486925),('client','27',1662482255),('client','270',1683527371),('client','271',1683532001),('client','272',1683535253),('client','273',1684128482),('client','274',1684215820),('client','275',1684897898),('client','276',1684899511),('client','277',1684903665),('client','278',1684918652),('client','279',1684918888),('client','28',1662482729),('client','280',1684920123),('client','281',1685306110),('client','282',1685329986),('client','283',1685424009),('client','284',1685466915),('client','285',1685467198),('client','286',1685610053),('client','287',1685612697),('client','288',1685613445),('client','289',1685613848),('client','29',1662482953),('client','290',1685615530),('client','291',1685615658),('client','292',1685615772),('client','293',1685622796),('client','294',1685622899),('client','295',1685627582),('client','296',1685701918),('client','297',1685702117),('client','298',1685705943),('client','299',1685709199),('client','3',1660986280),('client','30',1666352098),('client','300',1685713039),('client','301',1685976849),('client','302',1686064758),('client','303',1686126951),('client','304',1686131858),('client','305',1686132306),('client','306',1686132894),('client','307',1686217884),('client','308',1686217985),('client','309',1686218253),('client','31',1666444215),('client','310',1686227854),('client','311',1686231667),('client','312',1686286033),('client','313',1686551771),('client','314',1686560739),('client','315',1686561130),('client','316',1686598106),('client','317',1686808710),('client','318',1686809867),('client','319',1686833835),('client','32',1666452101),('client','320',1687191282),('client','321',1688028410),('client','322',1688029048),('client','323',1689271275),('client','324',1689272838),('client','325',1689273012),('client','326',1689273947),('client','327',1689307886),('client','328',1689335209),('client','329',1689354933),('client','33',1666964636),('client','330',1690537233),('client','331',1690537342),('client','332',1690537506),('client','333',1690537758),('client','334',1690615883),('client','335',1690617087),('client','336',1690617757),('client','337',1690812676),('client','338',1690872763),('client','339',1690881897),('client','34',1666965719),('client','340',1691414975),('client','341',1691415598),('client','342',1691419392),('client','343',1691419461),('client','344',1691419593),('client','345',1691419834),('client','346',1691420731),('client','347',1691421052),('client','348',1691421696),('client','349',1691453793),('client','35',1666965972),('client','350',1691453848),('client','351',1691468157),('client','352',1691468405),('client','353',1691547353),('client','354',1691547443),('client','355',1691576778),('client','357',1691601412),('client','358',1691659147),('client','359',1691659251),('client','36',1666966057),('client','360',1691659698),('client','361',1692092828),('client','362',1692685302),('client','363',1694444228),('client','364',1694502604),('client','37',1666966609),('client','38',1666966643),('client','39',1666966939),('client','4',1660986322),('client','40',1666967060),('client','41',1666968286),('client','42',1666969964),('client','43',1667209659),('client','44',1667209734),('client','45',1667209870),('client','46',1667209904),('client','47',1667210078),('client','48',1667210141),('client','49',1667210205),('client','5',1660986360),('client','50',1667210270),('client','51',1667210311),('client','52',1667210613),('client','53',1667210692),('client','54',1667211596),('client','55',1667211720),('client','56',1667212589),('client','57',1667213438),('client','58',1667213475),('client','59',1667214114),('client','6',1661020908),('client','60',1667214654),('client','61',1667215555),('client','62',1667215657),('client','63',1667216104),('client','64',1667219291),('client','65',1667219321),('client','66',1667220003),('client','67',1667221106),('client','68',1667223587),('client','69',1667223865),('client','7',1661189370),('client','70',1667226039),('client','71',1667226197),('client','72',1667226423),('client','73',1667305226),('client','74',1667305315),('client','75',1667305436),('client','76',1667305485),('client','77',1667305556),('client','78',1667305624),('client','79',1667305685),('client','8',1661194380),('client','80',1667306946),('client','81',1667307257),('client','82',1667307652),('client','83',1667307718),('client','84',1667307940),('client','85',1667308076),('client','86',1667308339),('client','87',1667308444),('client','88',1667308689),('client','89',1667308873),('client','9',1661626624),('client','90',1667309017),('client','91',1667309464),('client','92',1667310409),('client','93',1667310466),('client','94',1667310615),('client','95',1667310731),('client','96',1667311137),('client','97',1667311529),('client','98',1667311799),('client','99',1667312007);
/*!40000 ALTER TABLE `auth_assignment` ENABLE KEYS */;
UNLOCK TABLES;

--
-- Table structure for table `auth_code`
--

DROP TABLE IF EXISTS `auth_code`;
/*!40101 SET @saved_cs_client     = @@character_set_client */;
/*!40101 SET character_set_client = utf8 */;
CREATE TABLE `auth_code` (
  `id` int(11) NOT NULL AUTO_INCREMENT,
  `user_id` int(11) NOT NULL,
  `code` int(11) NOT NULL,
  `date` int(11) NOT NULL,
  PRIMARY KEY (`id`)
) ENGINE=InnoDB AUTO_INCREMENT=1048 DEFAULT CHARSET=utf8mb4 COLLATE=utf8mb4_general_ci;
/*!40101 SET character_set_client = @saved_cs_client */;

--
-- Dumping data for table `auth_code`
--

LOCK TABLES `auth_code` WRITE;
/*!40000 ALTER TABLE `auth_code` DISABLE KEYS */;
INSERT INTO `auth_code` VALUES (1,139,396473,1672139236),(3,139,127342,1672140411),(4,139,137667,1672140413),(5,139,886839,1672141029),(6,139,378306,1672141066),(7,139,114232,1672141436),(8,139,415895,1672141821),(9,139,648512,1672141875),(10,139,301503,1672141928),(11,139,366587,1672141985),(12,139,450092,1672142007),(13,139,346662,1672142180),(14,139,612942,1672142221),(15,139,289724,1672142330),(16,139,739748,1672142358),(19,141,271275,1672310525),(20,141,368609,1672310594),(21,142,480170,1672310881),(23,144,957726,1673277180),(24,144,731838,1673277193),(25,146,809565,1673277446),(26,147,386721,1673815042),(27,147,443062,1673815054),(28,147,757174,1673815066),(29,147,541825,1673815088),(30,147,634901,1673815098),(31,147,962613,1673815112),(32,147,780362,1673815299),(33,147,752452,1673815312),(35,148,564798,1674824621),(36,148,568193,1674868526),(37,148,565433,1675097716),(38,148,480759,1675097723),(39,148,603536,1675105696),(42,151,598316,1681729040),(45,151,594227,1681967257),(46,151,393287,1682009563),(47,151,360204,1682009693),(48,151,146529,1682010332),(49,151,119105,1682010379),(50,151,658619,1682010409),(51,151,706624,1682010446),(52,151,252799,1682010567),(53,151,190259,1682014480),(54,151,393400,1682014585),(55,151,308869,1682014603),(56,151,730776,1682052871),(57,151,137464,1682058877),(58,151,772579,1682059306),(59,151,908504,1682059417),(60,151,726813,1682059674),(61,151,514831,1682059728),(62,151,155246,1682059775),(63,151,837516,1682059864),(64,151,939663,1682060316),(65,151,438088,1682060415),(66,151,915579,1682060626),(68,151,209563,1682068026),(69,185,985029,1682153954),(70,186,228155,1682157153),(71,186,175280,1682157556),(72,186,612450,1682162595),(73,187,832182,1682171182),(74,188,875603,1682174530),(75,154,765602,1682179844),(76,188,344845,1682182310),(77,188,679579,1682182819),(78,188,793070,1682182830),(79,188,282053,1682183422),(80,190,472067,1682256434),(81,184,465595,1682323868),(82,184,749156,1682324707),(83,158,440465,1682330629),(84,158,540224,1682330649),(85,158,693533,1682330656),(86,154,240809,1682332244),(87,154,175044,1682332286),(88,154,648391,1682332291),(89,154,785974,1682332349),(90,193,163688,1682335601),(91,194,796509,1682337206),(92,195,569674,1682338100),(93,195,333953,1682338453),(94,195,355767,1682338726),(95,195,458374,1682338738),(96,195,135269,1682338956),(97,195,892925,1682338969),(98,196,753822,1682339050),(99,196,185217,1682339079),(100,196,991581,1682339104),(101,196,490068,1682339181),(102,196,838645,1682339726),(103,197,671633,1682341788),(104,197,571879,1682341953),(105,154,745129,1682342256),(106,154,249479,1682342274),(107,154,872221,1682342554),(108,154,877259,1682342572),(109,194,709572,1682342579),(110,154,355724,1682342671),(111,197,559992,1682342768),(112,154,579573,1682343182),(115,1,918272,1682359506),(116,1,242999,1682359546),(117,1,187982,1682359562),(118,1,119761,1682359647),(120,1,653104,1682359854),(121,1,555021,1682359894),(122,198,453827,1682394488),(123,199,452514,1682394640),(125,199,918965,1682394911),(127,201,379416,1682398107),(130,203,595866,1682399058),(131,199,828915,1682399777),(132,199,486587,1682399984),(133,199,144714,1682400095),(134,199,390829,1682400239),(135,199,725352,1682400334),(136,199,428195,1682400619),(137,199,843772,1682400832),(138,199,317765,1682401104),(139,199,377588,1682401278),(141,199,694866,1682402212),(142,199,891957,1682402809),(143,199,447291,1682403129),(145,199,846466,1682403381),(147,205,902017,1682408693),(148,206,938809,1682410107),(149,199,269942,1682411728),(154,198,403550,1682413587),(156,198,443601,1682414074),(157,198,288061,1682414217),(158,198,752339,1682414250),(159,198,747184,1682414300),(162,198,427577,1682414798),(169,199,988112,1682421621),(174,209,886523,1682423764),(184,216,774697,1682429150),(185,217,321987,1682429312),(186,218,719914,1682429402),(188,220,916917,1682431023),(190,222,102536,1682431757),(191,223,595463,1682432415),(192,224,504471,1682432511),(193,225,434376,1682433361),(195,226,759049,1682434334),(196,226,944860,1682434489),(197,226,204425,1682434777),(198,226,797833,1682435142),(199,227,426194,1682437996),(202,222,169317,1682441595),(203,222,329806,1682442303),(204,222,646294,1682442428),(213,226,293288,1682484197),(215,226,833633,1682484892),(216,226,992294,1682484892),(218,226,656957,1682485191),(221,231,625261,1682485379),(262,237,920954,1682507398),(263,238,739164,1682507508),(269,241,912941,1682712484),(270,242,181010,1682712515),(273,244,534149,1682760970),(274,245,379874,1682858557),(275,1,849554,1682921944),(276,230,519871,1683011269),(277,230,294413,1683011293),(278,230,201839,1683024631),(279,230,696748,1683024666),(280,230,976009,1683024850),(284,246,920426,1683025687),(286,247,845904,1683025904),(287,247,316788,1683029255),(288,247,489943,1683042079),(289,247,321143,1683042509),(290,247,815264,1683042789),(291,247,909910,1683042937),(292,247,736548,1683043166),(293,247,315967,1683043274),(294,247,436631,1683043440),(295,247,191748,1683043703),(300,250,327396,1683084433),(301,246,822438,1683089921),(302,246,835634,1683090368),(303,246,311852,1683090425),(304,246,544424,1683090593),(307,252,896952,1683102830),(308,252,304817,1683104432),(309,233,979273,1683104519),(310,253,424887,1683105763),(311,247,655677,1683106985),(312,247,394707,1683107603),(315,255,822775,1683167761),(316,256,405868,1683174839),(319,256,469537,1683175406),(320,256,680430,1683178626),(321,256,306265,1683178775),(322,256,100524,1683178814),(323,256,504313,1683178830),(325,256,596293,1683179047),(326,256,313644,1683179117),(327,256,737278,1683188774),(328,256,917679,1683188853),(329,256,130565,1683189022),(330,247,383597,1683192567),(331,247,272014,1683198485),(332,247,527506,1683198857),(333,247,436377,1683199273),(334,247,861004,1683199415),(335,247,975942,1683199762),(336,247,535798,1683200022),(337,247,745206,1683200188),(338,247,151194,1683202111),(339,247,816329,1683202676),(340,247,153416,1683202933),(341,247,940704,1683203215),(343,247,238093,1683203891),(345,247,981729,1683204434),(352,247,611502,1683259822),(357,257,191902,1683263756),(359,247,279531,1683265448),(361,247,450606,1683265868),(366,259,515400,1683267501),(373,260,457070,1683270621),(386,254,335988,1683300836),(388,268,357859,1683486788),(390,270,605082,1683527371),(391,271,720322,1683532001),(392,272,705745,1683535253),(393,230,279466,1683625230),(395,247,731459,1683778717),(400,267,967308,1683875020),(415,274,987028,1684401067),(419,274,775027,1684725990),(422,274,412543,1684753367),(427,274,644176,1684811969),(446,278,968875,1684918652),(447,279,487783,1684918888),(455,1,485152,1685291400),(456,1,197227,1685291543),(457,1,788717,1685291782),(458,1,181196,1685298147),(459,1,579206,1685298443),(460,1,382692,1685298674),(472,283,985827,1685447092),(476,281,197813,1685456465),(481,284,714571,1685466915),(483,281,627775,1685468895),(493,281,919110,1685524424),(500,286,177345,1685610053),(502,288,992927,1685613445),(503,289,267484,1685613848),(504,290,827116,1685615530),(505,291,952239,1685615658),(506,292,312877,1685615772),(511,293,881136,1685622796),(516,295,877378,1685687778),(519,296,568943,1685701918),(520,297,522380,1685702117),(521,273,855564,1685703407),(523,298,315408,1685705943),(524,299,712143,1685709199),(525,300,833813,1685713039),(526,295,305881,1685784883),(527,295,973901,1685784890),(528,295,857020,1685784987),(529,295,309295,1685785007),(530,295,271557,1685785023),(531,295,548174,1685785085),(532,295,646606,1685785329),(533,295,801350,1685786061),(534,295,239801,1685786068),(535,295,108944,1685786078),(536,295,856804,1685786090),(537,295,417460,1685786122),(538,295,983685,1685786316),(539,295,177627,1685786582),(540,295,225794,1685786814),(541,295,446910,1685786884),(542,295,803242,1685787016),(543,295,953921,1685787429),(544,295,992110,1685787689),(545,295,977610,1685787932),(546,295,737308,1685788595),(547,295,162204,1685788789),(548,295,501895,1685788924),(549,295,338987,1685789046),(550,295,123127,1685789658),(551,295,562324,1685789740),(552,295,247518,1685789940),(553,295,315621,1685790551),(554,295,602870,1685790678),(555,295,790680,1685790756),(556,295,705640,1685790869),(557,295,563198,1685791017),(558,295,644292,1685791447),(559,295,703981,1685791628),(560,295,601991,1685791779),(561,295,363226,1685793040),(562,295,498368,1685793337),(563,295,421043,1685793386),(564,295,852101,1685794342),(565,295,335053,1685795587),(566,295,896703,1685795845),(567,295,860313,1685796791),(568,295,982375,1685796951),(569,295,430942,1685797861),(570,295,592960,1685798080),(571,295,831004,1685798233),(572,295,526664,1685798601),(573,295,301358,1685798720),(574,295,702501,1685798802),(575,295,981300,1685799052),(576,295,777026,1685799175),(577,295,351447,1685799181),(578,295,244392,1685799304),(579,288,565968,1685864028),(580,288,612307,1685911514),(581,283,478701,1685935582),(587,295,119022,1685945736),(588,295,849581,1685945743),(589,295,512580,1685945822),(590,295,981570,1685945830),(592,295,859106,1685959081),(593,295,722535,1685959089),(594,295,813842,1685959090),(595,295,565002,1685959090),(596,295,885750,1685959091),(597,295,492557,1685959094),(598,295,133506,1685969423),(599,295,454797,1685969622),(600,287,972194,1685969664),(601,287,831687,1685969699),(603,295,423812,1685975130),(604,295,799005,1685975137),(606,295,976584,1685975979),(607,301,771907,1685976849),(609,287,284219,1685978981),(614,295,939447,1686031689),(616,287,548770,1686058530),(617,295,468295,1686058874),(619,302,908919,1686064758),(625,287,488048,1686126887),(626,303,842770,1686126951),(627,295,525805,1686129406),(628,295,222170,1686129503),(629,295,679565,1686129576),(630,295,429006,1686131360),(631,295,367546,1686131454),(632,304,420956,1686131858),(633,305,245040,1686132306),(634,295,556856,1686132594),(635,295,859129,1686132771),(636,306,900112,1686132894),(637,294,457243,1686144577),(652,308,678893,1686217985),(658,295,348551,1686225025),(670,312,867210,1686286033),(683,230,941821,1686551440),(697,309,595110,1686561520),(705,316,486800,1686641065),(707,316,357450,1686644151),(708,316,317978,1686644383),(709,316,408416,1686644522),(710,316,190560,1686644560),(711,316,723316,1686644575),(712,316,895812,1686644658),(713,316,101976,1686644806),(714,316,513366,1686645102),(725,315,387176,1686824708),(726,315,707423,1686824755),(727,315,182837,1686824776),(728,315,513709,1686825443),(733,319,537637,1686833835),(738,316,306118,1686835023),(741,316,713699,1686836254),(742,316,663732,1686837792),(743,316,324819,1686837927),(744,316,805100,1686838058),(745,316,463982,1686838392),(746,316,263120,1686839021),(747,316,576245,1686839059),(748,316,505658,1686839259),(749,316,100641,1686839373),(750,316,355988,1686839630),(751,316,857185,1686839748),(752,316,660529,1686840961),(753,316,423141,1686841120),(755,316,103010,1686849380),(756,316,240929,1686849457),(757,316,110607,1686849508),(758,316,302511,1686849760),(759,316,193857,1686850147),(760,316,985257,1686851151),(761,316,186236,1686898937),(762,316,682498,1686899373),(763,316,170084,1686899627),(764,316,945007,1686899746),(765,316,567135,1686900103),(766,316,509920,1686900535),(767,316,976099,1686900611),(768,316,912483,1686900670),(769,316,494057,1686901130),(770,316,791838,1686901257),(771,316,760275,1686901448),(791,316,847613,1687178620),(792,316,982841,1687178689),(796,295,818110,1687191173),(798,316,273162,1687193146),(799,316,422501,1687193353),(800,316,729787,1687193590),(801,316,565796,1687193738),(807,315,378211,1687252527),(808,315,894713,1687252750),(810,315,303395,1687252993),(818,316,986459,1687359194),(825,316,105312,1687769705),(831,316,927830,1687809482),(833,320,935136,1687870166),(845,321,162666,1688028410),(846,322,731493,1688029048),(859,317,159162,1689186085),(862,317,986978,1689226737),(867,323,831457,1689271275),(868,324,192888,1689272838),(869,325,881790,1689273012),(893,328,323691,1689934837),(906,315,641202,1690536943),(907,330,966046,1690537233),(908,331,580183,1690537342),(914,336,134503,1690617757),(916,282,988489,1690811934),(917,315,923789,1690812279),(918,282,750675,1690812424),(919,337,968901,1690812676),(920,337,438957,1690821249),(921,337,738821,1690849195),(922,337,310868,1690862908),(923,337,906570,1690862959),(925,337,746503,1690872657),(926,338,755624,1690872763),(931,340,155486,1691414975),(933,342,356287,1691419392),(934,343,815394,1691419461),(935,344,195627,1691419593),(936,345,151304,1691419834),(937,346,301844,1691420731),(938,347,341805,1691421052),(939,348,831507,1691421696),(940,349,614785,1691453793),(941,350,671940,1691453848),(942,351,406793,1691468157),(943,352,332219,1691468405),(945,352,728239,1691497732),(946,353,199090,1691547353),(947,354,991606,1691547443),(948,355,596065,1691576778),(949,356,216700,1691580000),(950,357,910382,1691601412),(951,358,789573,1691659147),(952,315,978954,1691659218),(953,359,296826,1691659251),(955,230,848071,1691659643),(956,360,833084,1691659698),(957,356,601216,1691663549),(958,337,784710,1692092482),(959,361,534820,1692092828),(960,356,447823,1692183204),(967,356,231869,1692336855),(968,356,417570,1692542408),(973,356,974369,1692680758),(974,362,421794,1692685302),(980,356,509335,1692767836),(982,356,381009,1692864864),(984,356,956338,1692965770),(985,356,323289,1693058095),(990,356,514264,1693314810),(997,356,191617,1693571319),(1002,356,344546,1693657831),(1003,356,653455,1693789161),(1008,356,230401,1693897889),(1015,356,851092,1694162667),(1017,356,118109,1694254987),(1018,356,383552,1694355666),(1021,357,872246,1694414148),(1022,351,711580,1694414513),(1023,351,995229,1694414566),(1024,357,276829,1694414588),(1025,351,707287,1694414700),(1026,357,695793,1694415969),(1031,1,585309,1694444995),(1034,315,464929,1694502362),(1036,364,274554,1694502664),(1037,307,550113,1694503183),(1038,356,122794,1694512552),(1042,356,437104,1694605759),(1047,315,520426,1694685155);
/*!40000 ALTER TABLE `auth_code` ENABLE KEYS */;
UNLOCK TABLES;

--
-- Table structure for table `auth_item`
--

DROP TABLE IF EXISTS `auth_item`;
/*!40101 SET @saved_cs_client     = @@character_set_client */;
/*!40101 SET character_set_client = utf8 */;
CREATE TABLE `auth_item` (
  `name` varchar(64) NOT NULL,
  `type` smallint(6) NOT NULL,
  `description` text DEFAULT NULL,
  `rule_name` varchar(64) DEFAULT NULL,
  `data` blob DEFAULT NULL,
  `created_at` int(11) DEFAULT NULL,
  `updated_at` int(11) DEFAULT NULL,
  PRIMARY KEY (`name`),
  KEY `rule_name` (`rule_name`),
  KEY `idx-auth_item-type` (`type`),
  CONSTRAINT `auth_item_ibfk_1` FOREIGN KEY (`rule_name`) REFERENCES `auth_rule` (`name`) ON DELETE SET NULL ON UPDATE CASCADE
) ENGINE=InnoDB DEFAULT CHARSET=utf8 COLLATE=utf8_unicode_ci;
/*!40101 SET character_set_client = @saved_cs_client */;

--
-- Dumping data for table `auth_item`
--

LOCK TABLES `auth_item` WRITE;
/*!40000 ALTER TABLE `auth_item` DISABLE KEYS */;
INSERT INTO `auth_item` VALUES ('/admin/*',2,NULL,NULL,NULL,1658759228,1658759228),('/debug/*',2,NULL,NULL,NULL,1658759238,1658759238),('/gii/*',2,NULL,NULL,NULL,1658759241,1658759241),('/rbac/*',2,NULL,NULL,NULL,1658759234,1658759234),('admin',1,NULL,NULL,NULL,1658759189,1658759189),('adminPermission',2,NULL,NULL,NULL,1658759180,1658759180),('client',1,NULL,NULL,NULL,1658759197,1658759197);
/*!40000 ALTER TABLE `auth_item` ENABLE KEYS */;
UNLOCK TABLES;

--
-- Table structure for table `auth_item_child`
--

DROP TABLE IF EXISTS `auth_item_child`;
/*!40101 SET @saved_cs_client     = @@character_set_client */;
/*!40101 SET character_set_client = utf8 */;
CREATE TABLE `auth_item_child` (
  `parent` varchar(64) NOT NULL,
  `child` varchar(64) NOT NULL,
  PRIMARY KEY (`parent`,`child`),
  KEY `child` (`child`),
  CONSTRAINT `auth_item_child_ibfk_1` FOREIGN KEY (`parent`) REFERENCES `auth_item` (`name`) ON DELETE CASCADE ON UPDATE CASCADE,
  CONSTRAINT `auth_item_child_ibfk_2` FOREIGN KEY (`child`) REFERENCES `auth_item` (`name`) ON DELETE CASCADE ON UPDATE CASCADE
) ENGINE=InnoDB DEFAULT CHARSET=utf8 COLLATE=utf8_unicode_ci;
/*!40101 SET character_set_client = @saved_cs_client */;

--
-- Dumping data for table `auth_item_child`
--

LOCK TABLES `auth_item_child` WRITE;
/*!40000 ALTER TABLE `auth_item_child` DISABLE KEYS */;
INSERT INTO `auth_item_child` VALUES ('admin','adminPermission'),('adminPermission','/admin/*'),('adminPermission','/debug/*'),('adminPermission','/gii/*'),('adminPermission','/rbac/*');
/*!40000 ALTER TABLE `auth_item_child` ENABLE KEYS */;
UNLOCK TABLES;

--
-- Table structure for table `auth_rule`
--

DROP TABLE IF EXISTS `auth_rule`;
/*!40101 SET @saved_cs_client     = @@character_set_client */;
/*!40101 SET character_set_client = utf8 */;
CREATE TABLE `auth_rule` (
  `name` varchar(64) NOT NULL,
  `data` blob DEFAULT NULL,
  `created_at` int(11) DEFAULT NULL,
  `updated_at` int(11) DEFAULT NULL,
  PRIMARY KEY (`name`)
) ENGINE=InnoDB DEFAULT CHARSET=utf8 COLLATE=utf8_unicode_ci;
/*!40101 SET character_set_client = @saved_cs_client */;

--
-- Dumping data for table `auth_rule`
--

LOCK TABLES `auth_rule` WRITE;
/*!40000 ALTER TABLE `auth_rule` DISABLE KEYS */;
/*!40000 ALTER TABLE `auth_rule` ENABLE KEYS */;
UNLOCK TABLES;

--
-- Table structure for table `auth_tokens`
--

DROP TABLE IF EXISTS `auth_tokens`;
/*!40101 SET @saved_cs_client     = @@character_set_client */;
/*!40101 SET character_set_client = utf8 */;
CREATE TABLE `auth_tokens` (
  `id` int(11) NOT NULL AUTO_INCREMENT,
  `user_id` bigint(20) DEFAULT NULL,
  `token` varchar(255) DEFAULT NULL,
  `fcm_token` varchar(255) DEFAULT NULL,
  `expired_at` int(11) DEFAULT NULL,
  PRIMARY KEY (`id`)
) ENGINE=InnoDB AUTO_INCREMENT=380 DEFAULT CHARSET=utf8mb4 COLLATE=utf8mb4_general_ci;
/*!40101 SET character_set_client = @saved_cs_client */;

--
-- Dumping data for table `auth_tokens`
--

LOCK TABLES `auth_tokens` WRITE;
/*!40000 ALTER TABLE `auth_tokens` DISABLE KEYS */;
INSERT INTO `auth_tokens` VALUES (5,284,'51A8q_89A9cZJ4eH2ijGJYLVthMVRyoE','null',NULL),(6,285,'M-OViDzX5UY8iJOC1Hn7TMnVIM7LRMQ4','null',NULL),(7,281,'VwocNB60jUz2nj67JnVQrX9v3P14xcof','null',NULL),(8,281,'FWkTQ0Y_fb9KeQ5qbkpSgu1_YqF9157H','null',NULL),(9,281,'mf0WLx2upevGwofEh_aRB9cZK64AQJyf','null',NULL),(10,281,'Gy-rFUj2SY1H3Qh8rMrYk75bSP57O5WY','null',NULL),(11,1,'Qnq0PsE6PH_afcSCE3FlhuRAcJ3erari','null',NULL),(12,1,'iDB5j6HDkK6CIik7qBCbWmeZJVmjsm3h','null',NULL),(26,281,'AkM7UCxh2EhX3l2JGHEx8aW5gdbIRXp2',NULL,NULL),(32,287,'nYNCfwAk0V9Fff2IF5DeJbL9HkF5iRDU',NULL,NULL),(33,287,'SQhcPU2ScBlc8bMiY62VCzAnFEwQIlim',NULL,NULL),(34,287,'ByWIDOJ5_Teqd5jY1rPU-B60Mz8hJH1e',NULL,NULL),(35,287,'TNnCJMWgcJxFIP2qZxvf_TNva69QRrqd',NULL,NULL),(36,287,'kuFN-Kt7GPImiv5QO-3btSEi654nfkwq',NULL,NULL),(38,295,'IdSiNoLtm_nxQoWREkRMPfjO0fGl6gLd',NULL,NULL),(41,295,'NA7Istngk2Bd6lZPWyv0ow8cNSfL8gNx',NULL,NULL),(58,283,'trC7d1Z9DMY-38x52XtEWndrfjoA3SJR','fVx7Wq5pRV-_8BY7qz43A4:APA91bEJtTBxOeipWUx9n9tkbxuA1Mfn6zeUHm0DSa_iMj7-aN8fgUWz5gKWaqowMAuUHT3BzLI2iymMcwY9bziynl2ewwTLZhjOmqALNvHz2F4ApBPZIl-M80KA_xiY6h3ZkJNlvc6e',NULL),(59,283,'5tjTIk2mIxS737cQOdfB6xacsOtspmN6','fVx7Wq5pRV-_8BY7qz43A4:APA91bEJtTBxOeipWUx9n9tkbxuA1Mfn6zeUHm0DSa_iMj7-aN8fgUWz5gKWaqowMAuUHT3BzLI2iymMcwY9bziynl2ewwTLZhjOmqALNvHz2F4ApBPZIl-M80KA_xiY6h3ZkJNlvc6e',1686209507),(60,283,'kSGjsV1LX1NqF1usvaENMEOL53MtBOD7','fVx7Wq5pRV-_8BY7qz43A4:APA91bEJtTBxOeipWUx9n9tkbxuA1Mfn6zeUHm0DSa_iMj7-aN8fgUWz5gKWaqowMAuUHT3BzLI2iymMcwY9bziynl2ewwTLZhjOmqALNvHz2F4ApBPZIl-M80KA_xiY6h3ZkJNlvc6e',1686211251),(61,247,'OurG54GcArEZSO_Fxg8C0vEgOpPLZKcH','fVx7Wq5pRV-_8BY7qz43A4:APA91bEJtTBxOeipWUx9n9tkbxuA1Mfn6zeUHm0DSa_iMj7-aN8fgUWz5gKWaqowMAuUHT3BzLI2iymMcwY9bziynl2ewwTLZhjOmqALNvHz2F4ApBPZIl-M80KA_xiY6h3ZkJNlvc6e',1686211409),(62,283,'QqUGli1C8DEKvdp94CT8Vm4Kesu45OxZ','fVx7Wq5pRV-_8BY7qz43A4:APA91bEJtTBxOeipWUx9n9tkbxuA1Mfn6zeUHm0DSa_iMj7-aN8fgUWz5gKWaqowMAuUHT3BzLI2iymMcwY9bziynl2ewwTLZhjOmqALNvHz2F4ApBPZIl-M80KA_xiY6h3ZkJNlvc6e',1686211524),(64,294,'7wX1QwgA8WrDjrjtQfCaNy7KLaOnQ8R0','fVx7Wq5pRV-_8BY7qz43A4:APA91bEJtTBxOeipWUx9n9tkbxuA1Mfn6zeUHm0DSa_iMj7-aN8fgUWz5gKWaqowMAuUHT3BzLI2iymMcwY9bziynl2ewwTLZhjOmqALNvHz2F4ApBPZIl-M80KA_xiY6h3ZkJNlvc6e',1686231078),(67,283,'4InB7C4OiMk8VxYQxn1OTiE6M8wjIMHV','dNXw8fKRSc-OCr2Zj8r5Q3:APA91bGrs9vPfIm71seCk-XtfvLJXQy7XwRXaBRvjPKoytYrJDc42DXPM6b7sjoLa_IVYephz2zrQnfVnV7H8MSeliQe6vw7YMsZWIJfINpM5kOOFWdcuGADBNLkIQotGamwZRNR1WqW',1686298627),(72,283,'QkuVulyPcu2Uocs_yx0KiN2UFo4QZN92','fVx7Wq5pRV-_8BY7qz43A4:APA91bEJtTBxOeipWUx9n9tkbxuA1Mfn6zeUHm0DSa_iMj7-aN8fgUWz5gKWaqowMAuUHT3BzLI2iymMcwY9bziynl2ewwTLZhjOmqALNvHz2F4ApBPZIl-M80KA_xiY6h3ZkJNlvc6e',1686302019),(90,247,'GCdVHHjzaSfA5LAt6_47zPeBvQU4qr3V','fVx7Wq5pRV-_8BY7qz43A4:APA91bEJtTBxOeipWUx9n9tkbxuA1Mfn6zeUHm0DSa_iMj7-aN8fgUWz5gKWaqowMAuUHT3BzLI2iymMcwY9bziynl2ewwTLZhjOmqALNvHz2F4ApBPZIl-M80KA_xiY6h3ZkJNlvc6e',1686369500),(93,273,'LP2QZjkuOvtPYgrUFeWJS-Rpc4-CUko-','cSv0tDfOQbiaKuS2rVvTms:APA91bEXytuBtbwvZNerLhzMCUun6EPyYmVXW9i2gOifC_bBYE91O9HYL0DHKWIYC2u_RcMnBRHW7O6OQaAkeN8nzWS985rARnfPjENP3vcz2VEVxE_1Lm4F7uOcqJl9AvBLO0G7Omyg',1686372232),(113,294,'EmSyrtI94RHdlTysqUfgF9P23KDs3x73','fVx7Wq5pRV-_8BY7qz43A4:APA91bEJtTBxOeipWUx9n9tkbxuA1Mfn6zeUHm0DSa_iMj7-aN8fgUWz5gKWaqowMAuUHT3BzLI2iymMcwY9bziynl2ewwTLZhjOmqALNvHz2F4ApBPZIl-M80KA_xiY6h3ZkJNlvc6e',1686647045),(118,309,'HIkNKyMJDliVzwhHe4u2lGXK7KP8rHgB','fVx7Wq5pRV-_8BY7qz43A4:APA91bEJtTBxOeipWUx9n9tkbxuA1Mfn6zeUHm0DSa_iMj7-aN8fgUWz5gKWaqowMAuUHT3BzLI2iymMcwY9bziynl2ewwTLZhjOmqALNvHz2F4ApBPZIl-M80KA_xiY6h3ZkJNlvc6e',1686647788),(121,316,'9SUJa6PUguxh9K5BjmEmTwm7TyKxkbsx',NULL,1686684542),(122,316,'vx_bPDob6ZeNjIjTHXYNlvPreGwB8Msk',NULL,1686685115),(126,316,'IkU6RchUVPowGI-4Wm2lpOlZVVOn4GyD',NULL,1686727791),(129,247,'FKc3DVQHSCVsc3qwysCmqw86INrminKT','ee6ZUS2YRAiKLiQWRUggF-:APA91bGd1lNy3NlcZ9cRtjESt1Ld13JGUmEJ1i0uqDKHfB4ana4drbOQxUt7eKCa5sx8DOGrICV8VJXCakmMXPg7VSxzgol3TBZycMARgAz5R1YVegehmVMvcA7Gf70qbX_jdJzdgljW',1686807223),(134,318,'9A2IeClF-fyW0wm7KrRCp_a0po8AFJPa','ee6ZUS2YRAiKLiQWRUggF-:APA91bGd1lNy3NlcZ9cRtjESt1Ld13JGUmEJ1i0uqDKHfB4ana4drbOQxUt7eKCa5sx8DOGrICV8VJXCakmMXPg7VSxzgol3TBZycMARgAz5R1YVegehmVMvcA7Gf70qbX_jdJzdgljW',1686896287),(141,318,'i5kXj8LihJQRmOMjnLN5C_zk-ZPfxqID','duTu6-IqRYaNC3EcwwI-um:APA91bHcnMgdV4Qrq3Uc0BeVFw6T4-0ZdS6s-d1z4MA4MxxdZKGzJnesv4EQUwo41gmKqVqYwtE1gjLpHVzt_PWYmX0WL0rPeDKFeVv5awn5SuXN8bqZunsAQZbp4Ee8JrOCcOdUUfWi',1686920355),(142,247,'YvS8kplb7VhiO9wSxeUnBRMt9Q9ln1iL','duTu6-IqRYaNC3EcwwI-um:APA91bHcnMgdV4Qrq3Uc0BeVFw6T4-0ZdS6s-d1z4MA4MxxdZKGzJnesv4EQUwo41gmKqVqYwtE1gjLpHVzt_PWYmX0WL0rPeDKFeVv5awn5SuXN8bqZunsAQZbp4Ee8JrOCcOdUUfWi',1686920419),(146,317,'1PFCxjXr1vzKB2ScE_pZpyA-VC14dkMi','duTu6-IqRYaNC3EcwwI-um:APA91bHcnMgdV4Qrq3Uc0BeVFw6T4-0ZdS6s-d1z4MA4MxxdZKGzJnesv4EQUwo41gmKqVqYwtE1gjLpHVzt_PWYmX0WL0rPeDKFeVv5awn5SuXN8bqZunsAQZbp4Ee8JrOCcOdUUfWi',1686921712),(148,316,'AV-9J914VIy2VIJMEVvU6gp4f-zjP2fp',NULL,1686988203),(149,317,'8e48TQfsiLGEtXOjiJ4m_bBCV-3oOsyK','duTu6-IqRYaNC3EcwwI-um:APA91bHcnMgdV4Qrq3Uc0BeVFw6T4-0ZdS6s-d1z4MA4MxxdZKGzJnesv4EQUwo41gmKqVqYwtE1gjLpHVzt_PWYmX0WL0rPeDKFeVv5awn5SuXN8bqZunsAQZbp4Ee8JrOCcOdUUfWi',1686991435),(150,316,'w-kjlfBIq7qP2qWf6Y8mW5t6CtOzWuNh',NULL,1686996061),(151,316,'xDMUP2b-AtDb55EgMcpnonuORAs_mW-k',NULL,1686996223),(152,316,'SI85H_vG8k3RDD1FTNnzFxQiZpaXZK7q',NULL,1687001146),(153,316,'DvVN0E02D0MY6Ju-yuLjZJYXfywMdTFH',NULL,1687002193),(154,316,'waOpYHSP5aUPrNQpfZONhH7tP0miJRTn',NULL,1687002792),(155,316,'q0tuoZwnqFl_gYIIQ1jMcNyxblPqiZtt',NULL,1687002842),(156,316,'G55FkfsyFI197KE-_t4xLYVGWNuhJ3fA',NULL,1687003616),(157,316,'APHSm_1KOgtbe0XsOts65yTbgp8uGO2w',NULL,1687003831),(158,316,'OrulDz5tn6zs2vtuE4lxO_jZepChP84j',NULL,1687003982),(159,316,'ea12MzQaT6WcXlTs058XnXirXItJgsMY',NULL,1687005262),(160,316,'tbfGkVsBc59XyUjlH2wGYVEPeEgAPA44',NULL,1687005495),(161,316,'30t4eSI5-RKoJ0TzC1B5m-Pwgg1fvX5V',NULL,1687259867),(162,316,'egGAQTMOfq91ebD7YLscmvtCltRBZWyY',NULL,1687260172),(163,316,'1IDXsQOZAaOCXJ-Lj5LZik_ZAhTzXLfi',NULL,1687260396),(164,316,'DiM1-siyiy0j6dcrGS_IemsSn1LjPVN1',NULL,1687260597),(165,316,'3gLGYagnTlciLo8eeSvdmEJKJ4UG-y-X',NULL,1687262257),(166,316,'4pjWP3XT6xev25_Sfmf7DB9d8LKy-JTT',NULL,1687263385),(167,316,'_y1JXYxf9pnmP5CqFp0Qr005gBSi4tfF',NULL,1687265197),(168,316,'kzc1Vystm3pFvxn63lqgZmyOyf0Jubt7',NULL,1687265316),(169,316,'hW2F7pjcfXtlMwuyMLFeSbCOUl4LUN90',NULL,1687265345),(170,320,'WnN4jlDkYBefTAT-xPAae0CI9hqCZZ3_',NULL,1687277699),(171,316,'oMLTMxG2nU1dQymSAY1DGAmT95AIzhEz',NULL,1687284616),(177,315,'C4q_x4_oy-bqyVQYGjjF_2cOKOhszL96',NULL,1687339547),(178,317,'9DnRW5Y5xuuRNlGxpg7bpQ1UKSdvmVwA','ee6ZUS2YRAiKLiQWRUggF-:APA91bGd1lNy3NlcZ9cRtjESt1Ld13JGUmEJ1i0uqDKHfB4ana4drbOQxUt7eKCa5sx8DOGrICV8VJXCakmMXPg7VSxzgol3TBZycMARgAz5R1YVegehmVMvcA7Gf70qbX_jdJzdgljW',1687345167),(179,316,'wJr8Qhtawn33TFeX9l5CSCXEOuYbaw2I',NULL,1687349460),(180,315,'N-xW0yMAiJ61DuAhaVtqZ5fnUJI4c7PE',NULL,1687422075),(181,317,'WEHK4-QC1S1OHFbrYjXk0q7J8FxVhdmV','ee6ZUS2YRAiKLiQWRUggF-:APA91bH2gG4pdEscRDdAP_6N4gKhhMcmcN0wWFdaapN82vMMLW0Md9-ma_MRz86kkve6ErPdWypqUOFVwUQbrWJTCajGRE0uhX5Kho5d-mI3y6Z-2eBhTDsi6EwtIBn3Q7Uc7X-QZaTp',1687434759),(182,316,'CfZr9dAkokn4btA9KMKWTaPmtk_rz8bu',NULL,1687437062),(183,316,'pmZ69vEtRQso5Y3uVmEurAZ95-aqlMU7',NULL,1687445560),(184,316,'jm5VQK64tLi0qWZt1WzzInZBiv8CX12e',NULL,1687445645),(185,316,'hQZG-4zBm6SYz27lVyAkKCM7e0ey_g_i',NULL,1687446186),(186,317,'xhu6mzwy9MVDzyOya3970JjywJgeUU5G','ee6ZUS2YRAiKLiQWRUggF-:APA91bH2gG4pdEscRDdAP_6N4gKhhMcmcN0wWFdaapN82vMMLW0Md9-ma_MRz86kkve6ErPdWypqUOFVwUQbrWJTCajGRE0uhX5Kho5d-mI3y6Z-2eBhTDsi6EwtIBn3Q7Uc7X-QZaTp',1687531538),(187,315,'VrhvphWsS-2UqSeoGz-y5hlxL1sWZziv',NULL,1687587428),(188,316,'kAl03D0VaQjkuYPFIdoxxyQuBoE33cUT',NULL,1687609343),(189,316,'cXxWBgl1-OpxhDWZawDK2ApmSdW_EFs-',NULL,1687854060),(190,316,'xaFWw6XEER_bv_8JV-0783VOVWz9LnuL',NULL,1687856153),(191,316,'7dhnisbkX_1Vp0kaW5nGQPRTknLZTvxU',NULL,1687856263),(192,316,'DNeRqCfJdin3imIgN9S2K8MfAQuL3JxZ',NULL,1687856367),(193,317,'tkFbXNB6FcrOkKswtv59UlDlILBvcmes','ee6ZUS2YRAiKLiQWRUggF-:APA91bH2gG4pdEscRDdAP_6N4gKhhMcmcN0wWFdaapN82vMMLW0Md9-ma_MRz86kkve6ErPdWypqUOFVwUQbrWJTCajGRE0uhX5Kho5d-mI3y6Z-2eBhTDsi6EwtIBn3Q7Uc7X-QZaTp',1687863142),(194,317,'eZN8xqxirXDHPtbgbTH3QUuxk53s5v9Z','ee6ZUS2YRAiKLiQWRUggF-:APA91bH2gG4pdEscRDdAP_6N4gKhhMcmcN0wWFdaapN82vMMLW0Md9-ma_MRz86kkve6ErPdWypqUOFVwUQbrWJTCajGRE0uhX5Kho5d-mI3y6Z-2eBhTDsi6EwtIBn3Q7Uc7X-QZaTp',1687863229),(195,316,'0M17Fa-KJ8Nlj3LdeyMzYi5COpPQ3sZk',NULL,1687895936),(196,320,'lLIDa9Vz-2JZM6Z2VRQPMEKwvX0EjSbk',NULL,1687956655),(197,316,'gndxarW7EuQOE8BtGmVaccLXTH2djKk1',NULL,1688020881),(198,320,'0nGSuiSi1HULqkxTV1Ap3-ffSdNje1mK',NULL,1688044545),(199,320,'HAIRlMyUqFfR6G_YjB8sxhb911LVhxMb',NULL,1688045744),(200,320,'LVRg5LpyaGz-0qrSotLqxWkj0xxJNeP-',NULL,1688045809),(201,320,'-PpsXo-U5ffMKCKkVzgV58s6m5Rhwxn_',NULL,1688045921),(202,320,'3TpYeuHFQL_77BCzOJibHEQYRk6Zc2rk',NULL,1688046041),(203,316,'8LNXQgMxoZLm_r4gVk9IypLZ_glSZcDW',NULL,1688046191),(204,320,'HuuxlelmoXYM8GWaso4eatg5Lt8x8s1v',NULL,1688047035),(205,320,'0a0Fka4HAnKWMYLvfNuDXZvRgpc73BSm',NULL,1688047179),(206,315,'eJofD0-xUCYaHVuXMpvIe9_ZOOtyaNoF',NULL,1688098356),(207,320,'xKoKtIPPQecyuBlr5toX7Vm5b11Ww5M6',NULL,1688116515),(208,317,'41LZ2Ic6dN4ug-E9xsAxPnDosWbDnYGS','e-2eRN3rRbmI-Fx5uoXTg6:APA91bGYqV0046JCkjvqvtz513wTtb9MONFjYP5yXy1H2tvPRvCYfUzQCLfuCiNzBWv746JYSiecC_Ke1lmsUfOUPYO6EuZo3qX__PYcak5Y3DFVHSl_EpO7n5Z5pSsqRfmQiM6OhQNK',1688215047),(209,315,'DgChVickxy3YEzLHI_6Y1TOUisIdAyPz',NULL,1688532076),(210,315,'GupMMgAEto4-dLaHHRLwDq6uym8Vtugn',NULL,1688532188),(211,317,'0mx-gSRQyNKlWzKFmpCDLBC1vjIQSAgY','e-2eRN3rRbmI-Fx5uoXTg6:APA91bGYqV0046JCkjvqvtz513wTtb9MONFjYP5yXy1H2tvPRvCYfUzQCLfuCiNzBWv746JYSiecC_Ke1lmsUfOUPYO6EuZo3qX__PYcak5Y3DFVHSl_EpO7n5Z5pSsqRfmQiM6OhQNK',1688559495),(212,317,'tmI_mp7ke3EG6GzJsYb-MdyAPAW7Mxe0','e-2eRN3rRbmI-Fx5uoXTg6:APA91bGYqV0046JCkjvqvtz513wTtb9MONFjYP5yXy1H2tvPRvCYfUzQCLfuCiNzBWv746JYSiecC_Ke1lmsUfOUPYO6EuZo3qX__PYcak5Y3DFVHSl_EpO7n5Z5pSsqRfmQiM6OhQNK',1688648284),(213,317,'4GSxP3_1mM1OLThau812EiF0H-vOOcI_','e-2eRN3rRbmI-Fx5uoXTg6:APA91bGYqV0046JCkjvqvtz513wTtb9MONFjYP5yXy1H2tvPRvCYfUzQCLfuCiNzBWv746JYSiecC_Ke1lmsUfOUPYO6EuZo3qX__PYcak5Y3DFVHSl_EpO7n5Z5pSsqRfmQiM6OhQNK',1688747561),(214,315,'8GHhQbCfvqAJkLEUd6sSmj8nBNZmxjv1',NULL,1688802453),(215,317,'urHbHnea20jo_yGyLY04MwcVyFvhLvTS','e-2eRN3rRbmI-Fx5uoXTg6:APA91bGYqV0046JCkjvqvtz513wTtb9MONFjYP5yXy1H2tvPRvCYfUzQCLfuCiNzBWv746JYSiecC_Ke1lmsUfOUPYO6EuZo3qX__PYcak5Y3DFVHSl_EpO7n5Z5pSsqRfmQiM6OhQNK',1688920409),(216,315,'ObI01GBFl5zBSkDXKduuIwl0UDIAlYhb',NULL,1688961492),(217,317,'3OiB-wznokqe5F5oSRmINKhQ43gu7Dfo','e-2eRN3rRbmI-Fx5uoXTg6:APA91bGYqV0046JCkjvqvtz513wTtb9MONFjYP5yXy1H2tvPRvCYfUzQCLfuCiNzBWv746JYSiecC_Ke1lmsUfOUPYO6EuZo3qX__PYcak5Y3DFVHSl_EpO7n5Z5pSsqRfmQiM6OhQNK',1689053230),(218,317,'5o5VT8ucTwA0T5N6uI4ryqBdmYgmkzOZ','e-2eRN3rRbmI-Fx5uoXTg6:APA91bGYqV0046JCkjvqvtz513wTtb9MONFjYP5yXy1H2tvPRvCYfUzQCLfuCiNzBWv746JYSiecC_Ke1lmsUfOUPYO6EuZo3qX__PYcak5Y3DFVHSl_EpO7n5Z5pSsqRfmQiM6OhQNK',1689165597),(219,317,'yXdurkd4IAqrjk-ufQUQpT8gseEdryWP','e-2eRN3rRbmI-Fx5uoXTg6:APA91bGYqV0046JCkjvqvtz513wTtb9MONFjYP5yXy1H2tvPRvCYfUzQCLfuCiNzBWv746JYSiecC_Ke1lmsUfOUPYO6EuZo3qX__PYcak5Y3DFVHSl_EpO7n5Z5pSsqRfmQiM6OhQNK',1689272742),(220,317,'cJx6ro7VeOr6I0H-eXv4U5DEGHtfTDIh','e-2eRN3rRbmI-Fx5uoXTg6:APA91bGYqV0046JCkjvqvtz513wTtb9MONFjYP5yXy1H2tvPRvCYfUzQCLfuCiNzBWv746JYSiecC_Ke1lmsUfOUPYO6EuZo3qX__PYcak5Y3DFVHSl_EpO7n5Z5pSsqRfmQiM6OhQNK',1689273607),(221,317,'ZC9sBYJh4Jk3IJEIgUbEkHy5dFhgktdw','e-2eRN3rRbmI-Fx5uoXTg6:APA91bGYqV0046JCkjvqvtz513wTtb9MONFjYP5yXy1H2tvPRvCYfUzQCLfuCiNzBWv746JYSiecC_Ke1lmsUfOUPYO6EuZo3qX__PYcak5Y3DFVHSl_EpO7n5Z5pSsqRfmQiM6OhQNK',1689314150),(222,317,'qGLaUdXBo9WHP1NlgxzEOtFUZEOHOHhi','e-2eRN3rRbmI-Fx5uoXTg6:APA91bGYqV0046JCkjvqvtz513wTtb9MONFjYP5yXy1H2tvPRvCYfUzQCLfuCiNzBWv746JYSiecC_Ke1lmsUfOUPYO6EuZo3qX__PYcak5Y3DFVHSl_EpO7n5Z5pSsqRfmQiM6OhQNK',1689318031),(223,317,'uwS9HO0IBajetJ50oBMy1NFK_f7Jhnlr','e-2eRN3rRbmI-Fx5uoXTg6:APA91bGYqV0046JCkjvqvtz513wTtb9MONFjYP5yXy1H2tvPRvCYfUzQCLfuCiNzBWv746JYSiecC_Ke1lmsUfOUPYO6EuZo3qX__PYcak5Y3DFVHSl_EpO7n5Z5pSsqRfmQiM6OhQNK',1689318387),(226,327,'Z06K8y0-jPdWUinRfLlV5fRuxr9hlZtI','e-2eRN3rRbmI-Fx5uoXTg6:APA91bGYqV0046JCkjvqvtz513wTtb9MONFjYP5yXy1H2tvPRvCYfUzQCLfuCiNzBWv746JYSiecC_Ke1lmsUfOUPYO6EuZo3qX__PYcak5Y3DFVHSl_EpO7n5Z5pSsqRfmQiM6OhQNK',1689394314),(233,328,'3969b7R8jGeQYe6mm3Uutobfj04-JwmD','e-2eRN3rRbmI-Fx5uoXTg6:APA91bGYqV0046JCkjvqvtz513wTtb9MONFjYP5yXy1H2tvPRvCYfUzQCLfuCiNzBWv746JYSiecC_Ke1lmsUfOUPYO6EuZo3qX__PYcak5Y3DFVHSl_EpO7n5Z5pSsqRfmQiM6OhQNK',1689439808),(237,328,'st06cUaMmK-PyG2-5LJODB3BR8gX5-ZB','e-2eRN3rRbmI-Fx5uoXTg6:APA91bGYqV0046JCkjvqvtz513wTtb9MONFjYP5yXy1H2tvPRvCYfUzQCLfuCiNzBWv746JYSiecC_Ke1lmsUfOUPYO6EuZo3qX__PYcak5Y3DFVHSl_EpO7n5Z5pSsqRfmQiM6OhQNK',1689443070),(240,328,'8mt_pDpSHDzDM_x53NxBx0DpyAvkn4mY','e-2eRN3rRbmI-Fx5uoXTg6:APA91bGYqV0046JCkjvqvtz513wTtb9MONFjYP5yXy1H2tvPRvCYfUzQCLfuCiNzBWv746JYSiecC_Ke1lmsUfOUPYO6EuZo3qX__PYcak5Y3DFVHSl_EpO7n5Z5pSsqRfmQiM6OhQNK',1689678083),(241,315,'OXBdrY51fDi0oNwY9vyhg2DjIYu4X_He','e4DWmniBRLG-z8RvLFUElI:APA91bGUYIC2WKbo5qqh7MruWqm7h0R880_kgvrDrsU090OQEWLC1hOD10K3lQdEyJHQJOScummDI8m7Owz3cgfCty36LRqcCVLaSD14GuNI0xrcINMYg-n5_xGJQyzH4ns6woFYGOSO',1689738599),(242,315,'-EvFavveurbLsrAlErS6hcMhrt6pGFxl',NULL,1689739092),(244,328,'g96E_zfQ0utei1MgzQF_prvIutDxsibw','e-2eRN3rRbmI-Fx5uoXTg6:APA91bGYqV0046JCkjvqvtz513wTtb9MONFjYP5yXy1H2tvPRvCYfUzQCLfuCiNzBWv746JYSiecC_Ke1lmsUfOUPYO6EuZo3qX__PYcak5Y3DFVHSl_EpO7n5Z5pSsqRfmQiM6OhQNK',1689751099),(248,328,'GdsWoVSxbnj6Y-8qnd8gXQVUqFSr_7i_','e-2eRN3rRbmI-Fx5uoXTg6:APA91bGYqV0046JCkjvqvtz513wTtb9MONFjYP5yXy1H2tvPRvCYfUzQCLfuCiNzBWv746JYSiecC_Ke1lmsUfOUPYO6EuZo3qX__PYcak5Y3DFVHSl_EpO7n5Z5pSsqRfmQiM6OhQNK',1690021333),(250,328,'A9TjGsYkX0aTwyda9B5_sQK0915kCW28','cWV8lsdHTc6XWLjeglG7Fx:APA91bEKALVq0AHtRb-6qGI4SPk4NL2MS26r6XAikCqtSuVTq1Z3bq6l_YkSByCBlWzaGYGZQBjh46YPCXSZboxx700is92hDQRwpgK1UAdNrMVh_YMnwvo0nKAN0q5kkWSyi8nehUFT',1690025838),(251,315,'htmHYL8UfPugLZ4uVsGVcC-ZrJz5I-aZ',NULL,1690027607),(253,328,'Kqhd33qgTLXGWtYgWjInP0PN2fJX8ozu','e-2eRN3rRbmI-Fx5uoXTg6:APA91bGYqV0046JCkjvqvtz513wTtb9MONFjYP5yXy1H2tvPRvCYfUzQCLfuCiNzBWv746JYSiecC_Ke1lmsUfOUPYO6EuZo3qX__PYcak5Y3DFVHSl_EpO7n5Z5pSsqRfmQiM6OhQNK',1690032337),(254,328,'1DRrM09zkwej84QedfbDWwJXwoObQITQ','e-2eRN3rRbmI-Fx5uoXTg6:APA91bGYqV0046JCkjvqvtz513wTtb9MONFjYP5yXy1H2tvPRvCYfUzQCLfuCiNzBWv746JYSiecC_Ke1lmsUfOUPYO6EuZo3qX__PYcak5Y3DFVHSl_EpO7n5Z5pSsqRfmQiM6OhQNK',1690262441),(256,315,'DUkz-9W76UtLyi1qrvEpVlGhjSJtUjZk','dGdkxPg_QfmfVilhaIsiWm:APA91bGw_XlxSsKO2h1bhKyuc91bwcP4p4ejjkBgJwZ3QnUqMemgOUclharyqjalBzx6Dr9ro82nVULaYu47HCFGecjXbaHnZgA5zLYrLX7tuJEtbDfhh_vachbxTyOJvda8PXiO27o6',1690342431),(257,315,'QFfxo8OIIqd0pXtS2Jl0q7gCvfpxsJqB',NULL,1690342638),(258,328,'92vUIwaGQXNuArNzh1190liHdUTzSZ4v','e-2eRN3rRbmI-Fx5uoXTg6:APA91bGYqV0046JCkjvqvtz513wTtb9MONFjYP5yXy1H2tvPRvCYfUzQCLfuCiNzBWv746JYSiecC_Ke1lmsUfOUPYO6EuZo3qX__PYcak5Y3DFVHSl_EpO7n5Z5pSsqRfmQiM6OhQNK',1690344413),(259,315,'I8ANb_eqpdAwfGxjfwQx0dPuhDZWWBgX','cvZpg3qKTD-uXkpuhsIg1j:APA91bFhu3HNZBWbqq58XmVBsCeaz8ZKbPAfAZYi1Z1FLNJryelAxzEi6GK2oQsukzfSh9jHe_83fOOePUb_YjrdBJ-8rvpc0djQeQuiqa1zzHtFTCRZHtCJQq1cEEE_wI7zgtsoMQ42',1690347332),(260,332,'9KO2EfAR4U307WowkMMnYKidDV0r6oAz','d065mLT3RKuRLM-DE7LHww:APA91bEk18_FZyikyCqU1IDuyoDhMtmrszO3YyA28lOCE5ujLvhKyalw_OfsSpnt_bg6qpobydtmbxPxyEEkfWh8lzwig60TAZGAx2NkcN-ncm6ncFlt59HKA_bdE7w_sVLwGrM06cF6',1690623922),(261,333,'EKhr--usKliQoHvku_y9NpRvgJZ3a1R0','d065mLT3RKuRLM-DE7LHww:APA91bEk18_FZyikyCqU1IDuyoDhMtmrszO3YyA28lOCE5ujLvhKyalw_OfsSpnt_bg6qpobydtmbxPxyEEkfWh8lzwig60TAZGAx2NkcN-ncm6ncFlt59HKA_bdE7w_sVLwGrM06cF6',1690624186),(262,315,'mH_vyJCQOPb9uQ-S44dYzHnOwLJXnx9e','d065mLT3RKuRLM-DE7LHww:APA91bEk18_FZyikyCqU1IDuyoDhMtmrszO3YyA28lOCE5ujLvhKyalw_OfsSpnt_bg6qpobydtmbxPxyEEkfWh8lzwig60TAZGAx2NkcN-ncm6ncFlt59HKA_bdE7w_sVLwGrM06cF6',1690624340),(263,334,'8wBh-3l8CWXLcz13Oy14WCG_Bt2JNn7n','e-2eRN3rRbmI-Fx5uoXTg6:APA91bGYqV0046JCkjvqvtz513wTtb9MONFjYP5yXy1H2tvPRvCYfUzQCLfuCiNzBWv746JYSiecC_Ke1lmsUfOUPYO6EuZo3qX__PYcak5Y3DFVHSl_EpO7n5Z5pSsqRfmQiM6OhQNK',1690702326),(264,335,'euPJni-DwRQQglb5nwTBYUF103M55pKx','d_hCnbXbTkmCpFS1tL2Gte:APA91bEcs6oRENwA5PwOuAp73fKd8AgVVM5qjtyhIyq67-BPrkXCJnkq6wZ_J7y1dVe-o-u41HuND6Ri0OGJYhfSz_MakA9grM9iD_kgP7KCQKz7V__trH52j4ysprouItlCaUzaXmMw',1690703504),(267,337,'YhxTL0TW5BMHVg3CDKqQDuxnMBA-psvD',NULL,1690958316),(268,337,'5ikoBbv8RStNVbOSbuT-WDuc13gopCSb',NULL,1690958346),(270,338,'hHsqsvVbRj0ItmgJ45GRs8lS8fveqZEr','d_hCnbXbTkmCpFS1tL2Gte:APA91bEcs6oRENwA5PwOuAp73fKd8AgVVM5qjtyhIyq67-BPrkXCJnkq6wZ_J7y1dVe-o-u41HuND6Ri0OGJYhfSz_MakA9grM9iD_kgP7KCQKz7V__trH52j4ysprouItlCaUzaXmMw',1690959167),(271,338,'yK6nJSSnvs1jjigAr9NWLJqDXVrmcKb4','d_hCnbXbTkmCpFS1tL2Gte:APA91bEcs6oRENwA5PwOuAp73fKd8AgVVM5qjtyhIyq67-BPrkXCJnkq6wZ_J7y1dVe-o-u41HuND6Ri0OGJYhfSz_MakA9grM9iD_kgP7KCQKz7V__trH52j4ysprouItlCaUzaXmMw',1690959185),(272,339,'421CLJ15hC7oEk3So_MbTR2ZvfxChLl9','cYU7zHmVTeyJvlNqjVSewC:APA91bFN6cRGF_omYWhH-VHDs8SWOmOL-i_KZLoAiVBVKr4cZKHYqlkD8QUF0Nl1PHmqyAZjjARB5AT1m9mqZu4hwfSuiffuJ_wPG9Bk9aFYxweQL_JIubcXDNwVcZ0xyRLpXfbr85F3',1690968317),(273,339,'DFBt4r54bHyyv-KzCctj5AweiPI34-us','cYU7zHmVTeyJvlNqjVSewC:APA91bFN6cRGF_omYWhH-VHDs8SWOmOL-i_KZLoAiVBVKr4cZKHYqlkD8QUF0Nl1PHmqyAZjjARB5AT1m9mqZu4hwfSuiffuJ_wPG9Bk9aFYxweQL_JIubcXDNwVcZ0xyRLpXfbr85F3',1690968423),(274,337,'qbZuAD-coApazksAjAQFB96gaCcakX-b',NULL,1691048742),(275,339,'1m8_hAL7JzOiJseWgRgTnIcMjg7Xwab3','cYU7zHmVTeyJvlNqjVSewC:APA91bFN6cRGF_omYWhH-VHDs8SWOmOL-i_KZLoAiVBVKr4cZKHYqlkD8QUF0Nl1PHmqyAZjjARB5AT1m9mqZu4hwfSuiffuJ_wPG9Bk9aFYxweQL_JIubcXDNwVcZ0xyRLpXfbr85F3',1691142328),(276,1,'blOpTqEApv3O_2k4owEQlDrlVTFtjXOD',NULL,1691180570),(277,341,'Gv1W5otGrJ3BhS8OU0odovwyiqPTQ9uG','cYU7zHmVTeyJvlNqjVSewC:APA91bFN6cRGF_omYWhH-VHDs8SWOmOL-i_KZLoAiVBVKr4cZKHYqlkD8QUF0Nl1PHmqyAZjjARB5AT1m9mqZu4hwfSuiffuJ_wPG9Bk9aFYxweQL_JIubcXDNwVcZ0xyRLpXfbr85F3',1691502021),(278,347,'HByEFUPmdqBhL7f3KtsmLLIq5sqLUpgc','cYU7zHmVTeyJvlNqjVSewC:APA91bFN6cRGF_omYWhH-VHDs8SWOmOL-i_KZLoAiVBVKr4cZKHYqlkD8QUF0Nl1PHmqyAZjjARB5AT1m9mqZu4hwfSuiffuJ_wPG9Bk9aFYxweQL_JIubcXDNwVcZ0xyRLpXfbr85F3',1691508047),(279,347,'-0nhiXm_6ZGAVJojxIitQBh3CheHn-Oz','cYU7zHmVTeyJvlNqjVSewC:APA91bFN6cRGF_omYWhH-VHDs8SWOmOL-i_KZLoAiVBVKr4cZKHYqlkD8QUF0Nl1PHmqyAZjjARB5AT1m9mqZu4hwfSuiffuJ_wPG9Bk9aFYxweQL_JIubcXDNwVcZ0xyRLpXfbr85F3',1691508053),(280,347,'2m9iMmyqiDIIjiaqjJfaaELN8uzY3J9j','cYU7zHmVTeyJvlNqjVSewC:APA91bFN6cRGF_omYWhH-VHDs8SWOmOL-i_KZLoAiVBVKr4cZKHYqlkD8QUF0Nl1PHmqyAZjjARB5AT1m9mqZu4hwfSuiffuJ_wPG9Bk9aFYxweQL_JIubcXDNwVcZ0xyRLpXfbr85F3',1691508056),(281,347,'D8DaSQdm9Lw4ekiOs1oysw5s5amVDpbr','cYU7zHmVTeyJvlNqjVSewC:APA91bFN6cRGF_omYWhH-VHDs8SWOmOL-i_KZLoAiVBVKr4cZKHYqlkD8QUF0Nl1PHmqyAZjjARB5AT1m9mqZu4hwfSuiffuJ_wPG9Bk9aFYxweQL_JIubcXDNwVcZ0xyRLpXfbr85F3',1691508058),(282,348,'FqAuz0vUEl_u4rzNTxMY5m2NRJgEhu4n','cYU7zHmVTeyJvlNqjVSewC:APA91bFN6cRGF_omYWhH-VHDs8SWOmOL-i_KZLoAiVBVKr4cZKHYqlkD8QUF0Nl1PHmqyAZjjARB5AT1m9mqZu4hwfSuiffuJ_wPG9Bk9aFYxweQL_JIubcXDNwVcZ0xyRLpXfbr85F3',1691508100),(286,315,'ermJopm9QKW4aA3eOL1F1AyhWJq0O046',NULL,1691560824),(290,315,'rhk5Auh9gtncxdve_oMqMNz1UUIWK2e_',NULL,1691745953),(291,356,'iRvVmR6Q78fI0T5D0ivavT5Kceb4H245','cYU7zHmVTeyJvlNqjVSewC:APA91bFN6cRGF_omYWhH-VHDs8SWOmOL-i_KZLoAiVBVKr4cZKHYqlkD8QUF0Nl1PHmqyAZjjARB5AT1m9mqZu4hwfSuiffuJ_wPG9Bk9aFYxweQL_JIubcXDNwVcZ0xyRLpXfbr85F3',1691749954),(292,337,'10MptQ8YGY81RU_kPBcK7qz9527MICeX','d_hCnbXbTkmCpFS1tL2Gte:APA91bEcs6oRENwA5PwOuAp73fKd8AgVVM5qjtyhIyq67-BPrkXCJnkq6wZ_J7y1dVe-o-u41HuND6Ri0OGJYhfSz_MakA9grM9iD_kgP7KCQKz7V__trH52j4ysprouItlCaUzaXmMw',1692178913),(293,337,'aOldxJaZRTNN-S20DVczu-7xdIAxj2pG','d_hCnbXbTkmCpFS1tL2Gte:APA91bEcs6oRENwA5PwOuAp73fKd8AgVVM5qjtyhIyq67-BPrkXCJnkq6wZ_J7y1dVe-o-u41HuND6Ri0OGJYhfSz_MakA9grM9iD_kgP7KCQKz7V__trH52j4ysprouItlCaUzaXmMw',1692179094),(294,337,'T0BWXn42sUBaJ1XO8z0QQXdZvK_qssoQ','d_hCnbXbTkmCpFS1tL2Gte:APA91bEcs6oRENwA5PwOuAp73fKd8AgVVM5qjtyhIyq67-BPrkXCJnkq6wZ_J7y1dVe-o-u41HuND6Ri0OGJYhfSz_MakA9grM9iD_kgP7KCQKz7V__trH52j4ysprouItlCaUzaXmMw',1692179096),(295,337,'K763ALxs53OreBPvq4eLaNSTm7FiE2C_','d_hCnbXbTkmCpFS1tL2Gte:APA91bEcs6oRENwA5PwOuAp73fKd8AgVVM5qjtyhIyq67-BPrkXCJnkq6wZ_J7y1dVe-o-u41HuND6Ri0OGJYhfSz_MakA9grM9iD_kgP7KCQKz7V__trH52j4ysprouItlCaUzaXmMw',1692179098),(296,361,'K_Fu8YkQPZ6fzAN6OD7obPzIp5WK0kpC','cN9gjah3RgG12XX0IesxDv:APA91bECr72KZytV-tKildZN65JWCMyuENGuT_QJ2tmI9fpUhk6wZv18rtuUzoCBn26YJ5TUD7AOTXfgkaEmIzWWVEpz6WiuWi5u7qxv_-UwPXNDNtCLCEy0R9ugfhK7BN6-PsFer6AO',1692179243),(297,356,'nYBkf-B2KGrTLg5ty8S6DVvjfjYM75HG','cYU7zHmVTeyJvlNqjVSewC:APA91bFN6cRGF_omYWhH-VHDs8SWOmOL-i_KZLoAiVBVKr4cZKHYqlkD8QUF0Nl1PHmqyAZjjARB5AT1m9mqZu4hwfSuiffuJ_wPG9Bk9aFYxweQL_JIubcXDNwVcZ0xyRLpXfbr85F3',1692269609),(298,247,'y44NgCkSqpmO2Z-1SbCieS9XQnR3vzkB','e-2eRN3rRbmI-Fx5uoXTg6:APA91bGYqV0046JCkjvqvtz513wTtb9MONFjYP5yXy1H2tvPRvCYfUzQCLfuCiNzBWv746JYSiecC_Ke1lmsUfOUPYO6EuZo3qX__PYcak5Y3DFVHSl_EpO7n5Z5pSsqRfmQiM6OhQNK',1692418679),(299,283,'rCHXHjdGD3PKv7vqWmexet805AodKyNp','fooPlxvESi2-_V-IiUd-QR:APA91bFrP7heT97CiVHyd-7MFOriXhbIGuJdzmWvWdVpzwSgogGpdufg3AyPYEcRR3cu7RytXubnw53--wlfkW8jVD4Xq2wb2-Cl4W6u0hY8XAlg9I4QFjCnyiWlUBQ1D8h1XSjGSV_B',1692420385),(300,294,'jDt7IBVcOeO_I1Dsg2f5Er3am-3n2Q_5','fooPlxvESi2-_V-IiUd-QR:APA91bFrP7heT97CiVHyd-7MFOriXhbIGuJdzmWvWdVpzwSgogGpdufg3AyPYEcRR3cu7RytXubnw53--wlfkW8jVD4Xq2wb2-Cl4W6u0hY8XAlg9I4QFjCnyiWlUBQ1D8h1XSjGSV_B',1692420602),(302,307,'1dbh_mccgN0Tak2B30kyvipAwrz7KW9m','fooPlxvESi2-_V-IiUd-QR:APA91bFrP7heT97CiVHyd-7MFOriXhbIGuJdzmWvWdVpzwSgogGpdufg3AyPYEcRR3cu7RytXubnw53--wlfkW8jVD4Xq2wb2-Cl4W6u0hY8XAlg9I4QFjCnyiWlUBQ1D8h1XSjGSV_B',1692420783),(303,315,'wOu6BKd-S3hMoBm9DgdF7Tc4uS7fcPBO','d_hCnbXbTkmCpFS1tL2Gte:APA91bEcs6oRENwA5PwOuAp73fKd8AgVVM5qjtyhIyq67-BPrkXCJnkq6wZ_J7y1dVe-o-u41HuND6Ri0OGJYhfSz_MakA9grM9iD_kgP7KCQKz7V__trH52j4ysprouItlCaUzaXmMw',1692421407),(304,356,'V_1789TilzKGpQaunjUiM1i3iMTv3Xu2','cYU7zHmVTeyJvlNqjVSewC:APA91bFN6cRGF_omYWhH-VHDs8SWOmOL-i_KZLoAiVBVKr4cZKHYqlkD8QUF0Nl1PHmqyAZjjARB5AT1m9mqZu4hwfSuiffuJ_wPG9Bk9aFYxweQL_JIubcXDNwVcZ0xyRLpXfbr85F3',1692423261),(305,356,'sy1pZdTw2mMwhuC-TqDo8_uZXo3bp9CN','cYU7zHmVTeyJvlNqjVSewC:APA91bFN6cRGF_omYWhH-VHDs8SWOmOL-i_KZLoAiVBVKr4cZKHYqlkD8QUF0Nl1PHmqyAZjjARB5AT1m9mqZu4hwfSuiffuJ_wPG9Bk9aFYxweQL_JIubcXDNwVcZ0xyRLpXfbr85F3',1692628813),(306,307,'A3jEYb1JiERCTyTRLMqYNCOh8B7YFCFt','fooPlxvESi2-_V-IiUd-QR:APA91bFrP7heT97CiVHyd-7MFOriXhbIGuJdzmWvWdVpzwSgogGpdufg3AyPYEcRR3cu7RytXubnw53--wlfkW8jVD4Xq2wb2-Cl4W6u0hY8XAlg9I4QFjCnyiWlUBQ1D8h1XSjGSV_B',1692678778),(307,315,'JSB-ZCYyCmdd4YjoNaMNxyIyPczxPPRv','eu5mfCTPQ6OmLQv39PmMTj:APA91bF4KD31NGV-SVLYEzO79ZZA8lU509d-vdJm-MW8nOoIhGRj_mCxyo-J-t28XXqVKETPAvFiZYXrCY6aVXL_SS_bsaEPBNyD610zXe6t9ZppKfDyRajaX5PbqqrwI41xeF8yRS-s',1692697135),(308,315,'pXHwuanHAgVVCi8qffHnXMdifTjI0-yp',NULL,1692697370),(310,356,'uJmAV3DplHPgCLIBUtPlBvRidPu4IvlM','cYU7zHmVTeyJvlNqjVSewC:APA91bFN6cRGF_omYWhH-VHDs8SWOmOL-i_KZLoAiVBVKr4cZKHYqlkD8QUF0Nl1PHmqyAZjjARB5AT1m9mqZu4hwfSuiffuJ_wPG9Bk9aFYxweQL_JIubcXDNwVcZ0xyRLpXfbr85F3',1692767163),(311,307,'DMkXjYqHuLxL4ybV-E59WHUxPrnNgBtA','fooPlxvESi2-_V-IiUd-QR:APA91bFrP7heT97CiVHyd-7MFOriXhbIGuJdzmWvWdVpzwSgogGpdufg3AyPYEcRR3cu7RytXubnw53--wlfkW8jVD4Xq2wb2-Cl4W6u0hY8XAlg9I4QFjCnyiWlUBQ1D8h1XSjGSV_B',1692771959),(312,315,'ENSstPq4OgLdY5Q96MHY3iCPBHKrre0l','e3AlfD5hS06Az4SVdBaegI:APA91bFsociCkyg_-5YPncTSiAmWxl42eREYcqBBPAXDR_mcO2NAEZjvbsIPdwdRLmUlRdEGliEyGcu6gyiruCOeoDhcn4wNTBGWr68uVLhvX7eYYOS1BBFWpOSrCgVNHudPF0uujak5',1692780368),(313,315,'kv6nNgTadTx_uBgkoO5b3ZreL5vS2vpZ','eym2DeFrQFiiiwrVIzPLUN:APA91bGUGCEPucJ6OFLt8D3hxL1_sr8fSr3AHd-53Ou6xJM93z7QlGUBPOKuZXI8IhMTPO1ta3y7XRed-iZdmmDai9KxGSYwFXzBUjsdCpMcW3TyrW7C8KzLBqJHOsoKVj-JC0GDAo8M',1692848578),(314,315,'EM2FYcyzS_Mkl-3w9fBKquX7cXszgmzI',NULL,1692848937),(315,315,'xRTIBlRxe9BltKvgrDuzd7zDOWI0_5-G','fGW8BQ2KQPeoMjqubXkkST:APA91bFpMkmUibaT-Jz7dC-8-CvP4oqWUaCixFGzxbX5RlHFamcm1Owh5D9vbDh0LxlWmq_p-Wze9uCXjwWKDt8UgTVXcSQrZFimvLn52Lx8pX6NxHkueJdunTY7h-YD6YBGm1pe-tKL',1692852856),(316,356,'ErzfroCGsZXDVxof5OGUpBpYVSLj8CrO','cYU7zHmVTeyJvlNqjVSewC:APA91bFN6cRGF_omYWhH-VHDs8SWOmOL-i_KZLoAiVBVKr4cZKHYqlkD8QUF0Nl1PHmqyAZjjARB5AT1m9mqZu4hwfSuiffuJ_wPG9Bk9aFYxweQL_JIubcXDNwVcZ0xyRLpXfbr85F3',1692854241),(317,307,'Beqirv1xSEycDjld9LxUHN1ZjAKEVbGw','fooPlxvESi2-_V-IiUd-QR:APA91bFrP7heT97CiVHyd-7MFOriXhbIGuJdzmWvWdVpzwSgogGpdufg3AyPYEcRR3cu7RytXubnw53--wlfkW8jVD4Xq2wb2-Cl4W6u0hY8XAlg9I4QFjCnyiWlUBQ1D8h1XSjGSV_B',1692866794),(318,356,'1qyiMHImwGJkkosIAdcRcNqvfSBVi6Jg','cYU7zHmVTeyJvlNqjVSewC:APA91bFN6cRGF_omYWhH-VHDs8SWOmOL-i_KZLoAiVBVKr4cZKHYqlkD8QUF0Nl1PHmqyAZjjARB5AT1m9mqZu4hwfSuiffuJ_wPG9Bk9aFYxweQL_JIubcXDNwVcZ0xyRLpXfbr85F3',1692951268),(319,307,'ocQMrFnc6uQ7txihRwxPq7kXz2P1yEpx','fooPlxvESi2-_V-IiUd-QR:APA91bFrP7heT97CiVHyd-7MFOriXhbIGuJdzmWvWdVpzwSgogGpdufg3AyPYEcRR3cu7RytXubnw53--wlfkW8jVD4Xq2wb2-Cl4W6u0hY8XAlg9I4QFjCnyiWlUBQ1D8h1XSjGSV_B',1692967844),(320,356,'2PZ0EaUf8BpSbFfuDW0fp8I56RFFgcfP','cYU7zHmVTeyJvlNqjVSewC:APA91bFN6cRGF_omYWhH-VHDs8SWOmOL-i_KZLoAiVBVKr4cZKHYqlkD8QUF0Nl1PHmqyAZjjARB5AT1m9mqZu4hwfSuiffuJ_wPG9Bk9aFYxweQL_JIubcXDNwVcZ0xyRLpXfbr85F3',1693052175),(321,356,'fEE8tP3wu9xIn-MIMJfD4yyzlNCbvyXL','cYU7zHmVTeyJvlNqjVSewC:APA91bFN6cRGF_omYWhH-VHDs8SWOmOL-i_KZLoAiVBVKr4cZKHYqlkD8QUF0Nl1PHmqyAZjjARB5AT1m9mqZu4hwfSuiffuJ_wPG9Bk9aFYxweQL_JIubcXDNwVcZ0xyRLpXfbr85F3',1693144500),(322,307,'g2O6nR7QNeiisumXkin2D0H35RyvseXQ','fooPlxvESi2-_V-IiUd-QR:APA91bFrP7heT97CiVHyd-7MFOriXhbIGuJdzmWvWdVpzwSgogGpdufg3AyPYEcRR3cu7RytXubnw53--wlfkW8jVD4Xq2wb2-Cl4W6u0hY8XAlg9I4QFjCnyiWlUBQ1D8h1XSjGSV_B',1693288872),(323,315,'8Vf246RY4a-MS0NSB7i2k1pbjY7MZsoF',NULL,1693315391),(324,315,'hdKa5g7xX7E3vO2SOhshu-ENhY7eO0Kx',NULL,1693374102),(325,307,'ShqjlFqdPItbeBm6-3465Mn2yDZ7LPoS','fooPlxvESi2-_V-IiUd-QR:APA91bFrP7heT97CiVHyd-7MFOriXhbIGuJdzmWvWdVpzwSgogGpdufg3AyPYEcRR3cu7RytXubnw53--wlfkW8jVD4Xq2wb2-Cl4W6u0hY8XAlg9I4QFjCnyiWlUBQ1D8h1XSjGSV_B',1693376721),(326,356,'C1f7kdseT6CGYxwhce0jbHbAt4rfJ2Ql','cYU7zHmVTeyJvlNqjVSewC:APA91bFN6cRGF_omYWhH-VHDs8SWOmOL-i_KZLoAiVBVKr4cZKHYqlkD8QUF0Nl1PHmqyAZjjARB5AT1m9mqZu4hwfSuiffuJ_wPG9Bk9aFYxweQL_JIubcXDNwVcZ0xyRLpXfbr85F3',1693401215),(327,309,'yfG89z9Qn3wL-hPpr2LtCl143WTJFXZ1','cWV8lsdHTc6XWLjeglG7Fx:APA91bEKALVq0AHtRb-6qGI4SPk4NL2MS26r6XAikCqtSuVTq1Z3bq6l_YkSByCBlWzaGYGZQBjh46YPCXSZboxx700is92hDQRwpgK1UAdNrMVh_YMnwvo0nKAN0q5kkWSyi8nehUFT',1693408179),(328,307,'3tPOh84FHJx7jM28YgQrT7HxukTs1FZb','fooPlxvESi2-_V-IiUd-QR:APA91bFrP7heT97CiVHyd-7MFOriXhbIGuJdzmWvWdVpzwSgogGpdufg3AyPYEcRR3cu7RytXubnw53--wlfkW8jVD4Xq2wb2-Cl4W6u0hY8XAlg9I4QFjCnyiWlUBQ1D8h1XSjGSV_B',1693468286),(329,307,'-Z4ZeUMVGOtJQWC1W27kWJm0t6ARA9aQ','fooPlxvESi2-_V-IiUd-QR:APA91bFrP7heT97CiVHyd-7MFOriXhbIGuJdzmWvWdVpzwSgogGpdufg3AyPYEcRR3cu7RytXubnw53--wlfkW8jVD4Xq2wb2-Cl4W6u0hY8XAlg9I4QFjCnyiWlUBQ1D8h1XSjGSV_B',1693560319),(330,315,'J9tLlThuYrjgQU1lN4GKXsc478ZKqkaq','egjkmgB5QYmBOaJTsN9jDW:APA91bFAs1eqrxdfjnPevfuTiUirbLM24ll-qeV37s4RJ1C_yCGqSENN_LSib0ZMwTS75CwzEGxJp0CfMdhttd8gPn9WcsmKQGZNEnU18LsSAuGHgRXoFdTqlNSXfBwKC1bgKyKhdzmP',1693566441),(331,315,'14NVyZc5rWuf738VMHyuZv-L_vvefi7e','egjkmgB5QYmBOaJTsN9jDW:APA91bFAs1eqrxdfjnPevfuTiUirbLM24ll-qeV37s4RJ1C_yCGqSENN_LSib0ZMwTS75CwzEGxJp0CfMdhttd8gPn9WcsmKQGZNEnU18LsSAuGHgRXoFdTqlNSXfBwKC1bgKyKhdzmP',1693566504),(332,307,'omW9TnXq4VPTE-lKIPUk2jv45_P91o-r','fooPlxvESi2-_V-IiUd-QR:APA91bFrP7heT97CiVHyd-7MFOriXhbIGuJdzmWvWdVpzwSgogGpdufg3AyPYEcRR3cu7RytXubnw53--wlfkW8jVD4Xq2wb2-Cl4W6u0hY8XAlg9I4QFjCnyiWlUBQ1D8h1XSjGSV_B',1693638968),(333,356,'FhY5_w4yCqi4hSq4NoXbsKZKgi3d80oe','cYU7zHmVTeyJvlNqjVSewC:APA91bFN6cRGF_omYWhH-VHDs8SWOmOL-i_KZLoAiVBVKr4cZKHYqlkD8QUF0Nl1PHmqyAZjjARB5AT1m9mqZu4hwfSuiffuJ_wPG9Bk9aFYxweQL_JIubcXDNwVcZ0xyRLpXfbr85F3',1693657724),(334,307,'jcTAOlPnVNpyubtso8YLkuo0BWLeAAu9','fooPlxvESi2-_V-IiUd-QR:APA91bFrP7heT97CiVHyd-7MFOriXhbIGuJdzmWvWdVpzwSgogGpdufg3AyPYEcRR3cu7RytXubnw53--wlfkW8jVD4Xq2wb2-Cl4W6u0hY8XAlg9I4QFjCnyiWlUBQ1D8h1XSjGSV_B',1693730310),(335,328,'Tp3Ns6HfTCXSF1zTLjkY_oHzNIAY_zzo','cWV8lsdHTc6XWLjeglG7Fx:APA91bEKALVq0AHtRb-6qGI4SPk4NL2MS26r6XAikCqtSuVTq1Z3bq6l_YkSByCBlWzaGYGZQBjh46YPCXSZboxx700is92hDQRwpgK1UAdNrMVh_YMnwvo0nKAN0q5kkWSyi8nehUFT',1693738615),(336,309,'7lHveTyP-1NidZuJAsX2OEfTOXyrzrWY','cWV8lsdHTc6XWLjeglG7Fx:APA91bEKALVq0AHtRb-6qGI4SPk4NL2MS26r6XAikCqtSuVTq1Z3bq6l_YkSByCBlWzaGYGZQBjh46YPCXSZboxx700is92hDQRwpgK1UAdNrMVh_YMnwvo0nKAN0q5kkWSyi8nehUFT',1693738735),(337,317,'UIi0xLBtxLzOeN6nXcqoGf0w1qw9O9EK','cWV8lsdHTc6XWLjeglG7Fx:APA91bEKALVq0AHtRb-6qGI4SPk4NL2MS26r6XAikCqtSuVTq1Z3bq6l_YkSByCBlWzaGYGZQBjh46YPCXSZboxx700is92hDQRwpgK1UAdNrMVh_YMnwvo0nKAN0q5kkWSyi8nehUFT',1693738975),(338,356,'DsrvI3lENF5Rn4jQR4OIYMJhyk9ATPOQ','cYU7zHmVTeyJvlNqjVSewC:APA91bFN6cRGF_omYWhH-VHDs8SWOmOL-i_KZLoAiVBVKr4cZKHYqlkD8QUF0Nl1PHmqyAZjjARB5AT1m9mqZu4hwfSuiffuJ_wPG9Bk9aFYxweQL_JIubcXDNwVcZ0xyRLpXfbr85F3',1693744235),(339,356,'RGQKPFeP_otq38QRZVOzHpxWeJPOaEWA','cYU7zHmVTeyJvlNqjVSewC:APA91bFN6cRGF_omYWhH-VHDs8SWOmOL-i_KZLoAiVBVKr4cZKHYqlkD8QUF0Nl1PHmqyAZjjARB5AT1m9mqZu4hwfSuiffuJ_wPG9Bk9aFYxweQL_JIubcXDNwVcZ0xyRLpXfbr85F3',1693875566),(340,307,'0iqs9g4opnBitwzMS_seOY21blqGlLD_','fooPlxvESi2-_V-IiUd-QR:APA91bFrP7heT97CiVHyd-7MFOriXhbIGuJdzmWvWdVpzwSgogGpdufg3AyPYEcRR3cu7RytXubnw53--wlfkW8jVD4Xq2wb2-Cl4W6u0hY8XAlg9I4QFjCnyiWlUBQ1D8h1XSjGSV_B',1693891901),(341,317,'MqFLggnMudIyJCBEMcpJarkt-N_2HVYn','cWV8lsdHTc6XWLjeglG7Fx:APA91bEKALVq0AHtRb-6qGI4SPk4NL2MS26r6XAikCqtSuVTq1Z3bq6l_YkSByCBlWzaGYGZQBjh46YPCXSZboxx700is92hDQRwpgK1UAdNrMVh_YMnwvo0nKAN0q5kkWSyi8nehUFT',1693893829),(342,307,'9Ryhz5bL41VdM_hEvsd5pu36onklRKR_','fooPlxvESi2-_V-IiUd-QR:APA91bFrP7heT97CiVHyd-7MFOriXhbIGuJdzmWvWdVpzwSgogGpdufg3AyPYEcRR3cu7RytXubnw53--wlfkW8jVD4Xq2wb2-Cl4W6u0hY8XAlg9I4QFjCnyiWlUBQ1D8h1XSjGSV_B',1693914400),(343,307,'7dK5yLPx_dyk7SZd8lHZpy73dmgMsRCS','fooPlxvESi2-_V-IiUd-QR:APA91bFrP7heT97CiVHyd-7MFOriXhbIGuJdzmWvWdVpzwSgogGpdufg3AyPYEcRR3cu7RytXubnw53--wlfkW8jVD4Xq2wb2-Cl4W6u0hY8XAlg9I4QFjCnyiWlUBQ1D8h1XSjGSV_B',1693918637),(344,356,'x9LavPOCHRfbpOj12mXZT8kSpiL17gs3','cYU7zHmVTeyJvlNqjVSewC:APA91bFN6cRGF_omYWhH-VHDs8SWOmOL-i_KZLoAiVBVKr4cZKHYqlkD8QUF0Nl1PHmqyAZjjARB5AT1m9mqZu4hwfSuiffuJ_wPG9Bk9aFYxweQL_JIubcXDNwVcZ0xyRLpXfbr85F3',1693984293),(345,315,'iBrghKYscU14L_APCkfk9RuE8A30OfsL','ccl1M6TNQQW0jJhv3CcTaf:APA91bG-3wOGvof4bWo2JWj37WGHektL0RuJMMFZbdRPQBLougBEPMs27ipIMXwZIu0LQf5qgv5Fjnbykt0sWDozIjKlHEt2TtwrMsE8KSAYVQDfKmM0d57PvjTft9v59vFfH1xMrMqt',1693989648),(346,315,'b_0YqvS3THg4AOuTWrNSpCEjbnTjMB6t','eEqMDnKyQ_6fMEyRQ5ghLT:APA91bGEKgO6bopnLgh_Ddx7HRzcssVlMAU08t0of03IxwdLdyi4R0SBQ1Ib2Yt76EQQKFeilw0asQJE9-pR4xjeRRqjkAk1FjxbEEUYRA4XW7oJToHjZcIQF2_NqwPDmg7NflUMxu-n',1693990083),(347,317,'yj6E0QXwm7ttSVsDzprrCC4ZiIWmNtqN','cWV8lsdHTc6XWLjeglG7Fx:APA91bEKALVq0AHtRb-6qGI4SPk4NL2MS26r6XAikCqtSuVTq1Z3bq6l_YkSByCBlWzaGYGZQBjh46YPCXSZboxx700is92hDQRwpgK1UAdNrMVh_YMnwvo0nKAN0q5kkWSyi8nehUFT',1694000927),(348,307,'qAGstXWve9L5LEToQxyTb34ZywMDVQGZ','fooPlxvESi2-_V-IiUd-QR:APA91bFrP7heT97CiVHyd-7MFOriXhbIGuJdzmWvWdVpzwSgogGpdufg3AyPYEcRR3cu7RytXubnw53--wlfkW8jVD4Xq2wb2-Cl4W6u0hY8XAlg9I4QFjCnyiWlUBQ1D8h1XSjGSV_B',1694005550),(349,307,'LmvZx2MtCKw8Nu7YP5kgDTi7au-GaOFi','fooPlxvESi2-_V-IiUd-QR:APA91bFrP7heT97CiVHyd-7MFOriXhbIGuJdzmWvWdVpzwSgogGpdufg3AyPYEcRR3cu7RytXubnw53--wlfkW8jVD4Xq2wb2-Cl4W6u0hY8XAlg9I4QFjCnyiWlUBQ1D8h1XSjGSV_B',1694143568),(350,307,'TclDVHk_cFD2LikClUGXJoOBrHeX4qk9','fooPlxvESi2-_V-IiUd-QR:APA91bFrP7heT97CiVHyd-7MFOriXhbIGuJdzmWvWdVpzwSgogGpdufg3AyPYEcRR3cu7RytXubnw53--wlfkW8jVD4Xq2wb2-Cl4W6u0hY8XAlg9I4QFjCnyiWlUBQ1D8h1XSjGSV_B',1694234246),(351,356,'SsPsJLrqowB8Gk5Ufiazp9vEP4LEOgnY','cYU7zHmVTeyJvlNqjVSewC:APA91bFN6cRGF_omYWhH-VHDs8SWOmOL-i_KZLoAiVBVKr4cZKHYqlkD8QUF0Nl1PHmqyAZjjARB5AT1m9mqZu4hwfSuiffuJ_wPG9Bk9aFYxweQL_JIubcXDNwVcZ0xyRLpXfbr85F3',1694249072),(352,317,'SdkZPOFBsmYQjKj5PlLuS1W5GgL4TQLD','cWV8lsdHTc6XWLjeglG7Fx:APA91bEKALVq0AHtRb-6qGI4SPk4NL2MS26r6XAikCqtSuVTq1Z3bq6l_YkSByCBlWzaGYGZQBjh46YPCXSZboxx700is92hDQRwpgK1UAdNrMVh_YMnwvo0nKAN0q5kkWSyi8nehUFT',1694249763),(353,356,'K_G_KitNY5r6yKeVw8YcwKjRkPYYZ6ts','fwQRsYqTRlqPREmf6O9ETF:APA91bG22ycjel58hjiuRiW5GG5OHVFaI2EUSSjFwZoMfLEG9rKZPbj84ldhHUSbFpayzlsJo-TaxxZSP2mcXMZXmdhG2V-zcyipyXkDQLnbm9GhTIEJXmcSbyUzRKeQhHZpPEvuE4LN',1694341393),(355,307,'s65VkDOtbUiOHSLufHU5Nq19esl5l2xh','cVBn4ow7SCmcacZfP2zs7k:APA91bFiD6sqayRsRxBExxz-d5kcVxhSmvfBF-6m57EidCG3ZHq80zEBCxm2IrTREsAVFlBe7QjYks06LyDNHp82K3dB9Tis5ip3qyr8jxMtrr6JAGLGqsXissT1260qJqOQibmu65H6',1694488972),(356,317,'SR6fSDKNMWcTvKfmcwo3msn7V73PZJK5','cWV8lsdHTc6XWLjeglG7Fx:APA91bEKALVq0AHtRb-6qGI4SPk4NL2MS26r6XAikCqtSuVTq1Z3bq6l_YkSByCBlWzaGYGZQBjh46YPCXSZboxx700is92hDQRwpgK1UAdNrMVh_YMnwvo0nKAN0q5kkWSyi8nehUFT',1694489551),(361,357,'ROKfdbcQAdld2hiWvkdFFs65grz727B0','cYU7zHmVTeyJvlNqjVSewC:APA91bFN6cRGF_omYWhH-VHDs8SWOmOL-i_KZLoAiVBVKr4cZKHYqlkD8QUF0Nl1PHmqyAZjjARB5AT1m9mqZu4hwfSuiffuJ_wPG9Bk9aFYxweQL_JIubcXDNwVcZ0xyRLpXfbr85F3',1694502373),(362,315,'Tg34bKaEC218FfLdriBG0QmU39WVhesX','c1Xe20XJR4evS0uPGfxAEl:APA91bG6utgoAG_xBVSy2r2XvV1n4jiPqA5xqB7kXyDXDxiHofuCRQhele9YZAfDmSs78m8CgdKPaBT2TsD7yX61u7zD7CxxmmjtnnaJxy-fDNwWukIxxbaENZidTDRZZeFwqKyObb_h',1694514875),(363,315,'w8Q08hzeFyA-pvJETWCyx54TYI9dIEXo','e_l7VEctQxiPICfy2O2Cnw:APA91bGM6JI8jbhKiQRqqNUgaED3x4GkNwIqneFo_6-4jkrKJm-qQzd5S-LDD1JX8anvhIi0s591jiMm2T6hon45h-i7vmIG6MX9vMpUMyn2OsC6amZr9GjutHRvAiebTmoWCbKeIgzU',1694523169),(364,1,'Ud2GsE8OunucQLsOv2xQbBn48HeEbZyZ',NULL,1694530430),(365,363,'-IFq_DWcveaLD-fxJp5Wm6piKruqwiD5',NULL,1694530648),(366,230,'pTIMSSuh2hEuorc4QL3bd_LCuTaDzXsn','cFl1fUd1STmBIo6LvJEyU9:APA91bHMOqg-TCzgwvIeoTor9l1hNtdlvzGrW343PHP2_vSUSQ7Is2_5OUCAFn87aHBds14okBo9gFqFnR51uqbT_ns3sv7ngFYaMBLwfoTcrLTsTdLljSVgQOC2nvYuABC7dmcvepS4',1694588412),(370,356,'eHgS4e6enNkmFZcmxTNXuOkGoit6d6EJ','cYU7zHmVTeyJvlNqjVSewC:APA91bFN6cRGF_omYWhH-VHDs8SWOmOL-i_KZLoAiVBVKr4cZKHYqlkD8QUF0Nl1PHmqyAZjjARB5AT1m9mqZu4hwfSuiffuJ_wPG9Bk9aFYxweQL_JIubcXDNwVcZ0xyRLpXfbr85F3',1694598956),(371,307,'qVGqhkLPYwTRZUV7wapQz9W1b1I7UikF','cVBn4ow7SCmcacZfP2zs7k:APA91bFiD6sqayRsRxBExxz-d5kcVxhSmvfBF-6m57EidCG3ZHq80zEBCxm2IrTREsAVFlBe7QjYks06LyDNHp82K3dB9Tis5ip3qyr8jxMtrr6JAGLGqsXissT1260qJqOQibmu65H6',1694599992),(372,317,'ZTbDA9FxZuQDrzZOLRTIj4isfBXa-eTS','cWV8lsdHTc6XWLjeglG7Fx:APA91bEKALVq0AHtRb-6qGI4SPk4NL2MS26r6XAikCqtSuVTq1Z3bq6l_YkSByCBlWzaGYGZQBjh46YPCXSZboxx700is92hDQRwpgK1UAdNrMVh_YMnwvo0nKAN0q5kkWSyi8nehUFT',1694600266),(373,307,'xeupAnlURnM-M9j0N5fswTAggg1CIOMv','cVBn4ow7SCmcacZfP2zs7k:APA91bFiD6sqayRsRxBExxz-d5kcVxhSmvfBF-6m57EidCG3ZHq80zEBCxm2IrTREsAVFlBe7QjYks06LyDNHp82K3dB9Tis5ip3qyr8jxMtrr6JAGLGqsXissT1260qJqOQibmu65H6',1694605983),(374,356,'YK90N1OoI_hAjqdjApWpA6d11CjtB76R','cYU7zHmVTeyJvlNqjVSewC:APA91bFN6cRGF_omYWhH-VHDs8SWOmOL-i_KZLoAiVBVKr4cZKHYqlkD8QUF0Nl1PHmqyAZjjARB5AT1m9mqZu4hwfSuiffuJ_wPG9Bk9aFYxweQL_JIubcXDNwVcZ0xyRLpXfbr85F3',1694692163),(375,307,'0X4F0a8ZDjkbOOquJMaIFhRJUOTBRtoh','cVBn4ow7SCmcacZfP2zs7k:APA91bFiD6sqayRsRxBExxz-d5kcVxhSmvfBF-6m57EidCG3ZHq80zEBCxm2IrTREsAVFlBe7QjYks06LyDNHp82K3dB9Tis5ip3qyr8jxMtrr6JAGLGqsXissT1260qJqOQibmu65H6',1694747817),(376,307,'S_As451KtIGv77P1NXaxHL1ywq8wu-X7','cVBn4ow7SCmcacZfP2zs7k:APA91bFiD6sqayRsRxBExxz-d5kcVxhSmvfBF-6m57EidCG3ZHq80zEBCxm2IrTREsAVFlBe7QjYks06LyDNHp82K3dB9Tis5ip3qyr8jxMtrr6JAGLGqsXissT1260qJqOQibmu65H6',1694761337),(377,315,'IDZxOcilAJy9GDxQEyEhoov_lMDM5O2h','e45JY-pAQOe625wk_AK0t6:APA91bEFtKke0eIK6gszO_970uCsORN-aPGajqljw_v6pLWCIAcjktvbQdQzrrnmn0emdacaFJEXla6Ds8qDFubVKg7AU9hglhXn-YkIXdHqMwMSTDjLT5EIFviCwbp12hAQg5x6hFTs',1694770199),(378,230,'vwsQiy7ORrKc-H7PUkdVHC_XRpMuQAvW','crYNWbpaTSWLHXLeTtORty:APA91bEjqrRyDCLieH7nXKWSvPm0jF2LaFAUUHMc9dI2Dhdwza1_OEYVtIgQsUdMk6K0E9iBLWxleFlvHXnwSFiQTOMc9fDWOekP-0cePlNM7u0-ReWpV6fu96DQed1COcw6icj3Z-ZD',1694771098),(379,315,'sFYf2p_SaYS5nJ-bdUt2IztPun40sWv2','crYNWbpaTSWLHXLeTtORty:APA91bEjqrRyDCLieH7nXKWSvPm0jF2LaFAUUHMc9dI2Dhdwza1_OEYVtIgQsUdMk6K0E9iBLWxleFlvHXnwSFiQTOMc9fDWOekP-0cePlNM7u0-ReWpV6fu96DQed1COcw6icj3Z-ZD',1694771558);
/*!40000 ALTER TABLE `auth_tokens` ENABLE KEYS */;
UNLOCK TABLES;

--
-- Table structure for table `b2b_ads`
--

DROP TABLE IF EXISTS `b2b_ads`;
/*!40101 SET @saved_cs_client     = @@character_set_client */;
/*!40101 SET character_set_client = utf8 */;
CREATE TABLE `b2b_ads` (
  `id` int(11) NOT NULL AUTO_INCREMENT,
  `company_id` int(11) NOT NULL,
  `chart_id` int(11) NOT NULL,
  `wallet_id` int(11) NOT NULL,
  `type` int(11) NOT NULL,
  `min_limit` decimal(27,8) NOT NULL,
  `amount` decimal(27,8) NOT NULL,
  `course` decimal(27,8) NOT NULL,
  `date` int(11) NOT NULL,
  `status` int(11) NOT NULL DEFAULT 0,
  `duration` int(11) DEFAULT NULL,
  `start_amount` decimal(27,8) DEFAULT NULL,
  `max_limit` decimal(27,8) DEFAULT NULL,
  `uuid` varchar(20) DEFAULT NULL,
  `currency_id` int(11) DEFAULT NULL,
  PRIMARY KEY (`id`),
  UNIQUE KEY `uuid` (`uuid`)
) ENGINE=InnoDB DEFAULT CHARSET=utf8mb4 COLLATE=utf8mb4_general_ci;
/*!40101 SET character_set_client = @saved_cs_client */;

--
-- Dumping data for table `b2b_ads`
--

LOCK TABLES `b2b_ads` WRITE;
/*!40000 ALTER TABLE `b2b_ads` DISABLE KEYS */;
/*!40000 ALTER TABLE `b2b_ads` ENABLE KEYS */;
UNLOCK TABLES;

--
-- Table structure for table `b2b_history`
--

DROP TABLE IF EXISTS `b2b_history`;
/*!40101 SET @saved_cs_client     = @@character_set_client */;
/*!40101 SET character_set_client = utf8 */;
CREATE TABLE `b2b_history` (
  `id` int(11) NOT NULL AUTO_INCREMENT,
  `b2b_ads_id` int(11) NOT NULL,
  `author_id` int(11) NOT NULL,
  `payment_id` int(11) NOT NULL DEFAULT 0,
  `start_date` int(11) NOT NULL,
  `end_date` int(11) NOT NULL,
  `price` decimal(27,8) NOT NULL,
  `status` int(11) NOT NULL DEFAULT 0,
  `file_path` varchar(255) NOT NULL,
  `creator_id` int(11) NOT NULL,
  `description_id` int(11) DEFAULT 0,
  PRIMARY KEY (`id`)
) ENGINE=InnoDB DEFAULT CHARSET=utf8mb4 COLLATE=utf8mb4_general_ci;
/*!40101 SET character_set_client = @saved_cs_client */;

--
-- Dumping data for table `b2b_history`
--

LOCK TABLES `b2b_history` WRITE;
/*!40000 ALTER TABLE `b2b_history` DISABLE KEYS */;
/*!40000 ALTER TABLE `b2b_history` ENABLE KEYS */;
UNLOCK TABLES;

--
-- Table structure for table `b2b_payment`
--

DROP TABLE IF EXISTS `b2b_payment`;
/*!40101 SET @saved_cs_client     = @@character_set_client */;
/*!40101 SET character_set_client = utf8 */;
CREATE TABLE `b2b_payment` (
  `id` int(11) NOT NULL AUTO_INCREMENT,
  `b2b_ads_id` int(11) NOT NULL,
  `payment_id` int(11) NOT NULL,
  `company_id` int(11) NOT NULL,
  PRIMARY KEY (`id`)
) ENGINE=InnoDB DEFAULT CHARSET=utf8mb4 COLLATE=utf8mb4_general_ci;
/*!40101 SET character_set_client = @saved_cs_client */;

--
-- Dumping data for table `b2b_payment`
--

LOCK TABLES `b2b_payment` WRITE;
/*!40000 ALTER TABLE `b2b_payment` DISABLE KEYS */;
/*!40000 ALTER TABLE `b2b_payment` ENABLE KEYS */;
UNLOCK TABLES;

--
-- Table structure for table `betting`
--

DROP TABLE IF EXISTS `betting`;
/*!40101 SET @saved_cs_client     = @@character_set_client */;
/*!40101 SET character_set_client = utf8 */;
CREATE TABLE `betting` (
  `id` int(11) NOT NULL AUTO_INCREMENT,
  `user_id` int(11) NOT NULL,
  `chart_id` int(11) NOT NULL,
  `wallet_id` int(11) NOT NULL,
  `type` int(11) NOT NULL,
  `amount` decimal(27,8) NOT NULL,
  `start_price` decimal(27,8) NOT NULL,
  `end_price` decimal(27,8) NOT NULL,
  `minutes` int(11) NOT NULL,
  `start_date` int(11) NOT NULL,
  `end_date` int(11) NOT NULL,
  `status` int(11) NOT NULL DEFAULT 0,
  PRIMARY KEY (`id`)
) ENGINE=InnoDB AUTO_INCREMENT=14 DEFAULT CHARSET=utf8mb4 COLLATE=utf8mb4_general_ci;
/*!40101 SET character_set_client = @saved_cs_client */;

--
-- Dumping data for table `betting`
--

LOCK TABLES `betting` WRITE;
/*!40000 ALTER TABLE `betting` DISABLE KEYS */;
INSERT INTO `betting` VALUES (1,1,259,1,1,0.00050000,19894.39000000,20102.05000000,1,1662024730,1662024790,1),(2,1,259,1,0,0.00500000,19907.70000000,20104.84000000,1,1662024821,1662024881,3),(3,1,259,1,0,0.00500000,19977.97000000,20105.16000000,1,1662028691,1662028751,3),(4,1,259,1,0,0.05000000,19977.08000000,20105.27000000,1,1662028769,1662028829,3),(5,1,259,1,1,0.00200000,19991.35000000,20104.23000000,1,1662031408,1662031468,1),(6,1,260,2,0,555.00000000,1592.61000000,1548.03000000,1,1663243142,1663243202,1),(7,1,260,2,1,0.10000000,1547.19000000,1548.03000000,1,1667456745,1667456805,1),(8,1,260,2,0,50000.00000000,1547.43000000,1548.31000000,1,1667457047,1667457107,3),(9,1,260,2,1,30.00000000,1548.24000000,1549.22000000,1,1667457348,1667457408,1),(10,1,260,2,0,10.00000000,1523.41000000,1528.11000000,1,1667479825,1667479885,3),(11,24,260,11,1,5.00000000,1623.95000000,1624.16000000,1,1667722585,1667722645,1),(12,1,260,2,1,10.00000000,1206.44000000,1207.31000000,1,1668628021,1668628081,1),(13,1,258,6,0,1.00000000,23491.20000000,23503.01000000,1,1677605507,1677605567,3);
/*!40000 ALTER TABLE `betting` ENABLE KEYS */;
UNLOCK TABLES;

--
-- Table structure for table `chain`
--

DROP TABLE IF EXISTS `chain`;
/*!40101 SET @saved_cs_client     = @@character_set_client */;
/*!40101 SET character_set_client = utf8 */;
CREATE TABLE `chain` (
  `id` int(11) NOT NULL AUTO_INCREMENT,
  `active` int(11) NOT NULL DEFAULT 1,
  `name` varchar(255) NOT NULL,
  `cryptomus` int(11) DEFAULT 0,
  PRIMARY KEY (`id`)
) ENGINE=InnoDB AUTO_INCREMENT=117 DEFAULT CHARSET=utf8mb4 COLLATE=utf8mb4_general_ci;
/*!40101 SET character_set_client = @saved_cs_client */;

--
-- Dumping data for table `chain`
--

LOCK TABLES `chain` WRITE;
/*!40000 ALTER TABLE `chain` DISABLE KEYS */;
INSERT INTO `chain` VALUES (1,1,'btc',1),(2,1,'BNB',0),(3,1,'bsc',1),(4,1,'bch',1),(5,1,'lts',1),(6,1,'eth',1),(7,1,'BTG',0),(8,1,'DASH',1),(9,1,'DOGE',1),(10,1,'ETC',0),(11,1,'QTUM',0),(12,1,'tron',1),(13,1,'USDT',0),(14,1,'SOL',0),(15,1,'WAVES',0),(16,1,'XMR',1),(17,1,'XRP',0),(18,1,'XVG',0),(19,1,'ZEC',0),(23,1,'EUR',0),(30,1,'AUD',0),(33,1,'BEAM',0),(38,1,'CELO',0),(49,1,'DGB',0),(53,1,'FIRO',0),(54,1,'GBP',0),(71,1,'KMD',0),(91,1,'RVN',0),(97,1,'SYS',0),(110,1,'XEM',0),(114,1,'ZEN',0),(115,1,'polygon',1),(116,1,'ton',1);
/*!40000 ALTER TABLE `chain` ENABLE KEYS */;
UNLOCK TABLES;

--
-- Table structure for table `chart`
--

DROP TABLE IF EXISTS `chart`;
/*!40101 SET @saved_cs_client     = @@character_set_client */;
/*!40101 SET character_set_client = utf8 */;
CREATE TABLE `chart` (
  `id` int(11) NOT NULL AUTO_INCREMENT,
  `active` int(11) NOT NULL DEFAULT 0,
  `symbol` varchar(255) DEFAULT NULL,
  `name` varchar(255) DEFAULT NULL,
  `yield` int(11) DEFAULT NULL,
  `priority` int(11) DEFAULT NULL,
  `p2p` int(11) NOT NULL,
  `b2b` int(11) NOT NULL,
  `cryptomus` int(11) DEFAULT 0,
  PRIMARY KEY (`id`)
) ENGINE=InnoDB AUTO_INCREMENT=2707 DEFAULT CHARSET=utf8 COLLATE=utf8_general_ci;
/*!40101 SET character_set_client = @saved_cs_client */;

--
-- Dumping data for table `chart`
--

LOCK TABLES `chart` WRITE;
/*!40000 ALTER TABLE `chart` DISABLE KEYS */;
INSERT INTO `chart` VALUES (258,1,'BTC','Bitcoin',60,2,1,1,1),(259,1,'USDT','Tether',0,0,1,1,1),(260,1,'ETH','Ethereum',44,1,1,1,1),(261,1,'BNB','Binance Coin',37,0,0,0,1),(262,1,'XRP','XRP',39,0,0,0,1),(264,1,'ADA','Cardano',21,0,0,0,0),(265,1,'DOGE','Dogecoin',47,0,0,0,1),(266,1,'LTC','Litecoin',84,0,0,0,1),(267,1,'BCH','Bitcoin Cash',32,0,0,0,1),(268,1,'LINK','Chainlink',33,0,0,0,0),(269,1,'XLM','Stellar',34,0,0,0,0),(270,1,'USDC','USD Coin',35,0,1,1,1),(271,1,'THETA','Theta',27,0,0,0,0),(272,1,'TRX','Tron',30,0,0,0,1),(273,1,'XMR','Monero',31,0,0,0,1),(274,1,'NEO','Neo',33,0,0,0,0),(275,1,'EOS','EOS',32,0,0,0,0),(277,1,'MKR','Maker',35,0,0,0,0),(278,1,'XTZ','Tezos',31,0,0,0,0),(279,1,'ICX','ICON',33,0,0,0,0),(280,1,'RIF','RIF',32,0,0,0,0),(281,1,'ZEC','Zcash',31,0,0,0,0),(285,1,'ZIL','ZILLIQA',26,0,0,0,0),(286,1,'ZRX','0X',35,0,0,0,0),(287,1,'IOST','IOST',33,0,0,0,0),(288,1,'ELF','AELF',22,0,0,0,0),(290,1,'DAI','DAI',21,0,0,0,1),(292,1,'NEXO','Nexo',21,0,0,0,0),(293,1,'DCR','Decred',23,0,0,0,0),(296,1,'CVC','CIVIC',31,0,0,0,0),(298,1,'ANT','Aragon',17,0,0,0,0),(299,1,'STX','Blockstack',34,0,0,0,0),(300,1,'DASH','DASH',39,0,0,0,1),(301,1,'LRC','Loopring',31,0,0,0,0),(304,1,'BTG','Bitcoin Gold',29,0,0,0,0),(309,1,'MITH','Mithril',35,0,0,0,0),(310,1,'ONT','Ontology',34,0,0,0,0),(311,1,'OMG','OMG',32,0,0,0,0),(313,1,'REP','Augur',37,0,0,0,0),(314,1,'QTUM','QTUM',38,0,0,0,0),(315,1,'MLN','MLN',33,0,0,0,0),(316,1,'DATA','Streamr DC',31,0,0,0,0),(318,1,'LSK','LISK',36,0,0,0,0),(319,1,'UTK','UTK',49,0,0,0,0),(320,1,'ETC','Ethereum Classic',31,0,0,0,0),(322,1,'BNT','BNT',37,0,0,0,0),(324,1,'WAVES','Waves',34,0,0,0,0),(325,1,'STORJ','Storj',37,0,0,0,0),(326,1,'BAT','Basic Attention',33,0,0,0,0),(327,1,'KNC','KNC',21,0,0,0,0),(332,1,'MANA','Mana',24,0,0,0,0),(336,1,'ENJ','Enjin Coin',23,0,0,0,0),(338,1,'XVG','Verge',31,0,0,0,0),(340,1,'ARDR','Ardor',27,0,0,0,0),(465,1,'EUR','Euro',50,0,0,0,0),(476,1,'1INCH','1INCH Token',50,0,0,0,0),(488,1,'AAVE','Aave Token',50,0,0,0,0),(538,1,'AKRO','Akropolis',50,0,0,0,0),(547,1,'ALPHA','Alpha',50,0,0,0,0),(558,1,'AMP','Amp',50,0,0,0,0),(572,1,'APE','ApeCoin',50,0,0,0,0),(594,1,'ARPA','ARPA Token',50,0,0,0,0),(605,1,'ATOM','ATOMX',50,0,0,0,0),(607,1,'AUD','Australian Dollar',50,0,0,0,0),(619,1,'AXS','Axie Infinity Shard',50,0,0,0,0),(633,1,'BAR','Titanium BAR Token',50,0,0,0,0),(664,1,'BEAM','Beam',50,0,0,0,0),(693,1,'BICO','Biconomy Token',50,0,0,0,0),(720,1,'BLZ','Bluzelle Token',50,0,0,0,0),(733,1,'BNX','BTCNEXT token',50,0,0,0,0),(800,1,'BTT','BitTorrent (BC Chain)',50,0,0,0,0),(801,1,'BTTC','Bittwit Coin',50,0,0,0,0),(810,1,'BUSD','Binance USD (ERC20)',50,0,0,0,1),(875,1,'CELO','Celo',50,0,0,0,0),(877,1,'CELR','CelerNetwork',50,0,0,0,0),(895,1,'CHR','Chromia',50,0,0,0,0),(899,1,'CHZ','chiliZ',50,0,0,0,0),(903,1,'CITY','CITY',50,0,0,0,0),(919,1,'CLV','Clover',50,0,0,0,0),(942,1,'COMP','Compound',50,0,0,0,0),(949,1,'COTI','Coti',50,0,0,0,0),(995,1,'CTK','Cryptyk Tokens',50,0,0,0,0),(997,1,'CTSI','Cartesi Token',50,0,0,0,0),(999,1,'CTXC','Cortex Coin',50,0,0,0,0),(1010,1,'CVP','Concentrated Voting Power',50,0,0,0,0),(1033,1,'DAR','Defraycoin',50,0,0,0,0),(1063,1,'DENT','DENT',50,0,0,0,0),(1067,1,'DGB','DigiByte',50,0,0,0,0),(1074,1,'DIA','DIAToken',50,0,0,0,0),(1093,1,'DNT','Dante Token',50,0,0,0,0),(1095,1,'DOCK','DockToken',50,0,0,0,0),(1102,1,'DOT','Polkadot (BC Chain)',50,0,0,0,0),(1126,1,'DUSK','Dusk Network',50,0,0,0,0),(1130,1,'DYDX','dYdX',50,0,0,0,0),(1194,1,'ENS','Ethereum Name Service',50,0,0,0,0),(1282,1,'FET','Fetch',50,0,0,0,0),(1290,1,'FIRO','Firo',50,0,0,0,0),(1310,1,'FOR','The Force Token',50,0,0,0,0),(1311,1,'FORTH','Ampleforth Governance',50,0,0,0,0),(1325,1,'FTM','Fantom Token (ERC20)',50,0,0,0,0),(1326,1,'FTT','FTX Token',50,0,0,0,0),(1330,1,'FUN','FunFair',50,0,0,0,0),(1347,1,'GALA','Gala',50,0,0,0,0),(1353,1,'GBP','British Pound',50,0,0,0,0),(1424,1,'GRT','Graph Token',50,0,0,0,0),(1430,1,'GTO','Gifto',50,0,0,0,0),(1447,1,'HC','Hotcoin',50,0,0,0,0),(1473,1,'HOT','Hydro Protocol Token',50,0,0,0,0),(1512,1,'IDEX','IDEX Token',50,0,0,0,0),(1558,1,'IOTA','MIOTAC (BSC Chain)',50,0,0,0,0),(1559,1,'IOTX','IoTeX Network',50,0,0,0,0),(1590,1,'JST','JUST GOV v1.0 (Tron/TRC20)',50,0,0,0,0),(1600,1,'KEY','SelfKey',50,0,0,0,0),(1613,1,'KMD','Komodo',50,0,0,0,0),(1660,1,'LEND','EthLend Token',50,0,0,0,0),(1678,1,'LIT','Litentry',50,0,0,0,0),(1691,1,'LPT','Livepeer Token',50,0,0,0,0),(1701,1,'LUNA','Wrapped LUNA Token',50,0,0,0,0),(1713,1,'MATIC','Matic Token (ERC20)',50,0,0,0,1),(1725,1,'MCO','Monaco',50,0,0,0,0),(1743,1,'MFT','Mainframe Token',50,0,0,0,0),(1855,1,'NKN','NKN',50,0,0,0,0),(1860,1,'NMR','Numeraire',50,0,0,0,0),(1874,1,'NPXS','Pundi X Token',50,0,0,0,0),(1891,1,'NULS','Nuls',50,0,0,0,0),(1922,1,'ONE','BigONE Token',50,0,0,0,0),(1923,1,'ONG','onG',50,0,0,0,0),(1938,1,'ORN','Orion Protocol',50,0,0,0,0),(1953,1,'OXT','Orchid',50,0,0,0,0),(1962,1,'PAX','PAX',50,0,0,0,0),(1975,1,'PERL','Perlin',50,0,0,0,0),(2000,1,'PLA','PlayChip',50,0,0,0,0),(2015,1,'PNT','Penta Network Token',50,0,0,0,0),(2019,1,'POLY','Polymath',50,0,0,0,0),(2028,1,'POWR','PowerLedger',50,0,0,0,0),(2052,1,'PUNDIX','Pundi X Token',50,0,0,0,0),(2103,1,'REQ','Request Token',50,0,0,0,0),(2110,1,'RGT','Retail Global Token',50,0,0,0,0),(2138,1,'RVN','Ravencoin',50,0,0,0,0),(2154,1,'SAND','SAND',50,0,0,0,0),(2188,1,'SFP','SafePal Token (BSC Chain)',50,0,0,0,0),(2201,1,'SHIB','SHIBA INU (ERC20)',50,0,0,0,0),(2216,1,'SKL','SKALE',50,0,0,0,0),(2222,1,'SLP','Smooth Love Potion',50,0,0,0,0),(2241,1,'SNX','Synthetix Network Token',50,0,0,0,0),(2243,1,'SOL','Solana',50,0,0,0,0),(2283,1,'STMX','Crypterio Coin',50,0,0,0,0),(2286,1,'STORM','Storm Token',50,0,0,0,0),(2294,1,'SUN','SUNCOIN',50,0,0,0,0),(2298,1,'SUSHI','SushiToken',50,0,0,0,0),(2306,1,'SYS','Syscoin',50,0,0,0,0),(2329,1,'TCT','TokenClub Token',50,0,0,0,0),(2414,1,'TUSD','TrueUSD',50,0,0,0,0),(2422,1,'TWT','TwitCOIN',50,0,0,0,0),(2450,1,'UMA','UMA Voting Token v1',50,0,0,0,0),(2454,1,'UNI','Unica Coin',50,0,0,0,0),(2476,1,'USDS','StableUSD',50,0,0,0,0),(2482,1,'UST','Uservice Token',50,0,0,0,0),(2498,1,'VEN','VeChain Token (ERC20)',50,0,0,0,0),(2506,1,'VGX','Voyager Token',50,0,0,0,0),(2571,1,'WIN','WCOIN',50,0,0,0,0),(2584,1,'WOO','Wootrade Network',50,0,0,0,0),(2595,1,'WTC','Walton Token',50,0,0,0,0),(2619,1,'XEM','NEM',50,0,0,0,0),(2669,1,'YFI','yearn.finance',50,0,0,0,0),(2685,1,'ZEN','Horizen',50,0,0,0,0),(2686,1,'CGPT','CryptmusToken',50,0,0,0,0),(2687,1,'VERSE','verse',50,0,0,0,0);
/*!40000 ALTER TABLE `chart` ENABLE KEYS */;
UNLOCK TABLES;

--
-- Table structure for table `chart_chain`
--

DROP TABLE IF EXISTS `chart_chain`;
/*!40101 SET @saved_cs_client     = @@character_set_client */;
/*!40101 SET character_set_client = utf8 */;
CREATE TABLE `chart_chain` (
  `id` int(11) NOT NULL AUTO_INCREMENT,
  `chart_id` int(11) NOT NULL,
  `chain_id` int(11) NOT NULL,
  `symbol` varchar(255) NOT NULL,
  `cryptomus` int(11) DEFAULT 0,
  PRIMARY KEY (`id`)
) ENGINE=InnoDB AUTO_INCREMENT=2315 DEFAULT CHARSET=utf8mb4 COLLATE=utf8mb4_general_ci;
/*!40101 SET character_set_client = @saved_cs_client */;

--
-- Dumping data for table `chart_chain`
--

LOCK TABLES `chart_chain` WRITE;
/*!40000 ALTER TABLE `chart_chain` DISABLE KEYS */;
INSERT INTO `chart_chain` VALUES (1,258,1,'BTC',0),(2,258,2,'BTC.BEP2',0),(3,258,3,'BTC.BEP20',0),(5,267,4,'BCH',0),(6,267,2,'BCH.BEP2',0),(7,267,3,'BCH.BEP20',0),(8,266,5,'LTC',0),(9,266,2,'LTC.BEP2',0),(10,266,3,'LTC.BEP20',0),(11,264,2,'ADA.BEP2',0),(12,264,3,'ADA.BEP20',0),(13,326,6,'BAT',0),(14,261,2,'BNB',0),(15,261,2,'BNB.BSC',0),(16,261,6,'BNB.ERC20',0),(17,322,6,'BNT',0),(18,304,7,'BTG',0),(19,290,6,'DAI',0),(20,290,3,'DAI.BEP20',0),(21,300,8,'DASH',0),(22,265,9,'DOGE',0),(23,265,2,'DOGE.BEP2',0),(24,265,3,'DOGE.BEP20',0),(25,336,6,'ENJ',0),(26,320,10,'ETC',0),(27,320,3,'ETC.BEP20',0),(28,260,6,'ETH',0),(29,260,2,'ETH.BEP2',0),(30,260,3,'ETH.BEP20',0),(31,287,6,'IOST',0),(32,327,6,'KNC',0),(33,268,6,'LINK',0),(34,268,3,'LINK.BEP20',0),(35,301,6,'LRC',0),(36,266,5,'LTC.Waves',0),(37,332,6,'MANA',0),(38,277,6,'MKR',0),(39,292,6,'NEXO',0),(40,311,6,'OMG',0),(41,314,11,'QTUM',0),(42,313,6,'REP',0),(43,325,6,'STORJ',0),(44,272,12,'TRX',0),(45,272,2,'TRX.BEP2',0),(46,272,3,'TRX.BEP20',0),(47,272,6,'TRX.ERC20',0),(48,270,6,'USDC',0),(49,270,3,'USDC.BEP20',0),(50,270,12,'USDC.TRC20',0),(51,259,13,'USDT',0),(52,259,2,'USDT.BEP2',0),(53,259,3,'USDT.BEP20',0),(54,259,6,'USDT.ERC20',0),(55,259,14,'USDT.SOL',0),(56,259,12,'USDT.TRC20',0),(57,259,13,'USDT.Waves',0),(58,319,6,'UTK',0),(59,319,6,'UTK.Old',0),(60,324,15,'WAVES',0),(61,269,3,'XLM.BEP20',0),(62,273,16,'XMR',0),(63,262,17,'XRP',0),(64,262,2,'XRP.BEP2',0),(65,262,3,'XRP.BEP20',0),(66,338,18,'XVG',0),(67,281,19,'ZEC',0),(68,285,6,'ZIL',0),(69,286,6,'ZRX',0),(70,258,1,'BTC.Bitstamp',0),(74,465,23,'EUR',0),(85,476,6,'1INCH',0),(96,488,6,'AAVE',0),(146,538,6,'AKRO',0),(155,547,6,'ALPHA',0),(166,558,6,'AMP',0),(180,572,6,'APE',0),(202,594,6,'ARPA',0),(213,605,6,'ATOM',0),(215,607,30,'AUD',0),(227,619,6,'AXS',0),(241,633,6,'BAR',0),(272,664,33,'BEAM',0),(301,693,6,'BICO',0),(328,720,6,'BLZ',0),(341,733,6,'BNX',0),(408,800,2,'BTT.BEP2',0),(409,801,6,'BTTC',0),(418,810,6,'BUSD',0),(483,875,38,'CELO',0),(485,877,6,'CELR',0),(503,895,6,'CHR',0),(507,899,6,'CHZ',0),(511,903,6,'CITY',0),(527,919,6,'CLV',0),(550,942,6,'COMP',0),(557,949,6,'COTI',0),(603,995,6,'CTK',0),(605,997,6,'CTSI',0),(607,999,6,'CTXC',0),(618,1010,6,'CVP',0),(641,1033,6,'DAR',0),(671,1063,6,'DENT',0),(675,1067,49,'DGB',0),(682,1074,6,'DIA',0),(701,1093,6,'DNT',0),(703,1095,6,'DOCK',0),(710,1102,2,'DOT.BEP2',0),(734,1126,6,'DUSK',0),(738,1130,6,'DYDX',0),(802,1194,6,'ENS',0),(890,1282,6,'FET',0),(898,1290,53,'FIRO',0),(918,1310,6,'FOR',0),(919,1311,6,'FORTH',0),(933,1325,6,'FTM',0),(934,1326,6,'FTT',0),(938,1330,6,'FUN',0),(955,1347,6,'GALA',0),(961,1353,54,'GBP',0),(1032,1424,6,'GRT',0),(1038,1430,6,'GTO',0),(1055,1447,6,'HC',0),(1081,1473,6,'HOT',0),(1120,1512,6,'IDEX',0),(1166,1558,3,'IOTA.BEP20',0),(1167,1559,6,'IOTX',0),(1198,1590,12,'JST.TRC20',0),(1208,1600,6,'KEY',0),(1221,1613,71,'KMD',0),(1268,1660,6,'LEND',0),(1286,1678,6,'LIT',0),(1299,1691,6,'LPT',0),(1309,1701,6,'LUNA',0),(1321,1713,6,'MATIC',0),(1333,1725,6,'MCO',0),(1351,1743,6,'MFT',0),(1463,1855,6,'NKN',0),(1468,1860,6,'NMR',0),(1482,1874,6,'NPXS',0),(1499,1891,6,'NULS',0),(1530,1922,6,'ONE',0),(1531,1923,6,'ONG',0),(1546,1938,6,'ORN',0),(1561,1953,6,'OXT',0),(1570,1962,6,'PAX',0),(1583,1975,6,'PERL',0),(1608,2000,6,'PLA',0),(1623,2015,6,'PNT',0),(1627,2019,6,'POLY',0),(1636,2028,6,'POWR',0),(1660,2052,6,'PUNDIX',0),(1711,2103,6,'REQ',0),(1718,2110,6,'RGT',0),(1746,2138,91,'RVN',0),(1762,2154,6,'SAND',0),(1796,2188,3,'SFP.BEP20',0),(1809,2201,6,'SHIB',0),(1824,2216,6,'SKL',0),(1830,2222,6,'SLP',0),(1849,2241,6,'SNX',0),(1851,2243,14,'SOL',0),(1891,2283,6,'STMX',0),(1894,2286,6,'STORM',0),(1902,2294,6,'SUN',0),(1906,2298,6,'SUSHI',0),(1914,2306,97,'SYS',0),(1937,2329,6,'TCT',0),(2022,2414,6,'TUSD',0),(2030,2422,6,'TWT',0),(2058,2450,6,'UMA',0),(2062,2454,6,'UNI',0),(2084,2476,6,'USDS',0),(2090,2482,6,'UST',0),(2106,2498,6,'VEN',0),(2114,2506,6,'VGX',0),(2179,2571,6,'WIN',0),(2192,2584,6,'WOO',0),(2203,2595,6,'WTC',0),(2227,2619,110,'XEM',0),(2277,2669,6,'YFI',0),(2293,2685,114,'ZEN',0);
/*!40000 ALTER TABLE `chart_chain` ENABLE KEYS */;
UNLOCK TABLES;

--
-- Table structure for table `chart_favourite`
--

DROP TABLE IF EXISTS `chart_favourite`;
/*!40101 SET @saved_cs_client     = @@character_set_client */;
/*!40101 SET character_set_client = utf8 */;
CREATE TABLE `chart_favourite` (
  `id` int(11) NOT NULL AUTO_INCREMENT,
  `user_id` int(11) NOT NULL,
  `chart_id` int(11) NOT NULL,
  PRIMARY KEY (`id`)
) ENGINE=InnoDB AUTO_INCREMENT=61 DEFAULT CHARSET=utf8mb4 COLLATE=utf8mb4_general_ci;
/*!40101 SET character_set_client = @saved_cs_client */;

--
-- Dumping data for table `chart_favourite`
--

LOCK TABLES `chart_favourite` WRITE;
/*!40000 ALTER TABLE `chart_favourite` DISABLE KEYS */;
INSERT INTO `chart_favourite` VALUES (7,11,271),(10,11,260),(13,11,314),(16,20,264),(20,20,261),(22,21,258),(23,21,260),(24,28,258),(41,24,258),(42,24,301),(44,118,272),(47,134,258),(51,149,260),(52,149,274),(54,149,693),(55,149,258),(57,254,258),(58,294,258),(59,294,260),(60,294,261);
/*!40000 ALTER TABLE `chart_favourite` ENABLE KEYS */;
UNLOCK TABLES;

--
-- Table structure for table `commission`
--

DROP TABLE IF EXISTS `commission`;
/*!40101 SET @saved_cs_client     = @@character_set_client */;
/*!40101 SET character_set_client = utf8 */;
CREATE TABLE `commission` (
  `id` int(11) NOT NULL AUTO_INCREMENT,
  `title` varchar(255) NOT NULL,
  `value` int(11) NOT NULL DEFAULT 0,
  PRIMARY KEY (`id`)
) ENGINE=InnoDB AUTO_INCREMENT=12 DEFAULT CHARSET=utf8mb4 COLLATE=utf8mb4_general_ci;
/*!40101 SET character_set_client = @saved_cs_client */;

--
-- Dumping data for table `commission`
--

LOCK TABLES `commission` WRITE;
/*!40000 ALTER TABLE `commission` DISABLE KEYS */;
INSERT INTO `commission` VALUES (1,' ',0),(2,' ',0),(3,' ',0),(4,' ',0),(5,' ',0),(6,' ',0),(7,'  P2P',0),(8,'  B2B',0),(9,'  ',0),(10,'  ',0),(11,'  ',0);
/*!40000 ALTER TABLE `commission` ENABLE KEYS */;
UNLOCK TABLES;

--
-- Table structure for table `company`
--

DROP TABLE IF EXISTS `company`;
/*!40101 SET @saved_cs_client     = @@character_set_client */;
/*!40101 SET character_set_client = utf8 */;
CREATE TABLE `company` (
  `id` int(11) NOT NULL AUTO_INCREMENT,
  `user_id` int(11) NOT NULL,
  `inn` varchar(10) NOT NULL,
  `ogrn` varchar(13) NOT NULL,
  `name` varchar(255) NOT NULL,
  `address` varchar(255) NOT NULL,
  PRIMARY KEY (`id`)
) ENGINE=InnoDB AUTO_INCREMENT=26 DEFAULT CHARSET=utf8mb4 COLLATE=utf8mb4_general_ci;
/*!40101 SET character_set_client = @saved_cs_client */;

--
-- Dumping data for table `company`
--

LOCK TABLES `company` WRITE;
/*!40000 ALTER TABLE `company` DISABLE KEYS */;
INSERT INTO `company` VALUES (1,1,'123','456','',''),(2,1,'900000000','234566777','','  '),(3,1,'4822773477','473772282',' ',' '),(4,1,'5474774743','4744838383',' ',' '),(5,30,'777','777','',''),(6,114,'12345678','12345678','',''),(7,118,'Ivan','Ben','nanny','nene'),(8,21,'7777','777','',' '),(9,130,'5031126789','1175053014070',' \"-\"',' ,  ,  ,  26,  10'),(10,21,'5031126789','1175053014070',' \"-\"',' ,  ,  ,  26,  10'),(11,21,'5031126789','1175053014070',' \"-\"',' ,  ,  ,  26,  10'),(12,143,'5031126789','1175053014070',' \"-\"',' ,  ,  ,  26,  10'),(13,21,'5031126789','1175053014070',' \"-\"',' ,  ,  ,  26,  10'),(14,1,'5031126789','1175053014070',' \"-\"',' ,  ,  ,  26,  10'),(15,1,'5031126789','1175053014070',' \"-\"',' ,  ,  ,  26,  10'),(16,152,'5031126789','1175053014070',' \"-\"',' ,  ,  ,  26,  10'),(17,281,'5031126789','1175053014070',' \"-\"',' ,  ,  ,  26,  10'),(18,281,'5031126789','1175053014070',' \"-\"',' ,  ,  ,  26,  10'),(19,281,'5053060676','1205000038870',' \"-\"',' ,  ,  ,  35,  122'),(20,281,'5031126789','1175053014070',' \"-\"',' ,  ,  ,  26,  10'),(21,311,'0123456789','0123456789123','name1','adderr'),(25,315,'7017017654','7017017017017',' \"\"','. .  48');
/*!40000 ALTER TABLE `company` ENABLE KEYS */;
UNLOCK TABLES;

--
-- Table structure for table `cryptomus`
--

DROP TABLE IF EXISTS `cryptomus`;
/*!40101 SET @saved_cs_client     = @@character_set_client */;
/*!40101 SET character_set_client = utf8 */;
CREATE TABLE `cryptomus` (
  `id` int(11) NOT NULL AUTO_INCREMENT,
  `symbol` varchar(12) NOT NULL,
  `network` varchar(12) NOT NULL,
  `active` int(11) NOT NULL DEFAULT 1,
  PRIMARY KEY (`id`)
) ENGINE=InnoDB AUTO_INCREMENT=29 DEFAULT CHARSET=utf8mb4 COLLATE=utf8mb4_general_ci;
/*!40101 SET character_set_client = @saved_cs_client */;

--
-- Dumping data for table `cryptomus`
--

LOCK TABLES `cryptomus` WRITE;
/*!40000 ALTER TABLE `cryptomus` DISABLE KEYS */;
INSERT INTO `cryptomus` VALUES (1,'BCH','bch',1),(2,'BNB','bsc',1),(3,'BTC','btc',1),(4,'BUSD','tron',1),(5,'BUSD','bsc',1),(6,'BUSD','eth',1),(7,'CGPT','bsc',1),(8,'DAI','bsc',1),(9,'DAI','eth',1),(10,'DAI','polygon',1),(11,'DASH','dash',1),(12,'DOGE','doge',1),(13,'ETH','eth',1),(14,'LTC','ltc',1),(15,'MATIC','eth',1),(16,'MATIC','polygon',1),(17,'TON','ton',1),(18,'TRX','tron',1),(19,'USDC','bsc',1),(20,'USDC','tron',1),(21,'USDC','eth',1),(22,'USDC','polygon',1),(23,'USDT','tron',1),(24,'USDT','eth',1),(25,'USDT','bsc',1),(26,'USDT','polygon',1),(27,'VERSE','eth',1),(28,'XMR','xmr',1);
/*!40000 ALTER TABLE `cryptomus` ENABLE KEYS */;
UNLOCK TABLES;

--
-- Table structure for table `currency`
--

DROP TABLE IF EXISTS `currency`;
/*!40101 SET @saved_cs_client     = @@character_set_client */;
/*!40101 SET character_set_client = utf8 */;
CREATE TABLE `currency` (
  `id` int(11) NOT NULL AUTO_INCREMENT,
  `active` int(11) NOT NULL DEFAULT 1,
  `symbol` varchar(255) NOT NULL,
  `name` varchar(255) NOT NULL,
  PRIMARY KEY (`id`)
) ENGINE=InnoDB AUTO_INCREMENT=73 DEFAULT CHARSET=utf8mb4 COLLATE=utf8mb4_general_ci;
/*!40101 SET character_set_client = @saved_cs_client */;

--
-- Dumping data for table `currency`
--

LOCK TABLES `currency` WRITE;
/*!40000 ALTER TABLE `currency` DISABLE KEYS */;
INSERT INTO `currency` VALUES (1,1,'RUB','RUB'),(2,1,'EUR','EUR'),(3,1,'USD','USD'),(4,1,'TRY','TRY'),(5,1,'CHF','CHF'),(6,1,'HRK','HRK'),(7,1,'MXN','MXN'),(8,1,'VES','VES'),(9,1,'CLP','CLP'),(10,1,'UGX','UGX'),(11,1,'ZAR','ZAR'),(12,1,'TND','TND'),(13,1,'TZS','TZS'),(14,1,'VND','VND'),(15,1,'AUD','AUD'),(16,1,'GHS','GHS'),(17,1,'BOB','BOB'),(18,1,'IDR','IDR'),(19,1,'SDG','SDG'),(20,1,'AMD','AMD'),(21,1,'LBP','LBP'),(22,1,'TJS','TJS'),(23,1,'AED','AED'),(24,1,'HKD','HKD'),(25,1,'TWD','TWD'),(26,1,'DKK','DKK'),(27,1,'CAD','CAD'),(28,1,'BGN','BGN'),(29,1,'MMK','MMK'),(30,1,'XOF','XOF'),(31,1,'GEL','GEL'),(32,1,'RON','RON'),(33,1,'UYU','UYU'),(34,1,'MAD','MAD'),(35,1,'LKR','LKR'),(36,1,'NGN','NGN'),(37,1,'CZK','CZK'),(38,1,'AZN','AZN'),(39,1,'CRC','CRC'),(40,1,'OMR','OMR'),(41,1,'PKR','PKR'),(42,1,'SEK','SEK'),(43,1,'KES','KES'),(44,1,'UAH','UAH'),(45,1,'BHD','BHD'),(46,1,'ARS','ARS'),(47,1,'QAR','QAR'),(48,1,'KZT','KZT'),(49,1,'SAR','SAR'),(50,1,'INR','INR'),(51,1,'CNY','CNY'),(52,1,'THB','THB'),(53,1,'UZS','UZS'),(54,1,'JPY','JPY'),(55,1,'MNT','MNT'),(56,1,'PLN','PLN'),(57,1,'GBP','GBP'),(58,1,'BYN','BYN'),(59,1,'HUF','HUF'),(60,1,'PHP','PHP'),(61,1,'KWD','KWD'),(62,1,'PYG','PYG'),(63,1,'ISK','ISK'),(64,1,'COP','COP'),(65,1,'EGP','EGP'),(66,1,'DZD','DZD'),(67,1,'PAB','PAB'),(68,1,'KGS','KGS'),(69,1,'PEN','PEN'),(70,1,'NZD','NZD'),(71,1,'XAF','XAF'),(72,1,'BRL','BRL');
/*!40000 ALTER TABLE `currency` ENABLE KEYS */;
UNLOCK TABLES;

--
-- Table structure for table `faq`
--

DROP TABLE IF EXISTS `faq`;
/*!40101 SET @saved_cs_client     = @@character_set_client */;
/*!40101 SET character_set_client = utf8 */;
CREATE TABLE `faq` (
  `id` int(11) NOT NULL AUTO_INCREMENT,
  `parent_id` int(11) NOT NULL,
  `title` varchar(255) NOT NULL,
  `description` text DEFAULT NULL,
  PRIMARY KEY (`id`)
) ENGINE=InnoDB AUTO_INCREMENT=171 DEFAULT CHARSET=utf8mb4 COLLATE=utf8mb4_general_ci;
/*!40101 SET character_set_client = @saved_cs_client */;

--
-- Dumping data for table `faq`
--

LOCK TABLES `faq` WRITE;
/*!40000 ALTER TABLE `faq` DISABLE KEYS */;
INSERT INTO `faq` VALUES (1,0,'',NULL),(2,1,'////',NULL),(3,2,'     ','  !!'),(4,2,'     ','  !!'),(5,2,' /  ','  !!'),(6,2,'    ','  !!'),(7,2,'   ','  !!'),(8,2,'    ','  !!'),(9,2,'    ','  !!'),(10,2,'  ','  !!'),(11,2,'  ','  !!'),(12,2,'      ','  !!'),(13,2,'     ','  !!'),(14,2,'   ','  !!'),(15,2,'  ','  !!'),(16,2,'     ','  !!'),(17,2,' ','  !!'),(18,2,' 10 000     ','  !!'),(19,1,' /  VIP ',NULL),(20,19,'   ID/','  !!'),(21,19,'   ','  !!'),(22,19,'   ','  !!'),(23,19,'   VIP','  !!'),(24,0,'P2P ',NULL),(25,24,'  2  / ',NULL),(26,25,'  P2P  /    P2P','  !!'),(27,25,' P2P-','  !!'),(28,25,'  ,     ','  !!'),(29,25,'    24 / 48   2','  !!'),(30,25,' 2    ','  !!'),(31,25,'     P2P','  !!'),(32,25,'2    3 ','  !!'),(33,25,'      2','  !!'),(34,25,'( )  ','  !!'),(35,24,'  P2P ',NULL),(36,35,'  Binance P2P','  !!'),(37,35,'  2    ','  !!'),(38,35,'     2','  !!'),(39,35,'       P2P','  !!'),(40,35,'    2()  ','  !!'),(41,35,'   2','  !!'),(42,24,'P2P ',NULL),(43,42,'  P2P-','  !!'),(44,42,'    P2P ','  !!'),(45,0,' Binance Visa',NULL),(46,45,' Binance Visa',NULL),(47,46,'   Binance','  !!'),(48,46,'Binance Card    ','  !!'),(49,46,'   75 BUSD    ','  !!'),(50,46,'Binance   ','  !!'),(51,46,'  Binance Card','  !!'),(52,46,'    Binance','  !!'),(53,46,'   Binance     ','  !!'),(54,46,'   Binance ','  !!'),(55,46,'    Binance','  !!'),(56,46,'   Binance','  !!'),(57,46,'   Binance','  !!'),(58,0,' /',NULL),(59,58,'RUB / UAH ',NULL),(60,59,'  RUB  QIWI','  !!'),(61,59,' UAH  VISA/Mastercard  ','  !!'),(62,59,'   ','  !!'),(63,59,'   /    ','  !!'),(64,59,'    Visa/Mastercard  ','  !!'),(65,59,' Visa/Mastercard     ','  !!'),(66,59,'       ','  !!'),(67,58,'RUB / UAH ',NULL),(68,67,' UAH    SettlePay  ','  !!'),(69,67,' UAH/RUB    ','  !!'),(70,0,' /',NULL),(71,70,'',NULL),(72,71,'   ','  !!'),(73,71,'   Binance  ','  !!'),(74,71,'      NFT','  !!'),(75,71,'    Binance ()','  !!'),(76,71,'   ','  !!'),(77,71,'      ','  !!'),(78,71,'   ','  !!'),(79,71,'   ','  !!'),(80,71,'/     ','  !!'),(81,70,'',NULL),(82,81,'   ,     ','  !!'),(83,81,'C    ,    ','  !!'),(84,81,'   ','  !!'),(85,81,'  /  ','  !!'),(86,81,'    ','  !!'),(87,81,'      ','  !!'),(88,81,'  ','  !!'),(89,0,'',NULL),(90,89,'',NULL),(91,90,'//-/ ','  !!'),(92,90,'  ','  !!'),(93,90,'  ','  !!'),(94,90,'    ','  !!'),(95,90,'    BNB','  !!'),(96,90,'  ','  !!'),(97,90,'   ','  !!'),(98,89,'',NULL),(99,98,' :     ','  !!'),(100,98,'  ','  !!'),(101,98,'    ','  !!'),(102,98,'    ','  !!'),(103,98,'    ','  !!'),(104,98,'  ','  !!'),(105,89,'',NULL),(106,105,'   ','  !!'),(107,105,'  ','  !!'),(108,105,'   ','  !!'),(109,105,'     ','  !!'),(110,105,'      ','  !!'),(111,89,'   ',NULL),(112,111,'      ','  !!'),(113,89,'(options trading)',NULL),(114,113,'   Binance','  !!'),(115,0,'Email/SMS/Google/Yubikey',NULL),(116,115,'/()/ 2FA/Yubikey',NULL),(117,116,'/ 2FA','  !!'),(118,116,'     ','  !!'),(119,116,'  Google 2FA','  !!'),(120,116,'   ','  !!'),(121,116,'  Google 2FA','  !!'),(122,116,'  Yubikey','  !!'),(123,116,'   ','  !!'),(124,0,' ',NULL),(125,124,' ',NULL),(126,125,'   (   P2P)','  !!'),(127,125,'   ','  !!'),(128,125,'   ','  !!'),(129,0,'  ',NULL),(130,129,' /  ',NULL),(131,130,'    ,    ','  !!'),(132,130,'   ','  !!'),(133,130,'Binance Football Fever 2022','  !!'),(134,130,'    Binance (Learn and Earn)','  !!'),(135,130,' Crypto WODL','  !!'),(136,130,': Binance Fiat Challenge','  !!'),(137,130,'  ','  !!'),(138,130,'Binance Live ','  !!'),(139,130,'Binance Pay  Crypto Box','  !!'),(140,130,':  0,01 BUSD/USDT   ','  !!'),(141,130,' Binance Pay 1 BUSD','  !!'),(142,130,' Binance /   ','  !!'),(143,130,':   Binance','  !!'),(144,129,'Binance Simple Earn',NULL),(145,144,'    Binance Simple Earn','  !!'),(146,144,'    ETH 2.0 ','  !!'),(147,144,'      Binance Simple Earn','  !!'),(148,144,'      Simple Earn','  !!'),(149,144,'    ','  !!'),(150,129,'Binance    ',NULL),(151,150,'      ','  !!'),(152,150,'  Binance  ','  !!'),(153,150,'     ','  !!'),(154,129,'',NULL),(155,154,'  ','  !!'),(156,0,'NFT',NULL),(157,156,'NFT',NULL),(158,157,'     NFT  Binance','  !!'),(159,157,'  NFT','  !!'),(160,157,'  NFT','  !!'),(161,157,'  NFT','  !!'),(162,157,'  NFT','  !!'),(163,157,'  NFT','  !!'),(164,157,'    Binance NFT','  !!'),(165,0,'/ ',NULL),(166,165,' / /',NULL),(167,166,' ','  !!'),(168,166,' ','  !!'),(169,166,'  /','  !!'),(170,166,'    Windows & Mac','  !!');
/*!40000 ALTER TABLE `faq` ENABLE KEYS */;
UNLOCK TABLES;

--
-- Table structure for table `futures`
--

DROP TABLE IF EXISTS `futures`;
/*!40101 SET @saved_cs_client     = @@character_set_client */;
/*!40101 SET character_set_client = utf8 */;
CREATE TABLE `futures` (
  `id` int(11) NOT NULL AUTO_INCREMENT,
  `user_id` int(11) NOT NULL,
  `chart_id` int(11) NOT NULL,
  `wallet_id` int(11) NOT NULL,
  `type` int(11) NOT NULL,
  `order_type` int(11) NOT NULL,
  `margin_type` int(11) NOT NULL,
  `multiplier` int(11) NOT NULL,
  `price` decimal(27,8) NOT NULL,
  `limit_price` decimal(27,8) NOT NULL DEFAULT 0.00000000,
  `amount` decimal(27,8) NOT NULL,
  `final_amount` decimal(27,8) NOT NULL DEFAULT 0.00000000,
  `date` int(11) NOT NULL,
  `status` int(11) NOT NULL DEFAULT 0,
  PRIMARY KEY (`id`)
) ENGINE=InnoDB AUTO_INCREMENT=35 DEFAULT CHARSET=utf8mb4 COLLATE=utf8mb4_general_ci;
/*!40101 SET character_set_client = @saved_cs_client */;

--
-- Dumping data for table `futures`
--

LOCK TABLES `futures` WRITE;
/*!40000 ALTER TABLE `futures` DISABLE KEYS */;
INSERT INTO `futures` VALUES (1,1,260,2,0,1,0,10,1.00000000,0.00000000,10.00000000,0.00000000,1667493678,0),(2,118,258,8,0,0,0,100,50.00000000,0.00000000,0.00000000,0.00000000,1667513152,0),(3,118,258,8,0,0,0,100,0.00000000,0.00000000,0.00000000,0.00000000,1667513152,0),(4,118,258,8,0,0,0,100,0.00000000,0.00000000,0.00000000,0.00000000,1667513153,0),(5,118,261,9,0,0,0,10,0.00000000,0.00000000,0.00000000,0.00000000,1667513193,0),(6,118,261,9,0,0,0,10,0.00000000,0.00000000,0.00000000,0.00000000,1667513197,0),(7,118,258,8,0,0,0,10,0.00000000,0.00000000,0.00000000,0.00000000,1667529653,0),(8,118,258,8,0,0,0,10,0.00000000,0.00000000,0.00000000,0.00000000,1667529654,0),(9,118,258,8,0,0,0,10,0.00000000,0.00000000,0.00000000,0.00000000,1667529655,0),(10,118,258,8,0,0,0,10,0.00000000,0.00000000,0.00000000,0.00000000,1667529738,0),(11,1,260,2,0,0,0,10,0.00000000,0.00000000,0.00000000,0.00000000,1667558560,0),(12,1,260,2,0,0,0,10,0.00000000,0.00000000,0.00000000,0.00000000,1667558567,0),(13,21,258,10,0,0,0,10,0.00000000,0.00000000,0.00000000,0.00000000,1667577635,0),(14,21,258,10,0,0,0,10,0.00000000,0.00000000,0.00000000,0.00000000,1667577637,0),(15,21,258,10,0,0,0,10,1000.00000000,0.00000000,0.00000000,0.00000000,1667649678,0),(16,24,258,13,0,0,0,10,0.00000000,0.00000000,0.00000000,0.00000000,1669035524,0),(17,24,258,13,0,3,0,10,0.00000000,0.00000000,0.00000000,0.00000000,1669036166,0),(18,1,266,16,0,0,0,10,0.00000000,0.00000000,0.00000000,0.00000000,1672003901,0),(19,143,258,17,0,0,0,10,0.00000000,0.00000000,0.00000000,0.00000000,1672334621,0),(20,1,260,19,0,0,0,10,0.00000000,0.00000000,0.00000000,0.00000000,1673535783,0),(21,1,260,19,0,0,0,10,0.00000000,0.00000000,0.00000000,0.00000000,1673870133,0),(22,1,260,19,0,0,0,10,0.00000000,0.00000000,0.00000000,0.00000000,1673870134,0),(23,1,260,19,0,0,0,10,0.00000000,0.00000000,0.00000000,0.00000000,1673870137,0),(24,1,260,19,0,0,0,10,0.00000000,0.00000000,0.00000000,0.00000000,1673870137,0),(25,1,260,19,0,0,0,10,0.00000000,0.00000000,0.00000000,0.00000000,1673870138,0),(26,1,260,19,0,0,0,10,0.00000000,0.00000000,0.00000000,0.00000000,1673870138,0),(27,1,260,19,0,0,0,10,0.00000000,0.00000000,0.00000000,0.00000000,1673906806,0),(28,149,258,20,0,0,0,10,0.00000000,0.00000000,0.00000000,0.00000000,1681536030,0),(29,149,258,20,0,0,0,10,0.00000000,0.00000000,0.00000000,0.00000000,1681536030,0),(30,149,258,20,0,0,0,10,0.00000000,0.00000000,0.00000000,0.00000000,1681536118,0),(31,152,258,22,0,0,1,10,0.00000000,0.00000000,0.00000000,0.00000000,1681809919,0),(32,152,258,22,0,0,1,10,0.00000000,0.00000000,0.00000000,0.00000000,1681809937,0),(33,152,258,22,0,0,1,10,0.00000000,0.00000000,0.00000000,0.00000000,1681809938,0),(34,230,258,24,0,0,0,10,0.00000000,0.00000000,0.00000000,0.00000000,1682504633,0);
/*!40000 ALTER TABLE `futures` ENABLE KEYS */;
UNLOCK TABLES;

--
-- Table structure for table `history`
--

DROP TABLE IF EXISTS `history`;
/*!40101 SET @saved_cs_client     = @@character_set_client */;
/*!40101 SET character_set_client = utf8 */;
CREATE TABLE `history` (
  `id` int(11) NOT NULL AUTO_INCREMENT,
  `user_id` int(11) NOT NULL,
  `type` int(11) NOT NULL,
  `start_price` decimal(27,8) NOT NULL,
  `end_price` decimal(27,8) NOT NULL,
  `start_chart_id` int(11) NOT NULL,
  `end_chart_id` int(11) NOT NULL,
  `date` int(11) NOT NULL,
  `status` int(11) NOT NULL DEFAULT 0,
  `wallet_direct_id` int(11) NOT NULL DEFAULT 0,
  PRIMARY KEY (`id`)
) ENGINE=InnoDB AUTO_INCREMENT=250 DEFAULT CHARSET=utf8mb4 COLLATE=utf8mb4_general_ci;
/*!40101 SET character_set_client = @saved_cs_client */;

--
-- Dumping data for table `history`
--

LOCK TABLES `history` WRITE;
/*!40000 ALTER TABLE `history` DISABLE KEYS */;
INSERT INTO `history` VALUES (1,1,1,5000.00000000,0.00417672,258,259,1661878143,1,0),(2,1,1,5053.00000000,0.00422328,258,259,1661879654,1,0),(3,1,1,5000.00000000,0.00417787,258,259,1661880259,1,0),(4,1,1,5000.00000000,0.00418588,0,259,1661880561,0,0),(5,1,1,5000.00000000,0.00417866,0,259,1661880601,0,0),(6,1,1,1000.00000000,0.01060773,258,260,1661886392,1,0),(7,1,1,0.20000000,0.00000017,0,259,1661889989,0,0),(8,1,2,0.20000000,242124.60000000,259,0,1661890068,0,0),(9,1,2,0.00002000,1.87056000,260,0,1661890129,0,0),(10,8,1,55000.00000000,0.04473752,258,259,1661924328,1,0),(11,8,1,55000.00000000,0.04473752,0,259,1661924330,0,0),(12,8,1,100000.00000000,1.02935939,0,260,1661924481,0,0),(13,8,1,70000.00000000,0.72055157,0,260,1661924541,0,0),(14,8,1,60000.00000000,0.61716141,258,260,1661924567,1,0),(15,11,1,1000.00000000,0.01047940,0,260,1661939266,0,0),(16,11,1,500000.00000000,0.40831493,0,259,1661939294,0,0),(17,11,1,10000.00000000,0.10479401,0,260,1661939315,0,0),(18,11,1,10000.00000000,0.10479401,0,260,1661939316,0,0),(19,11,1,100000.00000000,0.08153853,258,259,1661939455,1,0),(20,11,1,100000.00000000,0.08158956,0,259,1661939700,0,0),(21,11,1,1000.00000000,0.00081590,0,259,1661939722,0,0),(22,11,1,1000.00000000,0.00081572,0,259,1661939771,0,0),(23,11,1,1000.00000000,0.00081754,0,259,1661940052,0,0),(24,11,1,1000.00000000,0.00081754,0,259,1661940053,0,0),(25,11,1,1000.00000000,0.00081754,0,259,1661940187,0,0),(26,11,1,1000.00000000,0.00081408,0,259,1661942109,0,0),(27,8,1,1000.00000000,0.00081345,0,259,1661942320,0,0),(28,1,1,5000.00000000,0.00406830,0,259,1661946732,0,0),(29,8,1,1000.00000000,0.00081103,0,259,1661947528,0,0),(30,8,1,1000.00000000,0.00081018,0,259,1661947643,0,0),(31,8,1,1000.00000000,0.00081018,0,259,1661947646,0,0),(32,8,1,1000.00000000,0.00081018,0,259,1661947649,0,0),(33,8,1,1000.00000000,0.00081018,0,259,1661947649,0,0),(34,11,1,1000.00000000,0.00080952,0,259,1661947726,0,0),(35,11,1,1000.00000000,0.00080952,0,259,1661947790,0,0),(36,8,1,1000.00000000,0.00080952,0,259,1661947952,0,0),(37,11,1,1000.00000000,0.00082070,0,259,1661958275,0,0),(38,21,1,1000.00000000,0.01037592,0,260,1662114230,0,0),(39,20,1,1000.00000000,0.00081868,0,258,1662125573,0,0),(40,20,1,1000.00000000,0.00081974,0,258,1662125695,0,0),(41,20,1,10003.00000000,0.00819404,0,258,1662125965,0,0),(42,20,1,1000.00000000,0.00081973,0,258,1662126035,0,0),(43,21,1,1000.00000000,0.00084050,0,258,1662331686,0,0),(44,21,1,1000.00000000,16.63063363,0,259,1663182163,0,0),(45,24,1,100000.00000000,0.08277200,0,258,1663231373,0,0),(46,24,1,100000.00000000,0.08244954,0,258,1663232573,0,0),(47,24,1,1000000.00000000,0.84098136,0,258,1663524800,0,0),(48,24,1,9000000.00000000,7.77362513,0,258,1663598011,0,0),(49,21,1,4000.00000000,0.00354160,0,258,1664719849,0,0),(50,21,1,1000.00000000,0.00088540,0,258,1664719876,0,0),(51,21,1,1000.00000000,0.00088540,0,258,1664719876,0,0),(52,21,1,10003.00000000,169.74376379,0,259,1664719937,0,0),(53,21,1,40003.00000000,0.03386357,0,258,1664890518,0,0),(54,21,1,1000.00000000,0.00081688,0,258,1665608307,0,0),(55,30,1,77777.00000000,0.06620559,0,258,1666359064,0,0),(56,21,1,1000.00000000,16.11603546,0,259,1667547369,0,0),(57,21,1,1000.00000000,0.01002865,0,260,1667578078,0,0),(58,21,1,10000.00000000,0.09898599,0,260,1667677924,0,0),(59,21,1,1000.00000000,0.01020695,0,260,1667847965,0,0),(60,118,1,6161.00000000,99.95133030,0,259,1667933358,0,0),(61,1,2,1.00000000,0.07446300,260,258,1673798632,0,0),(62,1,2,1.00000000,13.43002955,260,258,1673798767,0,0),(63,1,2,1.00000000,13.43995699,260,258,1673799120,0,0),(64,1,2,1.00000000,0.00004690,258,259,1673969022,0,0),(65,1,2,1.00000000,21309.58000000,258,259,1673969141,0,0),(66,1,2,1.00000000,21272.51000000,258,259,1673969380,0,0),(67,1,2,1.00000000,21235.71000000,258,259,1673969504,0,0),(68,1,2,1.00000000,21192.30000000,258,259,1673969809,0,0),(69,1,2,1.00000000,21133.63000000,258,259,1673972640,0,0),(70,1,2,1.00000000,1772128.00000000,258,0,1677604843,0,0),(71,1,2,1.00000000,1774121.00000000,258,0,1677605099,0,0),(72,149,1,50000000.00000000,19.88518295,0,258,1681535865,0,0),(73,1,1,5000.00000000,0.00226760,0,258,1685308329,0,0),(74,1,1,5000.00000000,0.00226760,0,258,1685308377,0,0),(75,1,1,5000.00000000,0.00226760,0,258,1685308378,0,0),(76,1,1,5000.00000000,0.00226644,0,258,1685308511,0,0),(77,1,1,5000.00000000,0.00226644,0,258,1685308512,0,0),(78,281,1,1000.00000000,0.00045301,0,258,1685539782,0,0),(79,282,1,0.00200000,0.00000000,0,258,1685952909,0,0),(80,282,1,0.00010000,0.00000000,0,258,1685954853,0,0),(81,315,1,0.00010000,0.00000000,0,258,1687234411,0,0),(82,315,1,0.10000000,0.00000004,0,258,1687234493,0,0),(83,315,1,100.00000000,0.00004367,0,258,1687234604,0,0),(84,315,1,100000.00000000,0.04363202,0,258,1687237500,0,0),(85,315,1,300000.00000000,0.13086527,0,258,1687237528,0,0),(86,317,1,0.00000000,0.00000000,0,258,1687333959,0,0),(87,317,1,0.00000000,0.00000000,0,258,1687333975,0,0),(88,317,1,0.00000000,0.00000000,0,2201,1687334171,0,0),(89,317,1,0.00000000,0.00000000,0,258,1687334272,0,0),(90,317,1,0.00000000,0.00000000,0,258,1687334358,0,0),(91,317,1,0.00000000,0.00000000,0,258,1687334369,0,0),(92,317,1,0.00000000,0.00000000,0,258,1687334377,0,0),(93,317,1,0.00000000,0.00000000,0,258,1687334430,0,0),(94,317,1,100.00000000,0.00004051,0,258,1687334445,0,0),(95,317,1,100.00000000,0.00064677,0,260,1687334899,0,0),(96,317,1,100.00000000,0.00004039,258,258,1687454113,1,0),(97,317,1,100.00000000,0.00004022,0,258,1687467601,0,0),(98,317,1,100.00000000,0.00004025,0,258,1687467641,0,0),(99,317,1,100.00000000,0.00004025,0,258,1687467718,0,0),(100,317,1,100.00000000,0.00004025,0,258,1687467918,0,0),(101,317,1,100.00000000,0.00004023,0,258,1687468158,0,0),(102,317,1,100.00000000,0.00004023,0,258,1687468193,0,0),(103,317,1,100.00000000,0.00004023,0,258,1687468247,0,0),(104,317,1,100.00000000,0.00004021,258,258,1687468472,1,0),(105,315,1,253.00000000,0.00010014,0,258,1687501198,0,0),(106,315,1,506.00000000,0.00020002,258,258,1687501549,1,0),(107,315,2,0.00010000,0.00159515,258,260,1687502586,0,0),(108,315,1,506.00000000,0.00018214,0,258,1688728146,0,0),(109,317,1,0.00010000,0.00000000,0,258,1688879582,0,0),(110,317,1,0.00010000,0.00000000,0,258,1688879699,0,0),(111,317,1,0.00010000,0.00000000,0,258,1688886357,0,0),(112,315,1,506.00000000,0.00018248,0,258,1688886897,0,0),(113,317,1,0.00020000,0.00000000,0,258,1688887037,0,0),(114,317,1,0.00020000,0.00000000,0,258,1688888130,0,0),(115,317,1,0.00020000,0.00000000,0,258,1688889244,0,0),(116,317,1,0.00100000,0.00000000,0,258,1688890045,0,0),(117,317,1,554.80000000,0.00020000,0,258,1688890616,0,0),(118,317,1,554.80000000,0.00020005,0,258,1688890699,0,0),(119,317,1,554.80000000,0.00020006,0,258,1688890800,0,0),(120,317,1,277.26000000,0.00010000,258,258,1688891823,1,0),(121,317,1,2.75700000,0.00000100,0,258,1689079855,0,0),(122,317,1,337.93000000,0.00199849,0,260,1689096519,0,0),(123,317,1,337.93000000,0.00199849,0,260,1689096549,0,0),(124,317,1,337.93000000,0.00199849,258,260,1689096577,1,0),(125,328,1,2741.11000000,0.00100000,258,258,1689410988,1,0),(126,317,1,81.79000000,0.00999939,0,266,1689590433,0,0),(127,315,1,1092.84000000,11.99736524,258,259,1689652485,1,0),(128,317,1,908.30000000,10.00000000,258,259,1689663312,1,0),(129,317,2,0.00001000,0.00015768,258,260,1689945835,0,0),(130,328,2,0.00001000,0.00015768,258,260,1689946914,0,0),(131,328,2,0.00015768,0.00001000,260,258,1689946985,0,0),(132,328,2,0.00000000,0.00000000,258,260,1689947211,0,0),(133,328,1,2709.15000000,0.00100004,0,258,1690177976,0,0),(134,328,2,0.00050000,0.00796052,258,260,1690178437,0,0),(135,315,2,0.00000000,0.00000000,259,274,1690255905,0,0),(136,315,2,0.50000000,6.54707346,259,265,1690256504,0,0),(137,328,2,0.00000000,0.00000000,258,260,1690258185,0,0),(138,328,2,0.00050000,0.00786040,258,260,1690258749,0,0),(139,315,2,2.00000000,6.60720185,259,264,1690261002,0,0),(140,315,2,6.60720185,2.00066072,264,259,1690261068,0,0),(141,315,1,1320087.00000000,0.50000000,0,258,1690261155,0,0),(142,315,1,83864.10000000,0.50000000,0,260,1690261215,0,0),(143,315,1,50318.46000000,0.30000000,258,260,1690261261,1,0),(144,315,2,0.15000000,400.74806305,260,262,1690261317,0,0),(145,328,2,0.01000000,0.00063590,260,258,1690264197,0,0),(146,335,1,26912.17000000,0.01000000,258,258,1690617155,1,0),(147,339,1,10.00000000,0.00000374,258,258,1690882168,1,0),(148,352,1,28017.92000000,0.01000000,0,258,1691469662,1,0),(149,352,1,79.47000000,0.00999937,0,266,1691471862,0,0),(150,356,1,29259.31000000,0.00999936,0,258,1691584461,0,0),(151,356,0,1.00000000,1.00000000,258,258,1691588194,0,10),(152,356,0,3.00000000,3.00000000,258,258,1691588318,0,20),(153,356,0,2.00000000,2.00000000,258,258,1691588389,0,10),(154,356,0,0.50000000,0.50000000,258,258,1691588414,0,30),(155,356,0,0.50000000,0.50000000,258,258,1691588427,0,40),(156,356,0,0.50000000,14963.33000000,258,259,1691588491,0,10),(157,356,0,1000.00000000,1000.00000000,259,259,1691588580,0,30),(158,356,0,11111.00000000,11111.00000000,259,259,1691588624,0,30),(159,356,0,5.00000000,5.00000000,258,258,1691590586,0,10),(160,356,0,4.00000000,4.00000000,258,258,1691590826,0,10),(162,356,0,4.00000000,4.00000000,258,258,1691591063,0,10),(163,356,0,4.00000000,4.00000000,258,258,1691591069,0,10),(164,356,0,4.00000000,119360.00000000,258,259,1691591105,0,10),(165,356,0,0.00000000,0.00000000,258,259,1691591130,0,10),(166,356,0,0.00000000,0.00000000,258,259,1691591316,0,10),(167,356,0,1.00000000,29881.81000000,258,259,1691591375,0,10),(168,307,1,2.50000000,0.00000100,0,258,1692334575,0,0),(169,307,1,50.14000000,0.00002001,0,258,1692334868,0,0),(170,315,1,25083.50000000,0.01000000,0,258,1692335058,0,0),(171,356,1,2051.93000000,0.09999995,0,261,1692336905,0,0),(172,307,1,25.22000000,0.00001000,0,258,1692349443,0,0),(173,356,1,2518051.00000000,1.00000000,0,258,1692352507,0,0),(174,356,1,160387.30000000,1.00000000,0,260,1692353632,0,0),(175,356,1,209.00000000,0.00999987,0,261,1692356122,0,0),(176,356,1,209042.00000000,10.00000000,0,261,1692356984,0,0),(177,356,1,209042.00000000,9.98425765,0,261,1692357158,0,0),(178,356,1,209.37000000,0.00999992,0,261,1692357175,0,0),(179,356,1,209.37000000,0.00999992,0,261,1692357258,1,0),(180,356,1,16123.86000000,0.10000000,0,260,1692357395,1,0),(181,315,1,25339.40000000,0.01000000,0,258,1692357401,1,0),(182,315,1,25334.19000000,0.00999983,0,258,1692357441,1,0),(183,307,1,200.00000000,0.00008032,0,258,1692418137,1,0),(184,356,1,2465330.00000000,1.00000000,0,258,1692596782,1,0),(185,307,0,0.00000001,0.00000001,258,258,1692608163,0,20),(186,315,0,0.01000000,0.01000000,258,258,1692610821,0,20),(187,307,1,200.00000000,0.00126418,0,260,1692679673,0,0),(188,356,1,24746.95000000,0.01000000,0,258,1692680790,1,0),(189,307,0,0.00000001,0.00000001,258,258,1692681277,0,10),(190,307,0,0.00000001,0.00000001,258,258,1692681508,0,40),(191,307,0,0.00000001,0.00000001,258,258,1692681600,0,30),(192,307,0,0.00000001,0.00000001,258,258,1692681622,0,10),(193,307,0,0.00000002,0.00000002,258,258,1692681646,0,20),(194,307,0,0.00000001,0.00000001,258,258,1692681693,0,30),(195,307,0,0.00000001,0.00000001,258,258,1692681718,0,40),(196,315,0,0.01000000,0.01000000,258,258,1692694031,0,40),(197,315,0,0.01000000,0.01000000,258,258,1692694969,0,10),(198,315,0,0.01000000,0.01000000,258,258,1692694990,0,30),(199,315,0,0.01000000,0.01000000,258,258,1692695016,0,20),(200,307,0,0.00000001,0.00000001,258,258,1692713486,0,20),(201,307,0,0.00000001,0.00000001,258,258,1692714010,0,20),(202,307,0,0.00000001,0.00000001,258,258,1692714171,0,20),(203,307,0,0.00000001,0.00000001,258,258,1692714762,0,20),(204,307,0,0.00000001,0.00000001,258,258,1692715041,0,20),(205,307,0,0.00000001,0.00000001,258,258,1692715150,0,20),(206,307,0,0.00000001,0.00000001,258,258,1692715336,0,20),(207,307,0,0.00000001,0.00000001,258,258,1692716102,0,20),(208,307,0,0.00000001,0.00000001,258,258,1692716225,0,20),(209,307,0,0.00000001,0.00000001,258,258,1692716326,0,20),(210,307,0,0.00000001,0.00000001,258,258,1692716381,0,20),(211,307,0,0.00000001,0.00000001,258,258,1692716447,0,20),(212,307,0,0.00000001,0.00000001,258,258,1692716612,0,20),(213,307,0,0.00000001,0.00000001,258,258,1692716753,0,40),(214,315,0,5.00000000,5.00000000,259,259,1692762342,0,10),(215,315,0,2.00000000,2.00000000,259,259,1692762430,0,20),(216,315,0,1.00000000,1.00000000,259,259,1692762446,0,10),(217,307,0,0.00000010,0.00000010,258,258,1692762490,0,10),(218,307,0,0.00000010,0.00000010,258,258,1692762626,0,30),(219,307,0,0.00000001,0.00000001,258,258,1692762826,0,10),(220,307,0,0.00000001,0.00000001,258,258,1692763135,0,10),(221,307,0,0.00000010,0.00000010,258,258,1692763745,0,10),(222,356,0,10.00000000,10.00000000,259,259,1692766059,0,10),(223,356,0,9999.00000000,9999.00000000,259,259,1692766088,0,10),(224,356,0,50.00000000,50.00000000,258,258,1692766115,0,20),(225,356,0,25.00000000,25.00000000,258,258,1692766137,0,40),(226,356,0,50.00000000,50.00000000,258,258,1692766292,0,10),(227,356,0,50.00000000,50.00000000,258,258,1692766306,0,30),(228,315,0,1.00000000,1.00000000,259,259,1692766500,0,10),(229,356,0,1.00000000,1.00000000,259,259,1692768636,0,10),(230,356,0,1.00000000,1.00000000,259,259,1692768693,0,20),(231,356,0,1.00000000,1.00000000,259,259,1692776502,0,20),(232,356,0,0.00900000,0.00900000,261,261,1692777076,0,10),(233,356,0,27.50000000,27.50000000,258,258,1692777113,0,40),(234,315,0,1.00000000,1.00000000,259,259,1692793935,0,20),(235,315,0,1.00000000,1.00000000,259,259,1692793953,0,30),(236,356,0,100.00000000,100.00000000,258,258,1693324090,0,20),(237,356,0,100.00000000,100.00000000,258,258,1693324109,0,10),(238,307,1,2523.87000000,0.00099960,0,258,1693648346,0,0),(239,307,1,25.24000000,0.00001000,0,258,1693660659,0,0),(240,356,2,1.00000000,2530133.00000000,258,0,1693792041,0,0),(241,356,1,1000.00000000,0.00039335,0,258,1693812559,0,0),(242,356,1,10.00000000,0.00047609,0,261,1693820561,0,0),(243,356,1,50.00000000,0.51020408,0,259,1693825409,0,0),(244,315,1,492.90000000,5.00101461,0,259,1693906437,0,0),(245,315,1,394.24000000,4.00000000,0,259,1693906470,1,0),(246,307,1,25757.31000000,0.01000000,0,258,1694163103,1,0),(247,307,0,0.00001000,0.00001000,258,258,1694166344,0,20),(248,356,1,1000.00000000,10.29230136,0,259,1694668773,0,0),(249,356,1,4000.00000000,0.00157090,0,258,1694668958,0,0);
/*!40000 ALTER TABLE `history` ENABLE KEYS */;
UNLOCK TABLES;

--
-- Table structure for table `image`
--

DROP TABLE IF EXISTS `image`;
/*!40101 SET @saved_cs_client     = @@character_set_client */;
/*!40101 SET character_set_client = utf8 */;
CREATE TABLE `image` (
  `id` int(11) NOT NULL AUTO_INCREMENT,
  `filePath` varchar(400) NOT NULL,
  `itemId` int(11) DEFAULT NULL,
  `isMain` tinyint(1) DEFAULT NULL,
  `modelName` varchar(150) NOT NULL,
  `urlAlias` varchar(400) NOT NULL,
  `name` varchar(80) DEFAULT NULL,
  PRIMARY KEY (`id`)
) ENGINE=InnoDB AUTO_INCREMENT=129 DEFAULT CHARSET=utf8mb4 COLLATE=utf8mb4_general_ci;
/*!40101 SET character_set_client = @saved_cs_client */;

--
-- Dumping data for table `image`
--

LOCK TABLES `image` WRITE;
/*!40000 ALTER TABLE `image` DISABLE KEYS */;
INSERT INTO `image` VALUES (1,'Users/User1/7d0781.jpg',1,0,'User','b13e88dbac-3',''),(2,'Users/User1/547c4a.jpg',1,0,'User','2c01fe7e07-4',''),(3,'Users/User1/4f4e4d.jpg',1,0,'User','1a8aa7e433-2',''),(4,'Users/User1/b0e6af.jpg',1,1,'User','928016454e-1',''),(5,'Users/User8/5ecc18.jpg',8,1,'User','c7e0d5b65b-1',''),(6,'Users/User9/10f327.jpg',9,0,'User','a4bee598a7-2',''),(7,'Users/User9/efb600.jpg',9,1,'User','90705c279d-1',''),(8,'Users/User114/175cf1.jpg',114,1,'User','f9f8378313-1',''),(9,'Currencies/Currency1/ef6596.png',1,1,'Currency','38dd96b97e-1',''),(10,'Currencies/Currency2/b5ad58.png',2,1,'Currency','db0eee0fcc-1',''),(11,'Currencies/Currency3/41cb7d.png',3,1,'Currency','e5a30e3b7d-1',''),(12,'Currencies/Currency4/ee9e98.png',4,1,'Currency','9e5c866a9a-1',''),(30,'UserVerifies/UserVerify1/76e73d.jpg',1,1,'UserVerify','2075708189-1',''),(32,'UserVerifies/UserVerify3/855d9a.jpg',3,1,'UserVerify','49dff208f5-1',''),(33,'UserVerifies/UserVerify4/bc3970.jpg',4,1,'UserVerify','b80b36bd2e-1',''),(34,'UserVerifies/UserVerify2/176a37.jpg',2,1,'UserVerify','e87eeeeee4-1',''),(35,'UserVerifies/UserVerify9/708111.jpg',9,1,'UserVerify','d7f2987a02-1',''),(36,'UserVerifies/UserVerify10/62323c.jpg',10,1,'UserVerify','96a4ee22fd-1',''),(37,'UserVerifies/UserVerify11/1453dc.jpg',11,1,'UserVerify','593764d782-1',''),(38,'UserVerifies/UserVerify12/3866f1.jpg',12,1,'UserVerify','bb41439e88-1',''),(39,'UserVerifies/UserVerify13/dabfbf.jpg',13,1,'UserVerify','3b985701f0-1',''),(40,'UserVerifies/UserVerify14/7d0e35.jpg',14,1,'UserVerify','ac0a0559f4-1',''),(41,'UserVerifies/UserVerify15/5a1350.jpg',15,1,'UserVerify','2114f0083e-1',''),(42,'UserVerifies/UserVerify16/a0cebb.jpg',16,1,'UserVerify','5afbd47d9a-1',''),(43,'UserVerifies/UserVerify17/c40a1b.jpg',17,1,'UserVerify','caff4ff5c2-1',''),(44,'UserVerifies/UserVerify29/ef622b.jpg',29,1,'UserVerify','374a65522a-1',''),(45,'UserVerifies/UserVerify30/4564da.jpg',30,1,'UserVerify','c8cbd5c386-1',''),(46,'UserVerifies/UserVerify31/92bd59.jpg',31,1,'UserVerify','f77c38fa10-1',''),(47,'UserVerifies/UserVerify32/82ce91.jpg',32,1,'UserVerify','77a9b48701-1',''),(48,'UserVerifies/UserVerify37/073002.jpg',37,1,'UserVerify','ea6aa2858a-1',''),(49,'UserVerifies/UserVerify38/ce01ca.jpg',38,1,'UserVerify','c0d52e8927-1',''),(50,'UserVerifies/UserVerify39/9c37e1.jpg',39,1,'UserVerify','0df74d1842-1',''),(51,'UserVerifies/UserVerify40/3d544f.jpg',40,1,'UserVerify','df7b8f6d32-1',''),(52,'UserVerifies/UserVerify41/ef5482.jpg',41,1,'UserVerify','40d0dfb9c7-1',''),(53,'UserVerifies/UserVerify42/69910b.jpg',42,1,'UserVerify','97c70ce961-1',''),(54,'UserVerifies/UserVerify43/70a254.jpg',43,1,'UserVerify','a913a7d5ab-1',''),(55,'UserVerifies/UserVerify44/eef7c2.jpg',44,1,'UserVerify','a3db783b17-1',''),(56,'UserVerifies/UserVerify45/a4656c.jpg',45,1,'UserVerify','de38dc538e-1',''),(57,'Users/User247/d4727b.jpg',247,0,'User','1077a9603e-3',''),(58,'Users/User247/72d2a3.jpg',247,0,'User','bd83eacb84-4',''),(59,'Users/User247/453fa5.jpg',247,0,'User','1b1ce3331e-5',''),(60,'Users/User247/aceec8.jpg',247,0,'User','543ea68729-6',''),(61,'Users/User247/b2daf3.jpg',247,0,'User','8366031e21-7',''),(62,'Users/User247/0a5349.jpg',247,0,'User','b6352bc6df-8',''),(63,'Users/User247/6d0969.jpg',247,0,'User','1d7b8d20be-9',''),(64,'Users/User247/0f00e2.jpg',247,0,'User','f011ef24c0-10',''),(65,'Users/User247/c07f8a.jpg',247,0,'User','b2e641bdfa-11',''),(66,'Users/User247/9ae365.jpg',247,0,'User','1dc14bb5ba-12',''),(67,'Users/User247/b48376.jpg',247,0,'User','4304b7eba0-13',''),(68,'Users/User247/704536.jpg',247,0,'User','1d3a0fa834-14',''),(69,'Users/User247/dd7f1d.jpg',247,0,'User','d35bc41983-15',''),(70,'Users/User247/f87dc4.jpg',247,0,'User','e6a3268e9f-16',''),(71,'Users/User247/de3df6.jpg',247,0,'User','42ecc72b9f-17',''),(72,'Users/User247/774dbd.jpg',247,0,'User','c37ec485c8-18',''),(73,'Users/User247/f25bae.jpg',247,0,'User','befbc9d472-19',''),(74,'Users/User247/bfb9d3.jpg',247,0,'User','9b26844574-20',''),(75,'Users/User247/64b064.jpg',247,0,'User','28c1f842c5-21',''),(76,'Users/User247/225c4f.jpg',247,0,'User','9061674740-22',''),(77,'Users/User230/346f39.jpg',230,0,'User','9869bab93c-3',''),(78,'Users/User230/65d26f.jpg',230,0,'User','7f03d77263-4',''),(79,'Users/User230/d88651.jpg',230,0,'User','076a9120ff-5',''),(80,'Users/User230/9a335e.jpg',230,0,'User','d7b53da982-6',''),(81,'Users/User230/1ac8cb.jpg',230,0,'User','84aa6cfd3d-2',''),(82,'Users/User247/0f41f9.jpg',247,0,'User','dfe11912bb-23',''),(83,'Users/User247/df0736.jpg',247,0,'User','b8c1213ec8-2',''),(84,'Users/User247/8338ed.jpg',247,1,'User','c33870ce73-1',''),(85,'Users/User230/1e0246.jpg',230,1,'User','5a7b8ab956-1',''),(86,'Users/User276/a1ec24.jpg',276,1,'User','6244830889-1',''),(87,'UserVerifies/UserVerify65/7a5241.jpg',65,1,'UserVerify','2953272e88-1',''),(88,'UserVerifies/UserVerify66/8aeaf7.jpg',66,1,'UserVerify','15050e2828-1',''),(89,'UserVerifies/UserVerify67/04ef48.jpg',67,1,'UserVerify','6e01a29017-1',''),(90,'UserVerifies/UserVerify68/3ddfab.jpg',68,1,'UserVerify','1ce1495edf-1',''),(91,'Users/User281/ba6389.jpg',281,1,'User','90c946db83-1',''),(92,'Users/User282/903c0a.jpg',282,0,'User','a31450724c-3',''),(93,'UserVerifies/UserVerify77/66066b.jpg',77,1,'UserVerify','a4dee8506c-1',''),(94,'UserVerifies/UserVerify78/dca803.jpg',78,1,'UserVerify','5bbaf966a3-1',''),(95,'UserVerifies/UserVerify79/aeb305.jpg',79,1,'UserVerify','e9b502a8ad-1',''),(96,'Users/User285/5b2700.jpg',285,0,'User','9c18c030e0-3',''),(97,'Users/User285/006e16.jpg',285,0,'User','671a9ae6ef-4',''),(98,'Users/User285/abd01a.jpg',285,0,'User','cc711d6203-2',''),(99,'Users/User285/2c5185.jpg',285,1,'User','ce770c2984-1',''),(100,'Users/User282/b4d505.jpg',282,0,'User','ed935dbe8a-4',''),(101,'Users/User282/0484cf.jpg',282,0,'User','44e5aaef1f-5',''),(102,'UserVerifies/UserVerify69/509564.jpg',69,1,'UserVerify','2ead88bf19-1',''),(103,'Users/User283/5cf9e7.jpg',283,0,'User','2784195493-3',''),(104,'UserVerifies/UserVerify73/d270b8.jpg',73,1,'UserVerify','4aeb5971a7-1',''),(105,'UserVerifies/UserVerify74/8cfd2a.jpg',74,1,'UserVerify','c74374d6ea-1',''),(106,'Users/User283/950f3f.jpg',283,0,'User','f964e4598e-4',''),(107,'Users/User283/e520fe.jpg',283,0,'User','cb68e65d11-5',''),(108,'Users/User283/6acc6a.jpg',283,0,'User','80feac2254-6',''),(109,'UserVerifies/UserVerify70/b5fdb5.jpg',70,1,'UserVerify','a5e2f50897-1',''),(110,'Users/User283/5bd8e4.jpg',283,0,'User','c3e6fb3eb7-7',''),(111,'Users/User283/6c2c3a.jpg',283,0,'User','1b84461b58-8',''),(112,'Users/User283/5fbf61.jpg',283,0,'User','a61483206a-2',''),(113,'Users/User283/c35f3f.jpg',283,1,'User','086cab9d68-1',''),(114,'Users/User282/c68687.jpg',282,0,'User','027ccdccce-6',''),(115,'Users/User282/c52357.jpg',282,0,'User','28b13ee45b-2',''),(116,'Users/User282/f407c6.jpg',282,1,'User','8bcc9164c8-1',''),(117,'UserVerifies/UserVerify71/4a4ff2.jpg',71,1,'UserVerify','c538c77334-1',''),(118,'UserVerifies/UserVerify72/86cbd2.jpg',72,1,'UserVerify','c41e331d87-1',''),(119,'Users/User314/afbb31.jpg',314,1,'User','4d459288e1-1',''),(120,'Users/User315/fc53cc.jpg',315,1,'User','620c2e5444-1',''),(121,'Users/User317/0830ae.jpg',317,0,'User','f1d1637911-2',''),(122,'Users/User317/9032b1.jpg',317,1,'User','e8036f8c8b-1',''),(123,'Users/User318/f7f4a9.jpg',318,1,'User','c55bfbf4b8-1',''),(124,'Users/User356/049c41.jpg',356,1,'User','4b62c4f7b5-1',''),(125,'UserVerifies/UserVerify89/e5ecac.jpg',89,1,'UserVerify','3c4d6da6bb-1',''),(126,'UserVerifies/UserVerify90/ec3345.jpg',90,1,'UserVerify','62d750a956-1',''),(127,'UserVerifies/UserVerify91/9580c9.jpg',91,1,'UserVerify','a58d1e6e72-1',''),(128,'UserVerifies/UserVerify92/acc1e4.jpg',92,1,'UserVerify','854eb0638f-1','');
/*!40000 ALTER TABLE `image` ENABLE KEYS */;
UNLOCK TABLES;

--
-- Table structure for table `migration`
--

DROP TABLE IF EXISTS `migration`;
/*!40101 SET @saved_cs_client     = @@character_set_client */;
/*!40101 SET character_set_client = utf8 */;
CREATE TABLE `migration` (
  `version` varchar(180) NOT NULL,
  `apply_time` int(11) DEFAULT NULL,
  PRIMARY KEY (`version`)
) ENGINE=InnoDB DEFAULT CHARSET=utf8mb4 COLLATE=utf8mb4_general_ci;
/*!40101 SET character_set_client = @saved_cs_client */;

--
-- Dumping data for table `migration`
--

LOCK TABLES `migration` WRITE;
/*!40000 ALTER TABLE `migration` DISABLE KEYS */;
INSERT INTO `migration` VALUES ('m000000_000000_base',1685444526),('m230529_085943_create_auth_tokens_table',1685444534),('m230530_114724_change_filed_fcm_token_auth_tokens_table',1685466025),('m230531_121118_add_field_blocked_before_users_table',1685542457),('m230606_141323_add_field_expired_at_to_auth_tokens_table',1686065212),('m230613_164501_add_field_payment_',1686686673),('m230807_123029_walletInv',1691412544),('m230807_125316_wallettrade',1691412954),('m230807_150022_updateusers',1691420629),('m230809_112622_history',1691584340),('m230819_170848_ratings',1692465059),('m230820_143444_chart_update',1692542166),('m230825_121243_p2p_ads',1692965699),('m230825_122421_p2p_ads2',1692966332),('m230829_130950_p2ppayment',1693314660),('m230902_133850_paymentactive',1693662064),('m230902_142705_b2b',1693664944),('m230902_143951_b2b_uuid',1693665653),('m230902_144440_b2b_payment',1693665916),('m230903_124107_b2b_currency',1693744958),('m230903_130044_b2b_rename',1693746172),('m230903_130818_chart_b2b',1693746586),('m230903_155025_b2b_history',1693756345),('m230906_064528_p2p_history',1693982818),('m230906_064534_b2b_history',1693982818),('m230909_044407_b2b_history_add',1694235810),('m230909_050101_payment_desc',1694235810),('m230909_050243_p2p_history_add',1694235810),('m230914_074720_cryptomus',1694677767),('m230914_094019_cryptomys_update',1694684500),('m230914_102906_chainchart',1694687405);
/*!40000 ALTER TABLE `migration` ENABLE KEYS */;
UNLOCK TABLES;

--
-- Table structure for table `p2p_ads`
--

DROP TABLE IF EXISTS `p2p_ads`;
/*!40101 SET @saved_cs_client     = @@character_set_client */;
/*!40101 SET character_set_client = utf8 */;
CREATE TABLE `p2p_ads` (
  `id` int(11) NOT NULL AUTO_INCREMENT,
  `user_id` int(11) NOT NULL,
  `chart_id` int(11) NOT NULL,
  `wallet_id` int(11) NOT NULL,
  `currency_id` int(11) NOT NULL,
  `type` int(11) NOT NULL,
  `min_limit` decimal(27,8) NOT NULL,
  `amount` decimal(27,8) NOT NULL,
  `course` decimal(27,8) NOT NULL,
  `date` int(11) NOT NULL,
  `status` int(11) NOT NULL DEFAULT 0,
  `uuid` varchar(20) DEFAULT NULL,
  `duration` int(11) DEFAULT NULL,
  `start_amount` decimal(27,8) DEFAULT NULL,
  `max_limit` decimal(27,8) DEFAULT NULL,
  PRIMARY KEY (`id`),
  UNIQUE KEY `uuid` (`uuid`)
) ENGINE=InnoDB AUTO_INCREMENT=76 DEFAULT CHARSET=utf8mb4 COLLATE=utf8mb4_general_ci;
/*!40101 SET character_set_client = @saved_cs_client */;

--
-- Dumping data for table `p2p_ads`
--

LOCK TABLES `p2p_ads` WRITE;
/*!40000 ALTER TABLE `p2p_ads` DISABLE KEYS */;
INSERT INTO `p2p_ads` VALUES (54,317,259,32,1,2,100.00000000,0.00030655,2900000.00000000,1694415143,2,'711133064',900,0.00034483,1000.00000000),(55,317,258,26,1,2,100.00000000,0.00085715,2800000.00000000,1694422933,2,'737927640',900,0.00089286,200.00000000),(56,317,258,26,1,2,150.00000000,0.00023077,2600000.00000000,1694423476,2,'911286528',900,0.00042308,1000.00000000),(57,315,259,31,1,2,200.00000000,3.00000000,100.00000000,1694428596,1,'508342460',900,5.00000000,500.00000000),(58,307,258,45,1,1,10.00000000,0.00009375,3200000.00000000,1694429203,9,'872139567',900,0.00009375,20.00000000),(59,317,258,26,1,2,200.00000000,0.00035000,2000000.00000000,1694429538,1,'552829020',900,0.00050000,300.00000000),(60,307,258,45,1,2,10.00000000,0.00003333,3000000.00000000,1694431363,-1,'459406609',900,0.00003333,20.00000000),(61,317,258,26,1,2,10.00000000,0.00063334,300000.00000000,1694432428,1,'594931406',900,0.00066667,20.00000000),(62,317,258,26,1,2,40.00000000,0.00001997,5008881.00000000,1694432838,1,'448080426',900,0.00003993,100.00000000),(63,317,258,26,1,2,2.00000000,0.00000320,2500000.00000000,1694433168,1,'869775940',900,0.00000400,5.00000000),(64,317,258,26,1,2,2.00000000,0.00000178,2800000.00000000,1694434007,1,'286114102',900,0.00000357,5.00000000),(65,317,258,26,1,1,20.00000000,0.00039200,2500000.00000000,1694434120,1,'115961014',900,0.00040000,30.00000000),(66,317,258,26,1,2,10.00000000,0.00006334,3000000.00000000,1694434246,1,'477987342',900,0.00006667,100.00000000),(67,317,258,26,1,2,10.00000000,0.00000334,3000000.00000000,1694434334,1,'207946064',900,0.00000667,20.00000000),(68,317,258,26,1,2,10.00000000,0.00003000,3000000.00000000,1694434703,1,'457880078',900,0.00003333,20.00000000),(69,317,258,26,1,2,2.00000000,0.00001600,3000000.00000000,1694513926,1,'806916059',900,0.00001667,3.00000000),(70,317,258,26,1,2,5.00000000,0.00000263,3800000.00000000,1694520022,6,'326234249',900,0.00000263,6.00000000),(71,317,258,26,1,2,5.00000000,0.00000263,3800000.00000000,1694520085,6,'819397502',900,0.00000263,7.00000000),(72,307,258,45,1,2,1.00000000,0.00000200,3500000.00000000,1694520746,2,'553395465',900,0.00000286,5.00000000),(73,307,259,50,1,1,1.00000000,0.00000167,3000001.00000000,1694522202,-1,'779879051',900,0.00000167,2.00000000),(74,317,258,26,1,1,2.00000000,0.00000077,3000001.00000000,1694522521,1,'946052226',900,0.00000167,3.00000000),(75,317,258,26,1,2,1.00000000,0.00000133,3000003.00000000,1694522663,6,'465179506',900,0.00000133,2.00000000);
/*!40000 ALTER TABLE `p2p_ads` ENABLE KEYS */;
UNLOCK TABLES;

--
-- Table structure for table `p2p_history`
--

DROP TABLE IF EXISTS `p2p_history`;
/*!40101 SET @saved_cs_client     = @@character_set_client */;
/*!40101 SET character_set_client = utf8 */;
CREATE TABLE `p2p_history` (
  `id` int(11) NOT NULL AUTO_INCREMENT,
  `p2p_ads_id` int(11) NOT NULL,
  `author_id` int(11) NOT NULL,
  `payment_id` int(11) NOT NULL DEFAULT 0,
  `start_date` int(11) NOT NULL,
  `end_date` int(11) NOT NULL,
  `price` decimal(27,8) NOT NULL,
  `status` int(11) NOT NULL DEFAULT 0,
  `creator_id` int(11) NOT NULL,
  `description_id` int(11) DEFAULT 0,
  PRIMARY KEY (`id`)
) ENGINE=InnoDB AUTO_INCREMENT=126 DEFAULT CHARSET=utf8mb4 COLLATE=utf8mb4_general_ci;
/*!40101 SET character_set_client = @saved_cs_client */;

--
-- Dumping data for table `p2p_history`
--

LOCK TABLES `p2p_history` WRITE;
/*!40000 ALTER TABLE `p2p_history` DISABLE KEYS */;
INSERT INTO `p2p_history` VALUES (107,54,307,4,1694422511,1694423411,111.00000000,2,317,0),(108,55,307,4,1694423046,1694423946,100.00000000,2,317,0),(109,56,315,4,1694428720,1694429620,500.00000000,2,317,0),(110,59,315,4,1694430777,1694431677,300.00000000,1,317,0),(111,57,307,32,1694430886,1694431786,200.00000000,1,315,0),(112,61,307,33,1694432614,1694433514,10.00000000,1,317,0),(113,62,307,4,1694432954,1694433854,100.00000000,1,317,0),(114,63,307,4,1694433635,1694434535,2.00000000,1,317,0),(115,64,307,4,1694434031,1694434931,5.00000000,1,317,0),(116,66,307,4,1694434269,1694435169,10.00000000,1,317,0),(117,67,307,33,1694434357,1694435257,10.00000000,1,317,0),(118,65,307,33,1694437712,1694438612,20.00000000,1,317,0),(119,68,307,4,1694663540,1694664440,10.00000000,1,317,0),(120,74,307,4,1694668702,1694669602,0.00000090,1,317,0),(121,69,307,4,1694675448,1694676348,2.00000000,1,317,0),(122,75,307,4,1694676066,1694676966,0.00000000,6,317,6),(123,71,307,4,1694676631,1694677531,0.00000000,6,317,1),(124,70,307,4,1694676947,1694677847,5.00000000,6,317,2),(125,72,356,4,1694683235,1694684135,3.00000000,2,307,0);
/*!40000 ALTER TABLE `p2p_history` ENABLE KEYS */;
UNLOCK TABLES;

--
-- Table structure for table `p2p_payment`
--

DROP TABLE IF EXISTS `p2p_payment`;
/*!40101 SET @saved_cs_client     = @@character_set_client */;
/*!40101 SET character_set_client = utf8 */;
CREATE TABLE `p2p_payment` (
  `id` int(11) NOT NULL AUTO_INCREMENT,
  `p2p_ads_id` int(11) NOT NULL,
  `payment_id` int(11) NOT NULL,
  `user_id` int(11) NOT NULL,
  PRIMARY KEY (`id`)
) ENGINE=InnoDB AUTO_INCREMENT=101 DEFAULT CHARSET=utf8mb4 COLLATE=utf8mb4_general_ci;
/*!40101 SET character_set_client = @saved_cs_client */;

--
-- Dumping data for table `p2p_payment`
--

LOCK TABLES `p2p_payment` WRITE;
/*!40000 ALTER TABLE `p2p_payment` DISABLE KEYS */;
INSERT INTO `p2p_payment` VALUES (75,54,4,317),(76,55,4,317),(77,56,4,317),(78,57,32,315),(79,58,4,307),(80,58,31,307),(81,59,4,317),(82,59,33,317),(83,60,4,307),(84,61,33,317),(85,62,4,317),(86,63,4,317),(87,64,4,317),(88,65,33,317),(89,66,4,317),(90,67,33,317),(91,68,4,317),(92,69,4,317),(93,70,4,317),(94,71,4,317),(95,72,4,307),(96,73,4,307),(97,74,4,317),(98,74,33,317),(99,75,4,317),(100,75,33,317);
/*!40000 ALTER TABLE `p2p_payment` ENABLE KEYS */;
UNLOCK TABLES;

--
-- Table structure for table `payment_desc`
--

DROP TABLE IF EXISTS `payment_desc`;
/*!40101 SET @saved_cs_client     = @@character_set_client */;
/*!40101 SET character_set_client = utf8 */;
CREATE TABLE `payment_desc` (
  `id` int(11) NOT NULL AUTO_INCREMENT,
  `text` varchar(255) DEFAULT NULL,
  PRIMARY KEY (`id`)
) ENGINE=InnoDB AUTO_INCREMENT=7 DEFAULT CHARSET=utf8mb4 COLLATE=utf8mb4_general_ci;
/*!40101 SET character_set_client = @saved_cs_client */;

--
-- Dumping data for table `payment_desc`
--

LOCK TABLES `payment_desc` WRITE;
/*!40000 ALTER TABLE `payment_desc` DISABLE KEYS */;
INSERT INTO `payment_desc` VALUES (1,' ()  '),(2,' ,       '),(3,'   '),(4,'  ()  '),(5,'  (),   '),(6,'');
/*!40000 ALTER TABLE `payment_desc` ENABLE KEYS */;
UNLOCK TABLES;

--
-- Table structure for table `payment_type`
--

DROP TABLE IF EXISTS `payment_type`;
/*!40101 SET @saved_cs_client     = @@character_set_client */;
/*!40101 SET character_set_client = utf8 */;
CREATE TABLE `payment_type` (
  `id` int(11) NOT NULL AUTO_INCREMENT,
  `active` int(11) NOT NULL DEFAULT 1,
  `currency_id` int(11) NOT NULL,
  `name` varchar(255) NOT NULL,
  PRIMARY KEY (`id`)
) ENGINE=InnoDB AUTO_INCREMENT=1987 DEFAULT CHARSET=utf8mb4 COLLATE=utf8mb4_general_ci;
/*!40101 SET character_set_client = @saved_cs_client */;

--
-- Dumping data for table `payment_type`
--

LOCK TABLES `payment_type` WRITE;
/*!40000 ALTER TABLE `payment_type` DISABLE KEYS */;
INSERT INTO `payment_type` VALUES (4,1,1,'QIWI'),(5,1,1,'money'),(6,1,1,'MTS-Bank'),(7,1,1,'Home Credit Bank (Russia)'),(8,1,1,'Post Bank'),(9,1,1,'BinancePay (RUB)'),(10,1,1,'Payeer'),(11,1,1,'Uralsib Bank'),(12,1,1,'Ak Bars Bank'),(13,1,1,'BCS Bank'),(14,1,1,'Mobile top-up'),(15,1,1,'Advcash'),(16,1,1,'Renaissance Credit Bank'),(17,1,1,'Russian Standard Bank'),(18,1,1,'OTP'),(19,1,1,'Bank Saint-Petersburg'),(20,1,1,'UniCredit'),(21,1,1,'Credit Europe Bank (Russia)'),(22,1,1,'Bank Transfer'),(23,1,1,'Citibank (Russia)'),(24,1,1,'Raiffeisen Bank Aval'),(25,1,1,'Cash in Person'),(26,1,1,'A-Bank'),(27,1,1,'Transfers with specific bank'),(28,1,1,'Privat Bank (Universal Card)'),(29,1,1,'Alfa-bank'),(30,1,1,'Cash Deposit to Bank'),(31,1,1,'SBP - Fast Bank Transfer'),(32,1,1,'Sberbank'),(33,1,1,'VTB Bank'),(34,1,2,'Wise'),(35,1,2,'Revolut'),(36,1,2,'SEPA Instant'),(37,1,2,'SEPA (EU) bank transfer'),(38,1,2,'Paysera'),(39,1,2,'ZEN'),(40,1,2,'Bank Transfer'),(41,1,2,'N26'),(42,1,2,'BBVA'),(43,1,2,'Advcash'),(44,1,2,'Bizum'),(45,1,2,'Skrill (Moneybookers)'),(46,1,2,'Monobank'),(47,1,2,'MAIB'),(48,1,2,'Privat Bank (Universal Card)'),(49,1,2,'Bunq'),(50,1,2,'Payeer'),(51,1,2,'ING'),(52,1,2,'CaixaBank (Spain)'),(53,1,2,'ABN AMRO'),(54,1,2,'Banco Santander (Spain)'),(55,1,2,'MICB'),(56,1,2,'Bank of Georgia'),(57,1,2,'Kapitalbank'),(58,1,2,'Perfect Money'),(59,1,2,'Transfers with specific bank'),(60,1,2,'Kaspi Bank'),(61,1,2,'International Wire (SWIFT)'),(62,1,2,'Tinkoff'),(63,1,2,'Raiffeisenbank'),(64,1,2,'Banco Sabadell (Spain)'),(65,1,2,'Halyk Bank'),(66,1,2,'TBC Bank'),(67,1,2,'VakifBank'),(68,1,2,'DenizBank'),(69,1,2,'Jysan Bank'),(70,1,2,'Optima Bank'),(71,1,2,'Postepay'),(72,1,2,'A-Bank'),(73,1,2,'PriorBank'),(74,1,2,'NETELLER'),(75,1,2,'Paysend.com'),(76,1,2,'Victoriabank'),(77,1,2,'Altyn Bank'),(78,1,2,'Cash Deposit to Bank'),(79,1,2,'ForteBank'),(80,1,2,'Bank Transfer (Turkey)'),(81,1,2,'MTBank'),(82,1,2,'Ziraat'),(83,1,2,'UniCredit'),(84,1,2,'BNP Paribas'),(85,1,2,'OTP Bank'),(86,1,2,'PUMB'),(87,1,2,'AirTM'),(88,1,2,'Raiffeisen Bank Aval'),(89,1,2,'RosBank'),(90,1,2,'Bakai Bank'),(91,1,2,'Dukascopy Bank'),(92,1,2,'Western Union'),(93,1,2,'La Banque postale'),(94,1,2,'Millennium'),(95,1,2,'CenterCredit Bank'),(96,1,2,'Kuveyt Turk'),(97,1,2,'Ukrsibbank'),(98,1,2,'Ameriabank'),(99,1,2,'Credo Bank'),(100,1,2,'Credit Agricole'),(101,1,2,'FinComBank'),(102,1,2,'DemirBank'),(103,1,2,'IDBank'),(104,1,2,'Inecobank'),(105,1,2,'Papara'),(106,1,2,'QIWI'),(107,1,2,'ABB Bank'),(108,1,2,'Blik'),(109,1,2,'Societe Generale'),(110,1,2,'Unibank'),(111,1,2,'Garanti'),(112,1,2,'BANK'),(113,1,2,'K&H Bank'),(114,1,2,'KoronaPay'),(115,1,2,'Moneygram'),(116,1,2,'Santander Poland'),(117,1,2,'Liberty Bank'),(118,1,2,'Vivid Money'),(119,1,2,'Caisse dEpargne'),(120,1,2,'Erste Bank'),(121,1,2,'Oschadbank'),(122,1,2,'Agrobank'),(123,1,2,'Cash in Person'),(124,1,2,'MONETA Money Bank'),(125,1,2,'QNB'),(126,1,2,'Alior Bank'),(127,1,2,'esk spoitelna'),(128,1,2,'Credit Bank of Peru'),(129,1,2,'Eurasian Bank'),(130,1,2,'Monzo'),(131,1,2,'OTP'),(132,1,2,'Akbank'),(133,1,2,'Apple Pay'),(134,1,2,'DSK Bank'),(135,1,2,'Fio banka'),(136,1,2,'Idea Bank'),(137,1,2,'PKO Bank'),(138,1,2,'Asaka Bank'),(139,1,2,'Bank Transfer (Romania)'),(140,1,2,'Banco de Credito'),(141,1,2,'Banesco Panama'),(142,1,2,'Ipoteka Bank'),(143,1,2,'KICB'),(144,1,2,'Pasha Bank'),(145,1,2,'Paritet Bank'),(146,1,2,'Payall'),(147,1,2,'Statusbank'),(148,1,2,'UniCredit Bulbank'),(149,1,2,'Uphold'),(150,1,2,'alBaraka'),(151,1,2,'ABA'),(152,1,2,'Banco General Panama'),(153,1,2,'Bank Pekao'),(154,1,2,'Bank Transfer (Middle East)'),(155,1,2,'BOS Bank'),(156,1,2,'CIH Bank'),(157,1,2,'Commercial bank Kyrgyzstan'),(158,1,2,'SOB'),(159,1,2,'EQ Bank'),(160,1,2,'HalkBank'),(161,1,2,'Interbank'),(162,1,2,'PayMe'),(163,1,2,'Post Bank'),(164,1,2,'BinancePay (RUB)'),(165,1,2,'Russian Standard Bank'),(166,1,2,'Sofort'),(167,1,2,'Trans Bank'),(168,1,2,'United Bulgarian Bank (UBB)'),(169,1,2,'ACLEDA'),(170,1,2,'Aiyl Bank'),(171,1,2,'Alipay'),(172,1,2,'Allied Bank Limited, Wholesale Branch'),(173,1,2,'ArCA'),(174,1,2,'ArmEconomBank'),(175,1,2,'Asia United Bank'),(176,1,2,'Azer Turk Bank'),(177,1,2,'BasisBank'),(178,1,2,'BCEL'),(179,1,2,'Bancolombia S.A'),(180,1,2,'Bancontact'),(181,1,2,'Banesco'),(182,1,2,'Bank Transfer (India)'),(183,1,2,'Bank of America'),(184,1,2,'CalBank'),(185,1,2,'Cash app'),(186,1,2,'Easypaisa-PK Only'),(187,1,2,'Fibabanka'),(188,1,2,'Freedom Bank'),(189,1,2,'Humo'),(190,1,2,'IMPS'),(191,1,2,'Lloyds Bank'),(192,1,2,'MKB Bank'),(193,1,2,'NayaPay'),(194,1,2,'Nequi'),(195,1,2,'Paytm'),(196,1,2,'PhonePe'),(197,1,2,'Pix'),(198,1,2,'RSK Bank'),(199,1,2,'Raast'),(200,1,2,'Satispay'),(201,1,2,'Standard Chartered Bank'),(202,1,2,'Transferencia ACH (Panam)'),(203,1,2,'BinancePay (UAH)'),(204,1,2,'UPI'),(205,1,2,'Zinli'),(206,1,2,'mBank'),(207,1,3,'Wise'),(208,1,3,'Zelle'),(209,1,3,'AirTM'),(210,1,3,'Skrill (Moneybookers)'),(211,1,3,'Revolut'),(212,1,3,'Banco Pichincha'),(213,1,3,'Perfect Money'),(214,1,3,'Bank Transfer'),(215,1,3,'Bank of Georgia'),(216,1,3,'Zinli'),(217,1,3,'Advcash'),(218,1,3,'Payeer'),(219,1,3,'Privat Bank (Universal Card)'),(220,1,3,'Banco Guayaquil'),(221,1,3,'NETELLER'),(222,1,3,'TBC Bank'),(223,1,3,'Bank of America'),(224,1,3,'Banesco Panama'),(225,1,3,'Monobank'),(226,1,3,'Credit Bank of Peru'),(227,1,3,'Produbanco'),(228,1,3,'ABA'),(229,1,3,'Tinkoff'),(230,1,3,'Western Union'),(231,1,3,'Kapitalbank'),(232,1,3,'MAIB'),(233,1,3,'Interbank'),(234,1,3,'MICB'),(235,1,3,'M-PESA Kenya (Safaricom)'),(236,1,3,'Banco de Credito'),(237,1,3,'International Wire (SWIFT)'),(238,1,3,'Mercantil Bank Panama'),(239,1,3,'Banco General Panama'),(240,1,3,'BBVA'),(241,1,3,'Cash app'),(242,1,3,'Mony'),(243,1,3,'Prex'),(244,1,3,'Moneygram'),(245,1,3,'Bank Transfer (Argentina)'),(246,1,3,'Kaspi Bank'),(247,1,3,'Transfers with specific bank'),(248,1,3,'Victoriabank'),(249,1,3,'Banco del pacifico'),(250,1,3,'DenizBank'),(251,1,3,'Uphold'),(252,1,3,'Banco Bolivariano'),(253,1,3,'VakifBank'),(254,1,3,'Halyk Bank'),(255,1,3,'BAC Costa Rica'),(256,1,3,'Bank Transfer (Turkey)'),(257,1,3,'ACLEDA'),(258,1,3,'Scotiabank Peru'),(259,1,3,'ZEN'),(260,1,3,'Altyn Bank'),(261,1,3,'A-Bank'),(262,1,3,'Credo Bank'),(263,1,3,'Banco de Costa Rica'),(264,1,3,'M-pesa Paybill'),(265,1,3,'Ameriabank'),(266,1,3,'Cash Deposit to Bank'),(267,1,3,'ForteBank'),(268,1,3,'Jysan Bank'),(269,1,3,'UPI'),(270,1,3,'Bank Transfer (Costa Rica)'),(271,1,3,'CenterCredit Bank'),(272,1,3,'Ita Uruguay'),(273,1,3,'Optima Bank'),(274,1,3,'PUMB'),(275,1,3,'Raiffeisenbank'),(276,1,3,'Ziraat'),(277,1,3,'Payall'),(278,1,3,'Banco Brubank'),(279,1,3,'Paytm'),(280,1,3,'Transferencia Bancaria Costa Rica'),(281,1,3,'Unibank'),(282,1,3,'Wing Money'),(283,1,3,'Bakai Bank'),(284,1,3,'Bank Transfer (Cambodia)'),(285,1,3,'Banco Santander Uruguay'),(286,1,3,'RosBank'),(287,1,3,'DemirBank'),(288,1,3,'Google Pay (GPay)'),(289,1,3,'IMPS'),(290,1,3,'Banistmo Panama'),(291,1,3,'Bank of the Republic of Uruguay'),(292,1,3,'KHQR'),(293,1,3,'PhonePe'),(294,1,3,'PriorBank'),(295,1,3,'MTN Mobile Money'),(296,1,3,'M-pesa (Vodafone)'),(297,1,3,'Cash in Person'),(298,1,3,'Facebank International'),(299,1,3,'IDBank'),(300,1,3,'OTP Bank'),(301,1,3,'Bakong'),(302,1,3,'FinComBank'),(303,1,3,'Reba'),(304,1,3,'Kuveyt Turk'),(305,1,3,'Easypaisa-PK Only'),(306,1,3,'KoronaPay'),(307,1,3,'Venmo'),(308,1,3,'Davivienda S.A'),(309,1,3,'BANK'),(310,1,3,'Nequi'),(311,1,3,'PayMe'),(312,1,3,'Paysera'),(313,1,3,'SadaPay'),(314,1,3,'Banco del Sol'),(315,1,3,'Bank Transfer (India)'),(316,1,3,'Freedom Bank'),(317,1,3,'NayaPay'),(318,1,3,'Gcash'),(319,1,3,'Pago Movil'),(320,1,3,'Papara'),(321,1,3,'TD Bank'),(322,1,3,'BAC Credomatic'),(323,1,3,'SEPA (EU) bank transfer'),(324,1,3,'Scotiabank Costa Rica'),(325,1,3,'UnionBank of the Philippines'),(326,1,3,'Airtel Money'),(327,1,3,'Garanti'),(328,1,3,'Humo'),(329,1,3,'Liberty Bank'),(330,1,3,'Metropolitan Bank of the Philippines'),(331,1,3,'OCA Blue'),(332,1,3,'Paymaya'),(333,1,3,'Transferencia ACH (Panam)'),(334,1,3,'MoMo'),(335,1,3,'Tigo Pesa'),(336,1,3,'Towerbank'),(337,1,3,'Ukrsibbank'),(338,1,3,'Uzcard'),(339,1,3,'BCR Bank'),(340,1,3,'Citibank (Russia)'),(341,1,3,'Credit Europe Bank (Russia)'),(342,1,3,'MTBank'),(343,1,3,'SEPA Instant'),(344,1,3,'Banco Falabella'),(345,1,3,'Bank Transfer Peru'),(346,1,3,'Raiffeisen Bank Aval'),(347,1,3,'Scotiabank Uruguay'),(348,1,3,'Apelsin'),(349,1,3,'Banco Agricola SV'),(350,1,3,'Banco BAC Credomatic SV'),(351,1,3,'DANA'),(352,1,3,'Interac e-Transfer'),(353,1,3,'Meezan Bank'),(354,1,3,'whish MONEY'),(355,1,3,'Wilobank'),(356,1,3,'Yape'),(357,1,3,'bKash'),(358,1,3,'Alipay'),(359,1,3,'Bank of the Philippine Islands (BPI)'),(360,1,3,'Bancolombia S.A'),(361,1,3,'Coins.ph'),(362,1,3,'Credit Agricole'),(363,1,3,'Eurasian Bank'),(364,1,3,'Lemon Cash'),(365,1,3,'Mercadopago'),(366,1,3,'Naranja X'),(367,1,3,'Paritet Bank'),(368,1,3,'Paysend.com'),(369,1,3,'Plin'),(370,1,3,'Banco Santander Argentina'),(371,1,3,'Vodafone cash'),(372,1,3,'BCA'),(373,1,3,'Banco De Oro (BDO)'),(374,1,3,'HalkBank'),(375,1,3,'Idram'),(376,1,3,'Multibank Panama'),(377,1,3,'OVO'),(378,1,3,'Oschadbank'),(379,1,3,'Raast'),(380,1,3,'Red Pagos'),(381,1,3,'WorldRemit'),(382,1,3,'mBank'),(383,1,3,'Banco Lafise Nicaragua'),(384,1,3,'Banco Promerica SV'),(385,1,3,'Bank Transfer (Middle East)'),(386,1,3,'Budapest Bank'),(387,1,3,'GoPay'),(388,1,3,'Home Credit Kazakhstan'),(389,1,3,'Maybank'),(390,1,3,'Millennium'),(391,1,3,'Orange Money - OM'),(392,1,3,'PKO Bank'),(393,1,3,'QIWI'),(394,1,3,'QNB'),(395,1,3,'Alior Bank'),(396,1,3,'Apple Pay'),(397,1,3,'BNP Paribas'),(398,1,3,'Banesco'),(399,1,3,'Bank Transfer (Vietnam)'),(400,1,3,'Banorte'),(401,1,3,'Citibanamex'),(402,1,3,'EQ Bank'),(403,1,3,'MTS-Bank'),(404,1,3,'Mandiri Pay'),(405,1,3,'N26'),(406,1,3,'Rizal Commercial Banking Corporation'),(407,1,3,'True Money'),(408,1,3,'True Money (Cambodia)'),(409,1,3,'United Bank Limited'),(410,1,3,'alBaraka'),(411,1,3,'Access Bank'),(412,1,3,'Akbank'),(413,1,3,'Banco Davivienda SV'),(414,1,3,'Daviplata'),(415,1,3,'Equity Bank'),(416,1,3,'Fio banka'),(417,1,3,'First Bank Of Nigeria'),(418,1,3,'GTBank'),(419,1,3,'Leobank'),(420,1,3,'Mercantil'),(421,1,3,'Premium Bank'),(422,1,3,'Pyypl'),(423,1,3,'Sportbank'),(424,1,3,'UniCredit'),(425,1,3,'Izibank'),(426,1,3,'BanBif'),(427,1,3,'Banco Estado'),(428,1,3,'Bank RBK'),(429,1,3,'Canadia'),(430,1,3,'Dukascopy Bank'),(431,1,3,'FCMB'),(432,1,3,'Landbank of the Philippines'),(433,1,3,'Mobile top-up'),(434,1,3,'Nagad'),(435,1,3,'OTP'),(436,1,3,'Pasha Bank'),(437,1,3,'Rocket'),(438,1,3,'Santander Poland'),(439,1,3,'Transferencia Bancaria Honduras'),(440,1,3,'Upaisa'),(441,1,3,'WeChat'),(442,1,3,'Wally Tech'),(443,1,3,'ZainCash'),(444,1,3,'Zenith Bank'),(445,1,3,'ABB Bank'),(446,1,3,'Anorbank'),(447,1,3,'Bank Transfer (Romania)'),(448,1,3,'BBVA Uruguay'),(449,1,3,'BCEL'),(450,1,3,'Banco de Venezuela'),(451,1,3,'Banco Hipotecario SV'),(452,1,3,'Banco Popular'),(453,1,3,'Banco Santander (Spain)'),(454,1,3,'Banco Union'),(455,1,3,'Bank Pekao'),(456,1,3,'BigPay'),(457,1,3,'Blik'),(458,1,3,'BOS Bank'),(459,1,3,'CIMB Niaga'),(460,1,3,'esk spoitelna'),(461,1,3,'Chipper Cash'),(462,1,3,'Ecobank'),(463,1,3,'Erste Bank'),(464,1,3,'Faster Payments'),(465,1,3,'ING'),(466,1,3,'InfinBank'),(467,1,3,'Keystone Bank'),(468,1,3,'KredoBank'),(469,1,3,'Lloyds Bank'),(470,1,3,'MKB Bank'),(471,1,3,'Monzo'),(472,1,3,'Permata Me'),(473,1,3,'BinancePay (RUB)'),(474,1,3,'SEA Bank'),(475,1,3,'Stanbic Bank'),(476,1,3,'UnionPay'),(477,1,3,'Uzbek National Bank'),(478,1,3,'Viettel Money'),(479,1,3,'ZaloPay'),(480,1,3,'stc pay'),(481,1,3,'urpay'),(482,1,3,'7-Eleven'),(483,1,3,'ADIB: Abu Dhabi Islamic Bank'),(484,1,3,'Absolut Bank'),(485,1,3,'Afriex'),(486,1,3,'Agrobank'),(487,1,3,'Arab Bank'),(488,1,3,'ArmBusinessBank'),(489,1,3,'Asaka Bank'),(490,1,3,'BAC Credomatic Honduras'),(491,1,3,'Banco Atlantida'),(492,1,3,'Banco Continental Paraguay'),(493,1,3,'Banco Fassil'),(494,1,3,'Banco Ganadero'),(495,1,3,'Banco Industrial'),(496,1,3,'Banco Santander Chile'),(497,1,3,'Banco de Bogota'),(498,1,3,'Bandes Uruguay'),(499,1,3,'Bizum'),(500,1,3,'CashU'),(501,1,3,'DSK Bank'),(502,1,3,'Esewa'),(503,1,3,'Faster Payment System (FPS)'),(504,1,3,'Global Bank Panama'),(505,1,3,'HSBC Uruguay'),(506,1,3,'Inecobank'),(507,1,3,'K&H Bank'),(508,1,3,'Ligo'),(509,1,3,'Moov Money'),(510,1,3,'Nurbank'),(511,1,3,'Banco de Occidente Honduras'),(512,1,3,'OLDUBIL'),(513,1,3,'Pi Pay'),(514,1,3,'Pipol Pay'),(515,1,3,'Pix'),(516,1,3,'Provincial'),(517,1,3,'Qishloq Qurilish Bank'),(518,1,3,'RSK Bank'),(519,1,3,'Russian Standard Bank'),(520,1,3,'Scotiabank Panama'),(521,1,3,'Silvergate Bank'),(522,1,3,'Transferencia Bancaria Nicaragua'),(523,1,3,'Tadhamon International Islamic Bank'),(524,1,3,'TMRW by UOB'),(525,1,3,'Tap'),(526,1,3,'Trans Bank'),(527,1,3,'Uala'),(528,1,3,'Union Bank of Nigeria'),(529,1,3,'United Bulgarian Bank (UBB)'),(530,1,3,'Uzpromstroybank'),(531,1,3,'Wave Mobile Money'),(532,1,3,'ZainCash - Business'),(533,1,3,'EziPay'),(534,1,4,'Ziraat'),(535,1,4,'Bank Transfer'),(536,1,4,'Garanti'),(537,1,4,'DenizBank'),(538,1,4,'Kuveyt Turk'),(539,1,4,'VakifBank'),(540,1,4,'Papara'),(541,1,4,'Bank Transfer (Turkey)'),(542,1,4,'BANK'),(543,1,4,'QNB'),(544,1,4,'OLDUBIL'),(545,1,4,'Akbank'),(546,1,4,'Transfers with specific bank'),(547,1,4,'HalkBank'),(548,1,4,'alBaraka'),(549,1,4,'Fibabanka'),(550,1,4,'ING'),(551,1,4,'Advcash'),(552,1,4,'Wise'),(553,1,4,'AirTM'),(554,1,4,'Bakai Bank'),(555,1,4,'KoronaPay'),(556,1,4,'BinancePay (RUB)'),(557,1,4,'Cash Deposit to Bank'),(558,1,4,'Revolut'),(559,1,4,'Burgan Bank (K.S.C) (Burgan)'),(560,1,4,'CashU'),(561,1,4,'Cash app'),(562,1,4,'Kaspi Bank'),(563,1,4,'Payeer'),(564,1,4,'Paysend.com'),(565,1,4,'Qatar National Bank QNB'),(566,1,4,'Skrill (Moneybookers)'),(567,1,4,'Western Union'),(568,1,5,'Bank Transfer'),(569,1,5,'Faster Payment System (FPS)'),(570,1,5,'Cash Deposit to Bank'),(571,1,5,'Revolut'),(572,1,5,'Wise'),(573,1,5,'SEPA (EU) bank transfer'),(574,1,5,'SEPA Instant'),(575,1,5,'International Wire (SWIFT)'),(576,1,5,'Transfers with specific bank'),(577,1,5,'Alipay'),(578,1,5,'Advcash'),(579,1,5,'WeChat'),(580,1,7,'Bank Transfer'),(581,1,7,'BBVA'),(582,1,7,'STP'),(583,1,7,'Citibanamex'),(584,1,7,'Banorte'),(585,1,7,'Cash Deposit to Bank'),(586,1,7,'Santander Mexico'),(587,1,7,'OXXO'),(588,1,7,'Transfers with specific bank'),(589,1,7,'Mercadopago'),(590,1,7,'7-Eleven'),(591,1,7,'Wise'),(592,1,7,'Cash app'),(593,1,7,'Interbank'),(594,1,7,'Revolut'),(595,1,7,'Apple Pay'),(596,1,7,'Banesco'),(597,1,8,'Pago Movil'),(598,1,8,'Banesco'),(599,1,8,'Bank Transfer (Venezuela)'),(600,1,8,'Banco de Venezuela'),(601,1,8,'Mercantil'),(602,1,8,'Provincial'),(603,1,8,'BNC Banco Nacional de Crdito'),(604,1,8,'Transfers with specific bank'),(605,1,8,'Bancamiga'),(606,1,8,'Bancaribe'),(607,1,8,'Banplus'),(608,1,8,'BBVA'),(609,1,8,'Ubii Pagos'),(610,1,8,'Bank Transfer'),(611,1,8,'Banco Plaza'),(612,1,8,'Zinli'),(613,1,8,'Cash Deposit to Bank'),(614,1,8,'Banco Activo'),(615,1,8,'Cash in Person'),(616,1,8,'AirTM'),(617,1,8,'Bancolombia S.A'),(618,1,8,'Mony'),(619,1,8,'Payall'),(620,1,8,'Banco Falabella'),(621,1,8,'Billetera Personal'),(622,1,8,'Recarga Pines'),(623,1,8,'Skrill (Moneybookers)'),(624,1,9,'Banco Santander Chile'),(625,1,9,'Banco de Chile'),(626,1,9,'Banco Estado'),(627,1,9,'Banco Falabella'),(628,1,9,'Transfers with specific bank'),(629,1,9,'MACH'),(630,1,9,'Banco Itau Chile'),(631,1,9,'Tenpo'),(632,1,9,'Bank Transfer'),(633,1,9,'Banco de Credito'),(634,1,9,'Mercadopago'),(635,1,9,'Wise'),(636,1,9,'Scotiabank Colpatria'),(637,1,9,'Banco Santander (Spain)'),(638,1,9,'Bank Transfer (Venezuela)'),(639,1,9,'Interbank'),(640,1,9,'Pago Movil'),(641,1,9,'Trans Bank'),(642,1,10,'MTN Mobile Money'),(643,1,10,'Airtel Money'),(644,1,10,'Chipper Cash'),(645,1,10,'MoMo'),(646,1,10,'M-PESA Kenya (Safaricom)'),(647,1,10,'Bank Transfer'),(648,1,10,'M-pesa (Vodafone)'),(649,1,10,'Mobile top-up'),(650,1,10,'Post Bank'),(651,1,10,'Equity Bank'),(652,1,10,'Tigo Pesa'),(653,1,10,'M-pesa Paybill'),(654,1,10,'EziPay'),(655,1,10,'Afriex'),(656,1,10,'Skrill (Moneybookers)'),(657,1,10,'Transfers with specific bank'),(658,1,10,'Stanbic Bank'),(659,1,11,'Bank Transfer'),(660,1,11,'FNB-ewallet'),(661,1,11,'Nedbank'),(662,1,11,'Capitec Bank'),(663,1,11,'Cash Deposit to Bank'),(664,1,11,'MTN Mobile Money'),(665,1,11,'Bundle'),(666,1,11,'Transfers with specific bank'),(667,1,11,'Cash app'),(668,1,11,'Chipper Cash'),(669,1,11,'Skrill (Moneybookers)'),(670,1,11,'Zelle'),(671,1,11,'Zenith Bank'),(672,1,11,'Mobile top-up'),(673,1,11,'Wise'),(674,1,12,'Postepay'),(675,1,12,'Transfers with specific bank'),(676,1,12,'Cash Deposit to Bank'),(677,1,12,'Bank Transfer'),(678,1,12,'Post Bank'),(679,1,12,'Attijari Bank'),(680,1,12,'Western Union'),(681,1,12,'Arab International Bank of Tunisia'),(682,1,12,'Wise'),(683,1,12,'Amen Bank'),(684,1,12,'Orange Money - OM'),(685,1,12,'Paysera'),(686,1,12,'Skrill (Moneybookers)'),(687,1,12,'Tunisian banking company'),(688,1,13,'M-pesa (Vodafone)'),(689,1,13,'Tigo Pesa'),(690,1,13,'Airtel Money'),(691,1,13,'M-pesa Paybill'),(692,1,13,'MTN Mobile Money'),(693,1,13,'Bank Transfer'),(694,1,13,'M-PESA Kenya (Safaricom)'),(695,1,13,'Vodafone cash'),(696,1,13,'Chipper Cash'),(697,1,13,'Cash Deposit to Bank'),(698,1,13,'Mobile top-up'),(699,1,13,'Tigo Money'),(700,1,13,'Moneygram'),(701,1,13,'International Wire (SWIFT)'),(702,1,13,'Skrill (Moneybookers)'),(703,1,13,'Western Union'),(704,1,14,'Bank Transfer'),(705,1,14,'Bank Transfer (Vietnam)'),(706,1,14,'MoMo'),(707,1,14,'ZaloPay'),(708,1,14,'Viettel Money'),(709,1,14,'Transfers with specific bank'),(710,1,14,'ShopeePay-SEA'),(711,1,14,'VNPT Money'),(712,1,14,'VNPAY'),(713,1,14,'Cash Deposit to Bank'),(714,1,14,'CAKE'),(715,1,14,'VinID'),(716,1,14,'Foxpay'),(717,1,14,'SmartPay'),(718,1,14,'Wise'),(719,1,14,'Alipay'),(720,1,14,'OSKO'),(721,1,14,'ABA'),(722,1,14,'Easypaisa-PK Only'),(723,1,14,'KoronaPay'),(724,1,15,'Bank Transfer'),(725,1,15,'OSKO'),(726,1,15,'Wise'),(727,1,15,'Cash Deposit to Bank'),(728,1,15,'Revolut'),(729,1,15,'Payall'),(730,1,15,'Transfers with specific bank'),(731,1,15,'Bank Transfer (India)'),(732,1,15,'IMPS'),(733,1,15,'UPI'),(734,1,15,'Alipay'),(735,1,15,'Bank Transfer (Taiwan)'),(736,1,15,'LINE Pay'),(737,1,15,'Moneygram'),(738,1,15,'Paytm'),(739,1,15,'Western Union'),(740,1,15,'AirTM'),(741,1,15,'CIMB Niaga'),(742,1,15,'Maybank'),(743,1,15,'Nagad'),(744,1,15,'WeChat'),(745,1,15,'WorldRemit'),(746,1,15,'JKO Transfer'),(747,1,15,'Apple Pay'),(748,1,15,'Cash in Person'),(749,1,15,'DANA'),(750,1,15,'Faster Payment System (FPS)'),(751,1,15,'Google Pay (GPay)'),(752,1,15,'GoPay'),(753,1,15,'Interac e-Transfer'),(754,1,15,'Paysend.com'),(755,1,15,'Paysera'),(756,1,15,'PhonePe'),(757,1,15,'SEPA (EU) bank transfer'),(758,1,15,'SEPA Instant'),(759,1,15,'Skrill (Moneybookers)'),(760,1,15,'bKash'),(761,1,16,'MTN Mobile Money'),(762,1,16,'Vodafone cash'),(763,1,16,'MoMo'),(764,1,16,'Bank Transfer'),(765,1,16,'Ecobank'),(766,1,16,'Airtel Money'),(767,1,16,'Fidelity Bank'),(768,1,16,'Tigo Money'),(769,1,16,'EziPay'),(770,1,16,'M-pesa (Vodafone)'),(771,1,16,'Chipper Cash'),(772,1,16,'Stanbic Bank'),(773,1,16,'CalBank'),(774,1,16,'GTBank'),(775,1,16,'Access Bank'),(776,1,16,'Afriex'),(777,1,16,'Transfers with specific bank'),(778,1,16,'Standard Chartered Bank'),(779,1,16,'GCB Bank'),(780,1,16,'Zenith Bank'),(781,1,16,'Wise'),(782,1,16,'Cash Deposit to Bank'),(783,1,16,'Dashen'),(784,1,16,'Advcash'),(785,1,16,'Interbank'),(786,1,16,'Cash in Person'),(787,1,16,'EQ Bank'),(788,1,16,'EasyPay'),(789,1,16,'Moov Money'),(790,1,16,'Perfect Money'),(791,1,16,'Tigo Pesa'),(792,1,16,'Western Union'),(793,1,16,'WorldRemit'),(794,1,17,'Banco Fassil'),(795,1,17,'Banco Union'),(796,1,17,'Banco Nacional de Bolivia'),(797,1,17,'Banco Ganadero'),(798,1,17,'Banco Mercantil Santa Cruz'),(799,1,17,'Bank Transfer'),(800,1,17,'Banco de Credito'),(801,1,17,'Banco Economico'),(802,1,17,'Tigo Money'),(803,1,17,'SoliPagos'),(804,1,17,'Banco del Sol'),(805,1,17,'Banco Solidario'),(806,1,17,'Cash in Person'),(807,1,17,'Transfers with specific bank'),(808,1,17,'Banco Bisa'),(809,1,17,'Banco Brubank'),(810,1,17,'Credit Bank of Peru'),(811,1,17,'Mercadopago'),(812,1,17,'Uala'),(813,1,18,'Bank Transfer'),(814,1,18,'BCA'),(815,1,18,'DANA'),(816,1,18,'Mandiri Pay'),(817,1,18,'OVO'),(818,1,18,'Permata Me'),(819,1,18,'GoPay'),(820,1,18,'Bank BRI'),(821,1,18,'SEA Bank'),(822,1,18,'Yap! (BNI)'),(823,1,18,'ShopeePay-SEA'),(824,1,18,'LinkAja'),(825,1,18,'Bank Jago'),(826,1,18,'CIMB Niaga'),(827,1,18,'Jenius PayMe'),(828,1,18,'NEO'),(829,1,18,'OCBC NISP'),(830,1,18,'Transfers with specific bank'),(831,1,18,'Hana Bank'),(832,1,18,'Maybank'),(833,1,18,'Blu'),(834,1,18,'LINE Bank'),(835,1,18,'Sinarmas'),(836,1,18,'TMRW by UOB'),(837,1,18,'Danamon Bank'),(838,1,18,'Ligo'),(839,1,18,'Moneygram'),(840,1,18,'NEO Pay Iraq'),(841,1,18,'OSKO'),(842,1,18,'Western Union'),(843,1,18,'Wise'),(844,1,19,'Bank of Khartoum'),(845,1,19,'Bank Transfer'),(846,1,19,'Fibank'),(847,1,19,'Bank Transfer (Middle East)'),(848,1,19,'alBaraka'),(849,1,20,'IDBank'),(850,1,20,'Inecobank'),(851,1,20,'Idram'),(852,1,20,'ArCA'),(853,1,20,'Bank Transfer'),(854,1,20,'Ameriabank'),(855,1,20,'Unibank'),(856,1,20,'ArmBusinessBank'),(857,1,20,'Transfers with specific bank'),(858,1,20,'Tinkoff'),(859,1,20,'RosBank'),(860,1,20,'ArmEconomBank'),(861,1,20,'Bank of America'),(862,1,20,'EasyPay'),(863,1,20,'Payeer'),(864,1,20,'Raiffeisenbank'),(865,1,21,'Moneygram'),(866,1,21,'Western Union'),(867,1,21,'Bank Audi'),(868,1,21,'Bank of Beirut'),(869,1,21,'Credit Libanais'),(870,1,21,'whish MONEY'),(871,1,22,'Alif Bank'),(872,1,22,'DCBank'),(873,1,22,'Bank Transfer'),(874,1,22,'Bank Eskhata'),(875,1,22,'Transfers with specific bank'),(876,1,22,'Spitamen Bank'),(877,1,22,'Amonatbonk'),(878,1,22,'A-Bank'),(879,1,22,'Orienbank'),(880,1,22,'Korti milli'),(881,1,22,'Mobile top-up'),(882,1,22,'BinancePay (RUB)'),(883,1,22,'RosBank'),(884,1,22,'Tinkoff'),(885,1,23,'Bank Transfer'),(886,1,23,'Cash Deposit to Bank'),(887,1,23,'Emirates NBD'),(888,1,23,'Abu Dhabi Commercial Bank ADCB'),(889,1,23,'ADIB: Abu Dhabi Islamic Bank'),(890,1,23,'AL MASHREQ Bank'),(891,1,23,'National Bank of Abu Dhabi FAB'),(892,1,23,'Bank Transfer (Middle East)'),(893,1,23,'Al Hilal Bank'),(894,1,23,'EIB: Emirates Islamic Bank'),(895,1,23,'mBank'),(896,1,23,'Cash in Person'),(897,1,23,'Transfers with specific bank'),(898,1,23,'Mobile top-up'),(899,1,23,'Cashpack'),(900,1,23,'Western Union'),(901,1,23,'Cash app'),(902,1,23,'Easypaisa-PK Only'),(903,1,23,'NayaPay'),(904,1,23,'CashU'),(905,1,23,'Raast'),(906,1,23,'Skrill (Moneybookers)'),(907,1,23,'Wise'),(908,1,23,'Bank Transfer (India)'),(909,1,23,'HSBC Bank Middle East Limited - Bahrain'),(910,1,23,'IMPS'),(911,1,23,'Meezan Bank'),(912,1,23,'UPI'),(913,1,23,'Advcash'),(914,1,23,'Paytm'),(915,1,23,'PhonePe'),(916,1,23,'SadaPay'),(917,1,23,'Standard Chartered Bank'),(918,1,23,'AirTM'),(919,1,23,'Allied Bank Limited, Wholesale Branch'),(920,1,23,'Perfect Money'),(921,1,23,'International Wire (SWIFT)'),(922,1,23,'Alipay'),(923,1,23,'Chipper Cash'),(924,1,23,'Esewa'),(925,1,23,'HSBC Oman'),(926,1,23,'HSBC Uruguay'),(927,1,23,'Khalti'),(928,1,23,'Kuveyt Turk'),(929,1,23,'Liv. KSA'),(930,1,23,'M-PESA Kenya (Safaricom)'),(931,1,23,'Paysend.com'),(932,1,23,'Revolut'),(933,1,23,'United Bank Limited'),(934,1,23,'Upaisa'),(935,1,23,'Airtel Money'),(936,1,24,'Faster Payment System (FPS)'),(937,1,24,'Bank Transfer'),(938,1,24,'PayMe'),(939,1,24,'WeChat'),(940,1,24,'Alipay'),(941,1,24,'Cash in Person'),(942,1,24,'Cash Deposit to Bank'),(943,1,24,'Bank Transfer (Argentina)'),(944,1,24,'Banco Itau Chile'),(945,1,24,'Transfers with specific bank'),(946,1,24,'A-Bank'),(947,1,24,'KBZPay'),(948,1,24,'LINE Pay'),(949,1,25,'Bank Transfer (Taiwan)'),(950,1,25,'LINE Pay'),(951,1,25,'JKO Transfer'),(952,1,25,'LINE Bank'),(953,1,25,'EasyPay'),(954,1,25,'Bank Transfer'),(955,1,25,'Cash in Person'),(956,1,25,'Alipay'),(957,1,25,'Shopee (Taiwan)'),(958,1,25,'WeChat'),(959,1,25,'7-Eleven'),(960,1,25,'Cash Deposit to Bank'),(961,1,25,'Cash app'),(962,1,26,'Bank Transfer'),(963,1,26,'Revolut'),(964,1,26,'Wise'),(965,1,27,'Interac e-Transfer'),(966,1,27,'TD Bank'),(967,1,27,'RBC Royal Bank'),(968,1,27,'CIBC'),(969,1,27,'Wise'),(970,1,27,'BMO'),(971,1,27,'Tangerine bank'),(972,1,27,'Bank Transfer'),(973,1,27,'EQ Bank'),(974,1,27,'Cash Deposit to Bank'),(975,1,27,'Transfers with specific bank'),(976,1,27,'UPI'),(977,1,27,'Alipay'),(978,1,27,'AirTM'),(979,1,27,'Bank Transfer (India)'),(980,1,27,'IMPS'),(981,1,27,'Payall'),(982,1,27,'Skrill (Moneybookers)'),(983,1,27,'Western Union'),(984,1,27,'Cashpack'),(985,1,27,'PayMe'),(986,1,27,'Paysera'),(987,1,27,'Paytm'),(988,1,27,'PhonePe'),(989,1,27,'Revolut'),(990,1,27,'SEPA (EU) bank transfer'),(991,1,28,'Bank Transfer'),(992,1,29,'KBZPay'),(993,1,29,'Cash Deposit to Bank'),(994,1,29,'Bank Transfer'),(995,1,29,'CB Pay'),(996,1,29,'WavePay'),(997,1,29,'AYA Pay'),(998,1,29,'Wave Mobile Money'),(999,1,29,'uabpay'),(1000,1,29,'Transfers with specific bank'),(1001,1,29,'Faster Payments'),(1002,1,29,'Onepay'),(1003,1,29,'cpay'),(1004,1,30,'MTN Mobile Money'),(1005,1,30,'Orange Money - OM'),(1006,1,30,'Wave Mobile Money'),(1007,1,30,'Moov Money'),(1008,1,30,'Bank Transfer'),(1009,1,30,'Ecobank'),(1010,1,30,'Mobile top-up'),(1011,1,30,'Chipper Cash'),(1012,1,30,'Inecobank'),(1013,1,30,'Western Union'),(1014,1,30,'EziPay'),(1015,1,30,'MoMo'),(1016,1,30,'Moneygram'),(1017,1,30,'Transfers with specific bank'),(1018,1,30,'Freedom Bank'),(1019,1,30,'Tigo Money'),(1020,1,30,'Airtel Money'),(1021,1,30,'M-PESA Kenya (Safaricom)'),(1022,1,30,'Perfect Money'),(1023,1,30,'Wise'),(1024,1,31,'Bank of Georgia'),(1025,1,31,'TBC Bank'),(1026,1,31,'Credo Bank'),(1027,1,31,'Liberty Bank'),(1028,1,31,'KoronaPay'),(1029,1,31,'Tinkoff'),(1030,1,31,'Bank Transfer'),(1031,1,31,'RosBank'),(1032,1,31,'Western Union'),(1033,1,31,'KredoBank'),(1034,1,31,'Privat Bank (Universal Card)'),(1035,1,31,'Raiffeisenbank'),(1036,1,31,'International Wire (SWIFT)'),(1037,1,32,'BCR Bank'),(1038,1,32,'Bank Transilvania'),(1039,1,32,'Raiffeisenbank'),(1040,1,32,'BRD Bank'),(1041,1,32,'Revolut'),(1042,1,32,'Bank Transfer (Romania)'),(1043,1,32,'CEC'),(1044,1,32,'ING'),(1045,1,32,'Orange Money - OM'),(1046,1,32,'UniCredit'),(1047,1,32,'Bank Transfer'),(1048,1,32,'Wise'),(1049,1,32,'OTP Bank'),(1050,1,32,'ZEN'),(1051,1,32,'OTP'),(1052,1,32,'Transfers with specific bank'),(1053,1,33,'Prex'),(1054,1,33,'Ita Uruguay'),(1055,1,33,'Bank of the Republic of Uruguay'),(1056,1,33,'Banco Santander Uruguay'),(1057,1,33,'OCA Blue'),(1058,1,33,'Red Pagos'),(1059,1,33,'Transfers with specific bank'),(1060,1,33,'Scotiabank Uruguay'),(1061,1,33,'BBVA Uruguay'),(1062,1,33,'Mercadopago'),(1063,1,33,'Wise'),(1064,1,33,'AirTM'),(1065,1,33,'Bancolombia S.A'),(1066,1,33,'Bandes Uruguay'),(1067,1,33,'Daviplata'),(1068,1,33,'Davivienda S.A'),(1069,1,33,'Nequi'),(1070,1,33,'Pix'),(1071,1,33,'Privat Bank (Universal Card)'),(1072,1,34,'CIH Bank'),(1073,1,34,'Bank Transfer'),(1074,1,34,'Attijari Bank'),(1075,1,34,'Attijariwafa National Bank'),(1076,1,34,'BMCE Bank'),(1077,1,34,'Societe Generale'),(1078,1,34,'Socit Gnrale Commercial Maroc'),(1079,1,34,'BRD Bank'),(1080,1,34,'Post Bank'),(1081,1,34,'Crdit Banque Populaire du Maroc'),(1082,1,34,'Crdit du Maroc'),(1083,1,34,'Credit Agricole'),(1084,1,34,'La Banque postale'),(1085,1,34,'Cash Deposit to Bank'),(1086,1,34,'Western Union'),(1087,1,34,'Skrill (Moneybookers)'),(1088,1,34,'Wise'),(1089,1,34,'Orange Money - OM'),(1090,1,34,'Transfers with specific bank'),(1091,1,34,'Advcash'),(1092,1,34,'Mobile top-up'),(1093,1,34,'Payeer'),(1094,1,35,'Bank Transfer'),(1095,1,35,'Cash Deposit to Bank'),(1096,1,35,'Mobile top-up'),(1097,1,35,'ABA'),(1098,1,35,'eZCash'),(1099,1,35,'ACLEDA'),(1100,1,35,'Transfers with specific bank'),(1101,1,35,'Wing Money'),(1102,1,35,'A-Bank'),(1103,1,35,'KHQR'),(1104,1,35,'Bank Transfer (Cambodia)'),(1105,1,35,'Wise'),(1106,1,35,'PayMe'),(1107,1,35,'International Wire (SWIFT)'),(1108,1,35,'Bakong'),(1109,1,35,'Canadia'),(1110,1,35,'ABN AMRO'),(1111,1,35,'Genie'),(1112,1,35,'Google Pay (GPay)'),(1113,1,35,'NETELLER'),(1114,1,35,'Privat Bank (Universal Card)'),(1115,1,35,'Qatar National Bank QNB'),(1116,1,35,'Rizal Commercial Banking Corporation'),(1117,1,35,'True Money (Cambodia)'),(1118,1,35,'Airtel Money'),(1119,1,36,'Bank Transfer'),(1120,1,36,'Access Bank'),(1121,1,36,'GTBank'),(1122,1,36,'Chipper Cash'),(1123,1,36,'Transfers with specific bank'),(1124,1,36,'First Bank Of Nigeria'),(1125,1,36,'Zenith Bank'),(1126,1,36,'GoMoney'),(1127,1,36,'Faster Payments'),(1128,1,36,'Cash Deposit to Bank'),(1129,1,36,'Afriex'),(1130,1,36,'FCMB'),(1131,1,36,'Union Bank of Nigeria'),(1132,1,36,'Mobile top-up'),(1133,1,36,'Stanbic Bank'),(1134,1,36,'Bank Transfer (Middle East)'),(1135,1,36,'Keystone Bank'),(1136,1,36,'Zelle'),(1137,1,36,'Ecobank'),(1138,1,36,'Sterling Bank'),(1139,1,36,'Fidelity Bank'),(1140,1,36,'Interbank'),(1141,1,36,'AirTM'),(1142,1,36,'Orange Money - OM'),(1143,1,36,'Bundle'),(1144,1,36,'Instant Bank Transfer'),(1145,1,36,'K Bank'),(1146,1,36,'NETELLER'),(1147,1,36,'Cash app'),(1148,1,36,'Equity Bank'),(1149,1,36,'Home Credit Bank (Russia)'),(1150,1,36,'MTN Mobile Money'),(1151,1,36,'M-pesa Paybill'),(1152,1,36,'Vodafone cash'),(1153,1,36,'Alipay'),(1154,1,36,'Apple Pay'),(1155,1,36,'Bitsika'),(1156,1,36,'Cash in Person'),(1157,1,36,'Easypaisa-PK Only'),(1158,1,36,'Interac e-Transfer'),(1159,1,36,'La Banque postale'),(1160,1,36,'M-PESA Kenya (Safaricom)'),(1161,1,36,'MoMo'),(1162,1,36,'Perfect Money'),(1163,1,36,'QPay'),(1164,1,36,'BinancePay (RUB)'),(1165,1,36,'WeChat'),(1166,1,37,'esk spoitelna'),(1167,1,37,'Revolut'),(1168,1,37,'SOB'),(1169,1,37,'Bank Transfer'),(1170,1,37,'Raiffeisenbank'),(1171,1,37,'Wise'),(1172,1,37,'Fio banka'),(1173,1,37,'MONETA Money Bank'),(1174,1,37,'Raiffeisen Bank Aval'),(1175,1,37,'ZEN'),(1176,1,37,'mBank'),(1177,1,37,'Skrill (Moneybookers)'),(1178,1,37,'UniCredit'),(1179,1,37,'Paysend.com'),(1180,1,37,'Cash Deposit to Bank'),(1181,1,37,'Paysera'),(1182,1,37,'Advcash'),(1183,1,37,'AirTM'),(1184,1,37,'Humo'),(1185,1,37,'EQ Bank'),(1186,1,37,'Uzcard'),(1187,1,38,'m10'),(1188,1,38,'Kapitalbank'),(1189,1,38,'Leobank'),(1190,1,38,'Unibank'),(1191,1,38,'ABB Bank'),(1192,1,38,'Azer Turk Bank'),(1193,1,38,'Bank Transfer'),(1194,1,38,'Rabitabank'),(1195,1,38,'Tinkoff'),(1196,1,38,'Advcash'),(1197,1,38,'Altyn Bank'),(1198,1,38,'Home Credit Bank (Russia)'),(1199,1,38,'Pasha Bank'),(1200,1,39,'Pago Movil'),(1201,1,39,'BAC Costa Rica'),(1202,1,39,'Banco de Costa Rica'),(1203,1,39,'Bank Transfer (Costa Rica)'),(1204,1,39,'BAC Credomatic'),(1205,1,39,'Transferencia Bancaria Costa Rica'),(1206,1,39,'Davivienda S.A'),(1207,1,39,'Scotiabank Costa Rica'),(1208,1,39,'BCR Bank'),(1209,1,39,'Bank Transfer'),(1210,1,39,'Trans Bank'),(1211,1,39,'Banco Promerica SV'),(1212,1,39,'Banco Davivienda SV'),(1213,1,39,'Cash Deposit to Bank'),(1214,1,39,'Privat Bank (Universal Card)'),(1215,1,39,'Transfers with specific bank'),(1216,1,40,'Bank Transfer'),(1217,1,40,'Mobile top-up'),(1218,1,40,'mBank'),(1219,1,40,'Bank Muscat'),(1220,1,40,'Bank Transfer (Middle East)'),(1221,1,40,'Cash Deposit to Bank'),(1222,1,40,'Easypaisa-PK Only'),(1223,1,40,'NayaPay'),(1224,1,40,'Raast'),(1225,1,40,'Skrill (Moneybookers)'),(1226,1,40,'Transfers with specific bank'),(1227,1,40,'A-Bank'),(1228,1,40,'Allied Bank Limited, Wholesale Branch'),(1229,1,40,'Faster Payment System (FPS)'),(1230,1,40,'Meezan Bank'),(1231,1,40,'SadaPay'),(1232,1,40,'United Bank Limited'),(1233,1,41,'Bank Transfer'),(1234,1,41,'Easypaisa-PK Only'),(1235,1,41,'Meezan Bank'),(1236,1,41,'SadaPay'),(1237,1,41,'NayaPay'),(1238,1,41,'Raast'),(1239,1,41,'Upaisa'),(1240,1,41,'United Bank Limited'),(1241,1,41,'Allied Bank Limited, Wholesale Branch'),(1242,1,41,'Standard Chartered Bank'),(1243,1,41,'Cash Deposit to Bank'),(1244,1,41,'Transfers with specific bank'),(1245,1,41,'Perfect Money'),(1246,1,41,'Mobile top-up'),(1247,1,41,'Wise'),(1248,1,41,'Payeer'),(1249,1,41,'EasyPay'),(1250,1,41,'Mobikwik'),(1251,1,41,'Skrill (Moneybookers)'),(1252,1,41,'Western Union'),(1253,1,41,'Altaif Islamic Bank'),(1254,1,41,'Faster Payments'),(1255,1,41,'Google Pay (GPay)'),(1256,1,41,'Revolut'),(1257,1,42,'Wise'),(1258,1,42,'ZEN'),(1259,1,42,'Revolut'),(1260,1,42,'Bank Transfer'),(1261,1,42,'Swish'),(1262,1,42,'Mobile top-up'),(1263,1,42,'Paysend.com'),(1264,1,42,'Bank Transfer (Turkey)'),(1265,1,42,'M-PESA Kenya (Safaricom)'),(1266,1,42,'Mandiri Pay'),(1267,1,42,'Paysera'),(1268,1,42,'Permata Me'),(1269,1,42,'SEPA Instant'),(1270,1,42,'International Wire (SWIFT)'),(1271,1,42,'Transfers with specific bank'),(1272,1,43,'M-PESA Kenya (Safaricom)'),(1273,1,43,'M-pesa Paybill'),(1274,1,43,'Bank Transfer'),(1275,1,43,'Equity Bank'),(1276,1,43,'EQ Bank'),(1277,1,43,'Mobile top-up'),(1278,1,43,'Stanbic Bank'),(1279,1,43,'Airtel Money'),(1280,1,43,'Cash Deposit to Bank'),(1281,1,43,'M-pesa (Vodafone)'),(1282,1,43,'Transfers with specific bank'),(1283,1,43,'Standard Chartered Bank'),(1284,1,43,'Co-Operative Bank Of Kenya'),(1285,1,43,'Chipper Cash'),(1286,1,43,'MTN Mobile Money'),(1287,1,43,'Ecobank'),(1288,1,43,'Afriex'),(1289,1,43,'AirTM'),(1290,1,43,'Dashen'),(1291,1,43,'Tigo Pesa'),(1292,1,43,'WorldRemit'),(1293,1,43,'Access Bank'),(1294,1,43,'ArCA'),(1295,1,43,'BenefitPay'),(1296,1,43,'Bank Transfer (Middle East)'),(1297,1,43,'EasyPay'),(1298,1,43,'NETELLER'),(1299,1,43,'Payall'),(1300,1,43,'International Wire (SWIFT)'),(1301,1,43,'SadaPay'),(1302,1,43,'Skrill (Moneybookers)'),(1303,1,43,'Viettel Money'),(1304,1,43,'EziPay'),(1305,1,44,'Monobank'),(1306,1,44,'Privat Bank (Universal Card)'),(1307,1,44,'PUMB'),(1308,1,44,'A-Bank'),(1309,1,44,'Izibank'),(1310,1,44,'Sportbank'),(1311,1,44,'Oschadbank'),(1312,1,44,'Raiffeisen Bank Aval'),(1313,1,44,'Sense SuperApp'),(1314,1,44,'Wise'),(1315,1,44,'Ukrsibbank'),(1316,1,44,'NEO'),(1317,1,44,'BinancePay (UAH)'),(1318,1,44,'OTP Bank'),(1319,1,44,'Bank Transfer'),(1320,1,44,'Bank Vlasnyi Rakhunok'),(1321,1,44,'OTP'),(1322,1,44,'KredoBank'),(1323,1,44,'Raiffeisenbank'),(1324,1,44,'Credit Agricole'),(1325,1,44,'Bank Pivdenny'),(1326,1,44,'Idea Bank'),(1327,1,44,'Tascombank'),(1328,1,44,'Advcash'),(1329,1,44,'Forward Bank'),(1330,1,44,'SettlePay'),(1331,1,44,'Pravex Bank'),(1332,1,44,'AnyCash'),(1333,1,44,'Altyn Bank'),(1334,1,44,'Credo Bank'),(1335,1,44,'Revolut'),(1336,1,44,'TBC Bank'),(1337,1,44,'AirTM'),(1338,1,44,'Apple Pay'),(1339,1,44,'Bank of Georgia'),(1340,1,44,'International Wire (SWIFT)'),(1341,1,44,'Transfers with specific bank'),(1342,1,44,'Ecobank'),(1343,1,44,'GEO Pay'),(1344,1,44,'Mobile top-up'),(1345,1,44,'BNP Paribas'),(1346,1,44,'Binance Gift Card (UAH)'),(1347,1,44,'Cash in Person'),(1348,1,44,'Eurasian Bank'),(1349,1,44,'KoronaPay'),(1350,1,44,'PKO Bank'),(1351,1,44,'Ukrgasbank'),(1352,1,44,'Bank RBK'),(1353,1,44,'Bank Transfer (Venezuela)'),(1354,1,44,'Blik'),(1355,1,44,'esk spoitelna'),(1356,1,44,'EasyPay'),(1357,1,44,'Inecobank'),(1358,1,44,'Millennium'),(1359,1,44,'QIWI'),(1360,1,44,'UniCredit'),(1361,1,45,'BenefitPay'),(1362,1,45,'Bank Transfer'),(1363,1,45,'Bank Transfer (Middle East)'),(1364,1,45,'Kuwait Finance House (KFH)'),(1365,1,45,'Bank of Bahrain and Kuwait B.S.C.'),(1366,1,45,'alBaraka'),(1367,1,45,'Transfers with specific bank'),(1368,1,45,'A-Bank'),(1369,1,45,'Advcash'),(1370,1,45,'Cash Deposit to Bank'),(1371,1,45,'Skrill (Moneybookers)'),(1372,1,46,'Mercadopago'),(1373,1,46,'Banco Brubank'),(1374,1,46,'Bank Transfer (Argentina)'),(1375,1,46,'Lemon Cash'),(1376,1,46,'Uala'),(1377,1,46,'Reba'),(1378,1,46,'Banco del Sol'),(1379,1,46,'Naranja X'),(1380,1,46,'Belo app'),(1381,1,46,'Prex'),(1382,1,46,'BBVA'),(1383,1,46,'Banco Santander Argentina'),(1384,1,46,'Bank Transfer'),(1385,1,46,'Cash Deposit to Bank'),(1386,1,46,'Wilobank'),(1387,1,46,'Fiwind'),(1388,1,46,'Modo'),(1389,1,46,'Cash in Person'),(1390,1,46,'Transfers with specific bank'),(1391,1,46,'Nuars'),(1392,1,46,'Trans Bank'),(1393,1,46,'Wise'),(1394,1,46,'Banco Rio'),(1395,1,46,'Santander Poland'),(1396,1,46,'Efecty'),(1397,1,46,'Billetera Personal'),(1398,1,46,'AirTM'),(1399,1,46,'Bank Transfer (Middle East)'),(1400,1,46,'LendMN'),(1401,1,46,'Pix'),(1402,1,46,'Standard Chartered Bank'),(1403,1,46,'Tap'),(1404,1,46,'UnionBank of the Philippines'),(1405,1,47,'Bank Transfer'),(1406,1,47,'Qatar National Bank QNB'),(1407,1,47,'Cash Deposit to Bank'),(1408,1,47,'Mobile top-up'),(1409,1,47,'Bank Transfer (Middle East)'),(1410,1,47,'QNB'),(1411,1,47,'Qatar Islamic Bank QIB'),(1412,1,47,'Western Union'),(1413,1,47,'Qatar International Islamic Bank QIIB'),(1414,1,47,'Cash app'),(1415,1,47,'Moneygram'),(1416,1,47,'Commercial bank Kyrgyzstan'),(1417,1,47,'Doha Bank'),(1418,1,47,'Trans Bank'),(1419,1,47,'CashU'),(1420,1,47,'Skrill (Moneybookers)'),(1421,1,47,'Transfers with specific bank'),(1422,1,48,'Kaspi Bank'),(1423,1,48,'Halyk Bank'),(1424,1,48,'CenterCredit Bank'),(1425,1,48,'ForteBank'),(1426,1,48,'Jysan Bank'),(1427,1,48,'Altyn Bank'),(1428,1,48,'Eurasian Bank'),(1429,1,48,'Home Credit Kazakhstan'),(1430,1,48,'Bank RBK'),(1431,1,48,'Freedom Bank'),(1432,1,48,'Bank Transfer'),(1433,1,48,'QIWI'),(1434,1,48,'Mobile top-up'),(1435,1,48,'Transfers with specific bank'),(1436,1,48,'Nurbank'),(1437,1,48,'Advcash'),(1438,1,48,'RosBank'),(1439,1,48,'MICB'),(1440,1,48,'Privat Bank (Universal Card)'),(1441,1,48,'BinancePay (RUB)'),(1442,1,48,'Bank of Georgia'),(1443,1,48,'KoronaPay'),(1444,1,48,'MAIB'),(1445,1,48,'PUMB'),(1446,1,49,'Bank Transfer'),(1447,1,49,'stc pay'),(1448,1,49,'Al Rajhi Bank'),(1449,1,49,'Transfers with specific bank'),(1450,1,49,'urpay'),(1451,1,49,'Saudi National Bank (AlAhli Bank)'),(1452,1,49,'Alinma Bank'),(1453,1,49,'Riyad Bank'),(1454,1,49,'The Saudi British Bank (SABB)'),(1455,1,49,'Bank Transfer (Middle East)'),(1456,1,49,'Ahlibank'),(1457,1,49,'Liv. KSA'),(1458,1,49,'BinancePay (RUB)'),(1459,1,49,'Advcash'),(1460,1,49,'Apple Pay'),(1461,1,49,'Arab Bank'),(1462,1,49,'Cash app'),(1463,1,49,'Cash Deposit to Bank'),(1464,1,49,'A-Bank'),(1465,1,49,'Skrill (Moneybookers)'),(1466,1,49,'Easypaisa-PK Only'),(1467,1,49,'Payeer'),(1468,1,49,'Western Union'),(1469,1,49,'Bank Transfer (Argentina)'),(1470,1,49,'Cash in Person'),(1471,1,49,'Mobile top-up'),(1472,1,49,'NayaPay'),(1473,1,49,'Raast'),(1474,1,49,'ZainCash - Business'),(1475,1,49,'ABB Bank'),(1476,1,49,'Abu Dhabi Commercial Bank ADCB'),(1477,1,49,'AirTM'),(1478,1,49,'BCR Bank'),(1479,1,49,'Bank Transfer (India)'),(1480,1,49,'Coinpay'),(1481,1,49,'Emirates NBD'),(1482,1,49,'IMPS'),(1483,1,49,'Kuwait Finance House (KFH)'),(1484,1,49,'Payall'),(1485,1,49,'Privat Bank (Universal Card)'),(1486,1,49,'STP'),(1487,1,49,'Vodafone cash'),(1488,1,49,'Wise'),(1489,1,50,'UPI'),(1490,1,50,'IMPS'),(1491,1,50,'Bank Transfer (India)'),(1492,1,50,'Google Pay (GPay)'),(1493,1,50,'PhonePe'),(1494,1,50,'Paytm'),(1495,1,50,'Bank Transfer'),(1496,1,50,'Cash Deposit to Bank'),(1497,1,50,'Cash in Person'),(1498,1,50,'Skrill (Moneybookers)'),(1499,1,50,'Mobikwik'),(1500,1,50,'Airtel Money'),(1501,1,50,'NETELLER'),(1502,1,50,'Western Union'),(1503,1,50,'A-Bank'),(1504,1,50,'Khalti'),(1505,1,50,'Esewa'),(1506,1,50,'AirTM'),(1507,1,50,'Bank of America'),(1508,1,50,'Cash app'),(1509,1,50,'IME Pay'),(1510,1,50,'Interac e-Transfer'),(1511,1,50,'Privat Bank (Universal Card)'),(1512,1,50,'International Wire (SWIFT)'),(1513,1,50,'Lightning UPI'),(1514,1,50,'Wise'),(1515,1,50,'Abu Dhabi Commercial Bank ADCB'),(1516,1,50,'Alipay'),(1517,1,50,'Bank Jago'),(1518,1,50,'M-PESA Kenya (Safaricom)'),(1519,1,50,'National Bank of Abu Dhabi FAB'),(1520,1,50,'Perfect Money'),(1521,1,50,'Pipol Pay'),(1522,1,50,'WeChat'),(1523,1,51,'Bank Transfer'),(1524,1,51,'Alipay'),(1525,1,51,'WeChat'),(1526,1,52,'Bank Transfer'),(1527,1,52,'True Money'),(1528,1,52,'ShopeePay-SEA'),(1529,1,52,'LINE Pay'),(1530,1,52,'Cash Deposit to Bank'),(1531,1,52,'Western Union'),(1532,1,52,'Alipay'),(1533,1,52,'Transfers with specific bank'),(1534,1,52,'Bank Transfer (Middle East)'),(1535,1,52,'Bank slip'),(1536,1,52,'Wise'),(1537,1,52,'Interbank'),(1538,1,52,'LINE Bank'),(1539,1,52,'Moneygram'),(1540,1,52,'International Wire (SWIFT)'),(1541,1,52,'Tinkoff'),(1542,1,53,'Humo'),(1543,1,53,'Uzcard'),(1544,1,53,'Unired'),(1545,1,53,'Uzbek National Bank'),(1546,1,53,'Kapitalbank'),(1547,1,53,'Anorbank'),(1548,1,53,'MTS-Bank'),(1549,1,53,'TBC Bank'),(1550,1,53,'Paysend.com'),(1551,1,53,'Bank Transfer'),(1552,1,53,'PayMe'),(1553,1,53,'SalamPay'),(1554,1,53,'Apelsin'),(1555,1,53,'Agrobank'),(1556,1,53,'InfinBank'),(1557,1,53,'CLICK'),(1558,1,53,'Mobile top-up'),(1559,1,53,'Tinkoff'),(1560,1,53,'Aloqa Bank'),(1561,1,53,'Xalq Bank'),(1562,1,53,'Asaka Bank'),(1563,1,53,'Trust'),(1564,1,53,'Ipoteka Bank'),(1565,1,53,'Paynet'),(1566,1,53,'KoronaPay'),(1567,1,53,'QIWI'),(1568,1,53,'Uzpromstroybank'),(1569,1,53,'Asia United Bank'),(1570,1,53,'PayGram'),(1571,1,53,'Payeer'),(1572,1,53,'RosBank'),(1573,1,53,'Turon Bank'),(1574,1,53,'UnionPay'),(1575,1,53,'Alipay'),(1576,1,53,'Bank of America'),(1577,1,53,'Capitron Bank'),(1578,1,53,'HalkBank'),(1579,1,53,'MAIB'),(1580,1,53,'MICB'),(1581,1,53,'Perfect Money'),(1582,1,53,'Qishloq Qurilish Bank'),(1583,1,53,'BinancePay (RUB)'),(1584,1,53,'Revolut'),(1585,1,53,'TrastBank'),(1586,1,53,'Ukrsibbank'),(1587,1,53,'Victoriabank'),(1588,1,53,'Zelle'),(1589,1,54,'Bank Transfer'),(1590,1,54,'LINE Pay'),(1591,1,54,'Post Bank'),(1592,1,54,'7-Eleven'),(1593,1,54,'Revolut'),(1594,1,54,'Transfers with specific bank'),(1595,1,54,'Cash Deposit to Bank'),(1596,1,54,'Alipay'),(1597,1,54,'WeChat'),(1598,1,54,'Wise'),(1599,1,55,'Bank Transfer'),(1600,1,55,'Khan Bank'),(1601,1,55,'Golomt Bank'),(1602,1,55,'Trade and Development Bank'),(1603,1,55,'Social Pay'),(1604,1,55,'Mongol Chat'),(1605,1,55,'LendMN'),(1606,1,55,'State Bank'),(1607,1,55,'SuperUp'),(1608,1,55,'XacBank'),(1609,1,55,'Revolut'),(1610,1,56,'Blik'),(1611,1,56,'PKO Bank'),(1612,1,56,'Millennium'),(1613,1,56,'Revolut'),(1614,1,56,'Santander Poland'),(1615,1,56,'Bank Transfer'),(1616,1,56,'Wise'),(1617,1,56,'BNP Paribas'),(1618,1,56,'Bank Pekao'),(1619,1,56,'ZEN'),(1620,1,56,'mBank'),(1621,1,56,'ING'),(1622,1,56,'Credit Agricole'),(1623,1,56,'Alior Bank'),(1624,1,56,'Getin Noble Bank'),(1625,1,56,'Skrill (Moneybookers)'),(1626,1,56,'Citi Handlowy'),(1627,1,56,'Paysend.com'),(1628,1,56,'BGZ BNP Paribas'),(1629,1,56,'Post Bank'),(1630,1,56,'Monobank'),(1631,1,56,'Apple Pay'),(1632,1,56,'Paysera'),(1633,1,56,'Uphold'),(1634,1,56,'7-Eleven'),(1635,1,56,'Agrobank'),(1636,1,56,'Banco Promerica SV'),(1637,1,56,'Bank Transfer (India)'),(1638,1,56,'BOS Bank'),(1639,1,56,'Payeer'),(1640,1,57,'Wise'),(1641,1,57,'Revolut'),(1642,1,57,'Bank Transfer'),(1643,1,57,'Lloyds Bank'),(1644,1,57,'Monzo'),(1645,1,57,'Faster Payments'),(1646,1,57,'ZEN'),(1647,1,57,'Starling Bank'),(1648,1,57,'Faster Payment System (FPS)'),(1649,1,57,'Advcash'),(1650,1,57,'Skrill (Moneybookers)'),(1651,1,57,'Paysend.com'),(1652,1,57,'Bank Transilvania'),(1653,1,57,'International Wire (SWIFT)'),(1654,1,57,'SEPA Instant'),(1655,1,57,'Privat Bank (Universal Card)'),(1656,1,57,'Sterling Bank'),(1657,1,57,'SEPA (EU) bank transfer'),(1658,1,57,'AirTM'),(1659,1,57,'Paysera'),(1660,1,57,'Transfers with specific bank'),(1661,1,57,'Cash app'),(1662,1,57,'Cash Deposit to Bank'),(1663,1,57,'Alipay'),(1664,1,57,'NETELLER'),(1665,1,57,'Western Union'),(1666,1,57,'IMPS'),(1667,1,57,'N26'),(1668,1,57,'WorldRemit'),(1669,1,57,'Bank Transfer (India)'),(1670,1,57,'Bank of Georgia'),(1671,1,57,'CIMB Niaga'),(1672,1,57,'DenizBank'),(1673,1,57,'Easypaisa-PK Only'),(1674,1,57,'Gcash'),(1675,1,57,'Maybank'),(1676,1,57,'NayaPay'),(1677,1,57,'Raast'),(1678,1,57,'Tinkoff'),(1679,1,57,'UnionBank of the Philippines'),(1680,1,57,'UPI'),(1681,1,57,'UniCredit'),(1682,1,57,'WeChat'),(1683,1,57,'Bank Transfer (Middle East)'),(1684,1,57,'Bank Transfer (Turkey)'),(1685,1,57,'ForteBank'),(1686,1,57,'Garanti'),(1687,1,57,'Kuveyt Turk'),(1688,1,57,'Moneygram'),(1689,1,57,'OTP'),(1690,1,57,'Payall'),(1691,1,57,'Paymaya'),(1692,1,57,'PayMe'),(1693,1,57,'Paytm'),(1694,1,57,'PhonePe'),(1695,1,57,'QIWI'),(1696,1,57,'Standard Chartered Bank'),(1697,1,57,'True Money'),(1698,1,57,'UnionPay'),(1699,1,57,'VakifBank'),(1700,1,57,'Vivid Money'),(1701,1,57,'Ziraat'),(1702,1,58,'Bank Transfer'),(1703,1,58,'A-Bank'),(1704,1,58,'Transfers with specific bank'),(1705,1,58,'PriorBank'),(1706,1,58,'MTBank'),(1707,1,58,'Paritet Bank'),(1708,1,58,'Tinkoff'),(1709,1,58,'Cash Deposit to Bank'),(1710,1,58,'Privat Bank (Universal Card)'),(1711,1,58,'International Wire (SWIFT)'),(1712,1,58,'Technobank'),(1713,1,58,'Agrobank'),(1714,1,58,'KoronaPay'),(1715,1,58,'RosBank'),(1716,1,58,'SEPA (EU) bank transfer'),(1717,1,58,'Monobank'),(1718,1,58,'Raiffeisenbank'),(1719,1,58,'Statusbank'),(1720,1,59,'Wise'),(1721,1,59,'Bank Transfer'),(1722,1,59,'SEPA (EU) bank transfer'),(1723,1,59,'Revolut'),(1724,1,59,'OTP Bank'),(1725,1,59,'International Wire (SWIFT)'),(1726,1,59,'K&H Bank'),(1727,1,59,'ZEN'),(1728,1,60,'Gcash'),(1729,1,60,'Bank Transfer'),(1730,1,60,'UnionBank of the Philippines'),(1731,1,60,'Paymaya'),(1732,1,60,'Bank of the Philippine Islands (BPI)'),(1733,1,60,'SEA Bank'),(1734,1,60,'Banco De Oro (BDO)'),(1735,1,60,'Coins.ph'),(1736,1,60,'Metropolitan Bank of the Philippines'),(1737,1,60,'Rizal Commercial Banking Corporation'),(1738,1,60,'Landbank of the Philippines'),(1739,1,60,'Philippines National Bank (PNB)'),(1740,1,60,'CIMB Philippines'),(1741,1,60,'Asia United Bank'),(1742,1,60,'ShopeePay-SEA'),(1743,1,60,'Maybank'),(1744,1,60,'Cash Deposit to Bank'),(1745,1,60,'Sterling Bank'),(1746,1,60,'Cash in Person'),(1747,1,60,'7-Eleven'),(1748,1,60,'Alipay'),(1749,1,60,'Bank of America'),(1750,1,60,'CIMB Niaga'),(1751,1,60,'LINE Pay'),(1752,1,61,'Bank Transfer'),(1753,1,61,'PayMe'),(1754,1,61,'Kuwait Finance House (KFH)'),(1755,1,61,'National Bank of Kuwait (K.S.C) (NBK)'),(1756,1,61,'Boubyan Bank (K.S.C) (Boubyan)'),(1757,1,61,'Bank Transfer (Middle East)'),(1758,1,61,'Cash Deposit to Bank'),(1759,1,61,'Burgan Bank (K.S.C) (Burgan)'),(1760,1,61,'Gulf Bank (K.S.C) (GBK)'),(1761,1,61,'Attijari Bank'),(1762,1,61,'A-Bank'),(1763,1,61,'Paytm'),(1764,1,61,'UPI'),(1765,1,61,'Western Union'),(1766,1,61,'Transfers with specific bank'),(1767,1,61,'Skrill (Moneybookers)'),(1768,1,61,'Wise'),(1769,1,61,'Apple Pay'),(1770,1,61,'Billetera Personal'),(1771,1,61,'Easypaisa-PK Only'),(1772,1,61,'LinkAja'),(1773,1,61,'NayaPay'),(1774,1,61,'Raast'),(1775,1,61,'International Wire (SWIFT)'),(1776,1,61,'AYA Pay'),(1777,1,61,'Advcash'),(1778,1,61,'Ahlibank'),(1779,1,61,'Banco Atlantida'),(1780,1,61,'Kuveyt Turk'),(1781,1,61,'M-pesa (Vodafone)'),(1782,1,61,'PhonePe'),(1783,1,61,'RosBank'),(1784,1,62,'Bank Transfer'),(1785,1,62,'Vision Banco'),(1786,1,62,'Tigo Money'),(1787,1,62,'Banco Familiar'),(1788,1,62,'Banco Itau Paraguay'),(1789,1,62,'Banco Atlas'),(1790,1,62,'Banco Continental Paraguay'),(1791,1,62,'Banco GNB Paraguay'),(1792,1,62,'Cash in Person'),(1793,1,62,'Interfisa Banco'),(1794,1,62,'Cash Deposit to Bank'),(1795,1,62,'Banco Regional'),(1796,1,62,'Recarga Pines'),(1797,1,62,'Banco Rio'),(1798,1,62,'Financiera Solar'),(1799,1,62,'BBVA'),(1800,1,62,'Banco Economico'),(1801,1,62,'Finexpar'),(1802,1,62,'Pago Movil'),(1803,1,64,'Bancolombia S.A'),(1804,1,64,'Nequi'),(1805,1,64,'Davivienda S.A'),(1806,1,64,'Daviplata'),(1807,1,64,'Banco de Bogota'),(1808,1,64,'BBVA'),(1809,1,64,'Scotiabank Colpatria'),(1810,1,64,'Movii'),(1811,1,64,'Banco Falabella'),(1812,1,64,'Efecty'),(1813,1,64,'Cash Deposit to Bank'),(1814,1,64,'Bank Transfer'),(1815,1,64,'Banco Davivienda SV'),(1816,1,64,'Transfers with specific bank'),(1817,1,64,'Uala'),(1818,1,64,'Banco Popular'),(1819,1,64,'Zelle'),(1820,1,64,'Skrill (Moneybookers)'),(1821,1,64,'Cash in Person'),(1822,1,64,'Bank of America'),(1823,1,64,'Billetera Personal'),(1824,1,64,'Banco Estado'),(1825,1,64,'Banco Union'),(1826,1,64,'Credit Bank of Peru'),(1827,1,64,'Mercadopago'),(1828,1,64,'Pago Movil'),(1829,1,64,'Recarga Pines'),(1830,1,64,'Western Union'),(1831,1,64,'Wise'),(1832,1,65,'Vodafone cash'),(1833,1,65,'Bank Transfer'),(1834,1,65,'National Bank of Egypt (NBE)'),(1835,1,65,'CIB Bank'),(1836,1,65,'Banque Misr'),(1837,1,65,'CIB'),(1838,1,65,'Alex Bank'),(1839,1,65,'Orange Money - OM'),(1840,1,65,'QNB'),(1841,1,65,'Ahlibank'),(1842,1,65,'Qatar National Bank QNB'),(1843,1,65,'Banque du Caire'),(1844,1,65,'Arab Bank'),(1845,1,65,'Cash app'),(1846,1,65,'alBaraka'),(1847,1,65,'Wise'),(1848,1,65,'Cash Deposit to Bank'),(1849,1,65,'HSBC Uruguay'),(1850,1,65,'Transfers with specific bank'),(1851,1,65,'Credit Agricole'),(1852,1,65,'EasyPay'),(1853,1,65,'ADIB: Abu Dhabi Islamic Bank'),(1854,1,65,'CashU'),(1855,1,65,'HSBC Bank Middle East Limited - Bahrain'),(1856,1,65,'Perfect Money'),(1857,1,65,'Skrill (Moneybookers)'),(1858,1,65,'Attijariwafa National Bank'),(1859,1,65,'BAC Costa Rica'),(1860,1,65,'Bank Audi'),(1861,1,65,'Bank Transfer (Middle East)'),(1862,1,65,'HSBC Oman'),(1863,1,65,'Paysend.com'),(1864,1,65,'Paysera'),(1865,1,65,'SmartPay'),(1866,1,65,'Western Union'),(1867,1,66,'La Banque postale'),(1868,1,66,'Post Bank'),(1869,1,66,'Postepay'),(1870,1,66,'Bank Transfer'),(1871,1,66,'Paysera'),(1872,1,66,'Cash Deposit to Bank'),(1873,1,66,'Banque extrieure dAlgrie (BEA)'),(1874,1,66,'Banque nationale dAlgrie (BNA)'),(1875,1,66,'Crdit populaire d\'Algrie (CPA)'),(1876,1,66,'Advcash'),(1877,1,66,'Banque de l\'agriculture et du dveloppement rural (BADR)'),(1878,1,66,'Banque de dveloppement local (BDL)'),(1879,1,66,'BNP Paribas'),(1880,1,66,'Transfers with specific bank'),(1881,1,67,'Banesco Panama'),(1882,1,67,'Banco General Panama'),(1883,1,67,'Zinli'),(1884,1,67,'Mercantil Bank Panama'),(1885,1,67,'Mony'),(1886,1,67,'Banistmo Panama'),(1887,1,67,'Nequi'),(1888,1,67,'Towerbank'),(1889,1,67,'Transferencia ACH (Panam)'),(1890,1,67,'BAC Credomatic'),(1891,1,67,'Wise'),(1892,1,67,'Cash Deposit to Bank'),(1893,1,67,'Uphold'),(1894,1,67,'AirTM'),(1895,1,67,'Global Bank Panama'),(1896,1,67,'Mercantil'),(1897,1,67,'Scotiabank Panama'),(1898,1,67,'Facebank International'),(1899,1,67,'Multibank Panama'),(1900,1,67,'Payall'),(1901,1,68,'Optima Bank'),(1902,1,68,'mBank'),(1903,1,68,'DemirBank'),(1904,1,68,'Elcart'),(1905,1,68,'Bakai Bank'),(1906,1,68,'Mobile top-up'),(1907,1,68,'Halyk Bank'),(1908,1,68,'Altyn Bank'),(1909,1,68,'O!Money'),(1910,1,68,'Commercial bank Kyrgyzstan'),(1911,1,68,'KICB'),(1912,1,68,'RSK Bank'),(1913,1,68,'Bank Transfer'),(1914,1,68,'Aiyl Bank'),(1915,1,68,'Transfers with specific bank'),(1916,1,68,'RosBank'),(1917,1,68,'Tinkoff'),(1918,1,68,'Western Union'),(1919,1,69,'Credit Bank of Peru'),(1920,1,69,'Interbank'),(1921,1,69,'Banco de Credito'),(1922,1,69,'BBVA'),(1923,1,69,'Yape'),(1924,1,69,'Scotiabank Peru'),(1925,1,69,'Plin'),(1926,1,69,'Bank Transfer'),(1927,1,69,'Bank Transfer Peru'),(1928,1,69,'Transfers with specific bank'),(1929,1,69,'Banco Falabella'),(1930,1,69,'Prex'),(1931,1,69,'BanBif'),(1932,1,69,'Cash in Person'),(1933,1,69,'Cash Deposit to Bank'),(1934,1,69,'Banesco'),(1935,1,69,'Davivienda S.A'),(1936,1,69,'Ligo'),(1937,1,69,'Provincial'),(1938,1,69,'Skrill (Moneybookers)'),(1939,1,70,'Bank Transfer'),(1940,1,70,'Wise'),(1941,1,70,'Alipay'),(1942,1,70,'Lloyds Bank'),(1943,1,70,'Starling Bank'),(1944,1,70,'Transfers with specific bank'),(1945,1,70,'Cash Deposit to Bank'),(1946,1,70,'WeChat'),(1947,1,70,'Monzo'),(1948,1,70,'Revolut'),(1949,1,71,'MTN Mobile Money'),(1950,1,71,'MoMo'),(1951,1,71,'Orange Money - OM'),(1952,1,71,'Airtel Money'),(1953,1,71,'Mobile top-up'),(1954,1,71,'Ecobank'),(1955,1,71,'Bank Transfer'),(1956,1,71,'M-pesa (Vodafone)'),(1957,1,71,'National Bank of Abu Dhabi FAB'),(1958,1,71,'Wise'),(1959,1,71,'Zelle'),(1960,1,72,'Pix'),(1961,1,72,'Bank Transfer (Brazil)'),(1962,1,72,'PicPay'),(1963,1,72,'Transfers with specific bank'),(1964,1,72,'Mercadopago'),(1965,1,72,'PagSeguro'),(1966,1,72,'Bank Transfer'),(1967,1,72,'Ita Brazil'),(1968,1,72,'Nurbank'),(1969,1,72,'Bank slip'),(1970,1,72,'Interbank'),(1971,1,72,'AirTM'),(1972,1,72,'Banco del Sol'),(1973,1,72,'Credit Bank of Peru'),(1974,1,1,'Sberbank'),(1975,1,1,'Sberbank'),(1976,1,1,'Tinkoff'),(1978,1,1,'RosBank'),(1979,1,1,'Raiffeisenbank'),(1980,1,1,'Raiffeisenbank'),(1981,1,1,'freedom finance'),(1982,1,1,'Metallinvestbank'),(1983,1,1,''),(1984,1,1,'Investtorgbank'),(1985,1,1,'DOM.RF Bank'),(1986,1,1,'  ');
/*!40000 ALTER TABLE `payment_type` ENABLE KEYS */;
UNLOCK TABLES;

--
-- Table structure for table `payment_user`
--

DROP TABLE IF EXISTS `payment_user`;
/*!40101 SET @saved_cs_client     = @@character_set_client */;
/*!40101 SET character_set_client = utf8 */;
CREATE TABLE `payment_user` (
  `id` int(11) NOT NULL AUTO_INCREMENT,
  `user_id` int(11) NOT NULL,
  `payment_id` int(11) NOT NULL,
  `value` varchar(255) NOT NULL,
  `payment_receiver` varchar(255) DEFAULT NULL,
  `active` int(11) NOT NULL DEFAULT 1,
  PRIMARY KEY (`id`)
) ENGINE=InnoDB AUTO_INCREMENT=44 DEFAULT CHARSET=utf8mb4 COLLATE=utf8mb4_general_ci;
/*!40101 SET character_set_client = @saved_cs_client */;

--
-- Dumping data for table `payment_user`
--

LOCK TABLES `payment_user` WRITE;
/*!40000 ALTER TABLE `payment_user` DISABLE KEYS */;
INSERT INTO `payment_user` VALUES (1,1,1,'5469680012017762',NULL,1),(2,1,1,'500000',NULL,1),(3,1,3,'9999',NULL,1),(4,1,2,'5555055546806564168055',NULL,1),(5,21,1,'42421581518121881',NULL,1),(6,1,3,'1223',NULL,1),(7,30,1,'4444 4444 4444 4444',NULL,1),(8,118,2,'4444144444444',NULL,1),(9,119,1,'4444 4444 4444 4444',NULL,1),(10,119,-1,'4444 4444 4444 4444',NULL,1),(11,119,-1,'4444 4444 4444 4444',NULL,1),(12,119,1,'4444 4444 4444 4444',NULL,1),(13,24,2,'44444444444444',NULL,1),(14,24,1,'56897546464685',NULL,1),(15,24,3,'989868689868967',NULL,1),(16,24,4,'656565',NULL,1),(17,1,2,'1223',NULL,1),(18,143,1,'2222222',NULL,1),(19,149,1,'65599',NULL,1),(20,152,1,'11111111111111',NULL,1),(21,314,4,'11111111111111112','name12',1),(24,314,6,'0986983476592384','name222',1),(26,315,32,'2222 2222 2222 2222',' ',1),(27,356,4,'3949494949','artan',1),(28,356,33,'4949494','artwm',1),(29,307,4,'1234 1234 1234 1235','qqqq12',1),(30,356,15,'456775456776555','',1),(31,307,31,'987698769876','hhhh',1),(32,307,32,'098097987','jjjjj',0),(33,307,33,'54etyert3457456745','qwerrr',1),(34,307,34,'35634563456','dfhdfghdf',1),(35,356,29,'49484848484848','',1),(36,307,6,'s3534563456 356','zsdgfdsfg',1),(37,307,14,'234653456','dfghfdgh',1),(38,307,16,'345634564','sdfgdf',1),(39,307,15,'2345345','wert',1),(40,317,4,'7','5677 7777',1),(41,317,33,'','3455',1),(42,315,4,'2222 2222 2222 2222','Ruslan M.',0),(43,315,33,'2222 2222 2222 2222','Ruslan M.',1);
/*!40000 ALTER TABLE `payment_user` ENABLE KEYS */;
UNLOCK TABLES;

--
-- Table structure for table `ratings_history`
--

DROP TABLE IF EXISTS `ratings_history`;
/*!40101 SET @saved_cs_client     = @@character_set_client */;
/*!40101 SET character_set_client = utf8 */;
CREATE TABLE `ratings_history` (
  `id` int(11) NOT NULL AUTO_INCREMENT,
  `user_id` int(11) NOT NULL,
  `type` int(11) NOT NULL,
  `created_at` timestamp NOT NULL DEFAULT current_timestamp() ON UPDATE current_timestamp(),
  `description` varchar(255) DEFAULT NULL,
  `user_id_rater` int(11) NOT NULL,
  PRIMARY KEY (`id`)
) ENGINE=InnoDB DEFAULT CHARSET=utf8mb4 COLLATE=utf8mb4_general_ci;
/*!40101 SET character_set_client = @saved_cs_client */;

--
-- Dumping data for table `ratings_history`
--

LOCK TABLES `ratings_history` WRITE;
/*!40000 ALTER TABLE `ratings_history` DISABLE KEYS */;
/*!40000 ALTER TABLE `ratings_history` ENABLE KEYS */;
UNLOCK TABLES;

--
-- Table structure for table `spot`
--

DROP TABLE IF EXISTS `spot`;
/*!40101 SET @saved_cs_client     = @@character_set_client */;
/*!40101 SET character_set_client = utf8 */;
CREATE TABLE `spot` (
  `id` int(11) NOT NULL AUTO_INCREMENT,
  `user_id` int(11) NOT NULL,
  `chart_id` int(11) NOT NULL,
  `wallet_id` int(11) NOT NULL,
  `type` int(11) NOT NULL,
  `order_type` int(11) NOT NULL,
  `price` decimal(27,8) NOT NULL,
  `amount` decimal(27,8) NOT NULL,
  `final_amount` decimal(27,8) NOT NULL DEFAULT 0.00000000,
  `date` int(11) NOT NULL,
  `status` int(11) NOT NULL DEFAULT 0,
  PRIMARY KEY (`id`)
) ENGINE=InnoDB AUTO_INCREMENT=28 DEFAULT CHARSET=utf8mb4 COLLATE=utf8mb4_general_ci;
/*!40101 SET character_set_client = @saved_cs_client */;

--
-- Dumping data for table `spot`
--

LOCK TABLES `spot` WRITE;
/*!40000 ALTER TABLE `spot` DISABLE KEYS */;
INSERT INTO `spot` VALUES (20,1,260,2,0,0,1153.00000000,50.00000000,0.00000000,1669225573,0),(21,21,258,15,0,0,0.00000000,0.00000000,0.00000000,1670592196,0),(22,21,258,15,0,0,0.00000000,0.00000000,0.00000000,1670592198,0),(23,1,260,18,0,0,0.00000000,0.00000000,0.00000000,1673535579,0),(24,1,260,18,0,0,0.00000000,0.00000000,0.00000000,1673535579,0),(25,152,258,23,0,0,0.00000000,0.00000000,0.00000000,1681809945,0),(26,152,258,23,0,0,0.00000000,0.00000000,0.00000000,1681809945,0),(27,281,258,25,0,0,0.00000000,0.00000000,0.00000000,1685309370,0);
/*!40000 ALTER TABLE `spot` ENABLE KEYS */;
UNLOCK TABLES;

--
-- Table structure for table `user`
--

DROP TABLE IF EXISTS `user`;
/*!40101 SET @saved_cs_client     = @@character_set_client */;
/*!40101 SET character_set_client = utf8 */;
CREATE TABLE `user` (
  `id` int(11) NOT NULL AUTO_INCREMENT,
  `login` varchar(255) NOT NULL,
  `password` varchar(255) NOT NULL,
  `email` varchar(255) DEFAULT NULL,
  `phone` bigint(11) DEFAULT NULL,
  `verify_status` int(11) NOT NULL DEFAULT 0,
  `chart_id` int(11) NOT NULL DEFAULT 258,
  `currency_id` int(11) NOT NULL DEFAULT 1,
  `telegram` varchar(255) DEFAULT NULL,
  `token` varchar(255) DEFAULT NULL,
  `status` int(11) NOT NULL DEFAULT 0,
  `verification_code` varchar(45) DEFAULT NULL,
  `verification_code_expiration` varchar(45) DEFAULT NULL,
  `first_name` varchar(45) DEFAULT NULL,
  `last_name` varchar(45) DEFAULT NULL,
  `patronymic` varchar(45) DEFAULT NULL,
  `blocked_before` int(11) DEFAULT NULL,
  `created_at` timestamp NOT NULL DEFAULT current_timestamp() ON UPDATE current_timestamp(),
  PRIMARY KEY (`id`)
) ENGINE=InnoDB AUTO_INCREMENT=365 DEFAULT CHARSET=utf8 COLLATE=utf8_bin;
/*!40101 SET character_set_client = @saved_cs_client */;

--
-- Dumping data for table `user`
--

LOCK TABLES `user` WRITE;
/*!40000 ALTER TABLE `user` DISABLE KEYS */;
INSERT INTO `user` VALUES (1,'dukker18','$2y$13$kOCtcahOpHMXFECJt4n/ROk0GAonrs1Ln2njhNYQH9diYOEZr1PdK','dukker11@yandex.ru',NULL,2,260,1,'','EZpWzyYv5M4XBAOAI_U10zMkDEyP9mJj',2,NULL,NULL,NULL,NULL,NULL,NULL,'2023-09-11 15:10:36'),(230,'tomskru','$2y$13$MEvlNWEtFeWkhsdjnbMbO.3aiTHaaUgay.QxRzypMxSsZa/SlsnKC','tomsk@mail.ru',NULL,1,258,275,'iblack6667','O14CgMkM_obTcevSsRkxN_Fxj37vGM6x',1,NULL,NULL,NULL,NULL,NULL,NULL,'2023-08-07 15:03:49'),(247,'sergey','$2y$13$/fAJQEp/0AIIuM4Mnddyz.1nCf3lq0FyFURhOoeyyeUDixaFR7nHu','sergeykozlov.d@ya.ru',NULL,1,258,261,'','njQUrkRd-ieQv1Ad19KjUkN370F49UMx',1,NULL,NULL,NULL,NULL,NULL,NULL,'2023-08-07 15:03:49'),(254,'armen1212','$2y$13$jLL0gwAKBNzFoVn0qEsHaeN6HYV5QxBcoJ7ZqfjjnRsM1ANkO/uK.','grepashanaumov@yandex.ru',NULL,0,258,1,NULL,'j6EBf3E_eqCHsMbSUnI54NSIIzk4E-HO',1,NULL,NULL,NULL,NULL,NULL,NULL,'2023-08-07 15:03:49'),(281,'mitean93','$2y$13$tCqCGddlhBrCw8MyvsfduuCfHLl3x6foVMdsw9AWnezMCCppdijvS','mitean93@mail.ru',NULL,2,258,1,'','1r_OgneWIv2yidKrB2vf_muilxD03waR',1,NULL,NULL,NULL,NULL,NULL,NULL,'2023-08-07 15:03:49'),(283,'sergey1','$2y$13$5b/cEHzx8CLbSR/fJIWgyOqli6OVGakBtIQP9GzD.vXuucltRDW9m','sergeykozlov.d+1@ya.ru',NULL,0,2298,1,'','GptLcytPZJyKG9qXiwZnSTAnBjVzV4mz',1,'400469','1686235060',NULL,NULL,NULL,1686029414,'2023-08-07 15:03:49'),(285,'pashafox1994','$2y$13$Qr1I2dXtu0DkHTuGo4YBD.yQM1ShlPVAUIwz3R4/FHz7hVM7bE6DK','gre.testcoin@gmail.com',NULL,0,258,3,'',NULL,1,NULL,NULL,NULL,NULL,NULL,NULL,'2023-08-07 15:03:49'),(287,'pepadesh','$2y$13$dsdGG0KJ/eMxUn2QKG32r.mvOCJUgOcuGuXXbQXOl9uq0itv5Pmou','89196242960@mail.ru',NULL,0,258,1,'pepadesh',NULL,1,NULL,NULL,NULL,NULL,NULL,NULL,'2023-08-07 15:03:49'),(294,'ssergey2','$2y$13$c2Q6ENH44A0Sh4ifq936qupq7aw8D/sTML5kKJbh4UmcwxTAyeE1G','sergeykozlov.d+2@ya.ru',NULL,0,258,1,'',NULL,1,'303006','1686148307',NULL,NULL,NULL,1686029980,'2023-08-07 15:03:49'),(295,'pepa123','$2y$13$KilH.BVOZ4TsGyyRz2onveBFjkAw7Xsigt0NKv8VmheT0XPMlrOAy','pepa_desh@mail.ru',NULL,0,258,1,NULL,NULL,1,NULL,NULL,NULL,NULL,NULL,NULL,'2023-08-07 15:03:49'),(307,'sergey3','$2y$13$geN3YS1XdvB6Xp9ibk5gmezyLB9oG2u9cfPKlfCJYnS4smu2SH27u','sergeykozlov.d+3@ya.ru',NULL,1,259,1,'',NULL,1,NULL,NULL,NULL,NULL,NULL,NULL,'2023-09-08 08:41:39'),(309,'sergey44','$2y$13$VGlMK5zJCk7Dy5K0liYrZOw8wzwLdMJKigV7vbgwcVMi.MOdq6QXK','sergeykozlov.d+4@ya.ru',NULL,0,258,1,'',NULL,1,NULL,NULL,NULL,NULL,NULL,NULL,'2023-08-07 15:03:49'),(311,'sergey5','$2y$13$N5S5VwzcxWPL2JvA.O0WrOVPwVO5/1flPgV84md2ogHhouhHQ4E3e','sergeykozlov.d+5@ya.ru',55,0,258,1,'',NULL,1,NULL,NULL,NULL,NULL,NULL,1686562180,'2023-08-07 15:03:49'),(314,'sergey6','$2y$13$vjQn6K1CRk2THL7ck56iPuhrZhWf7Pk/Aw27.bCr9qxJ999eqsPey','sergeykozlov.d+66@ya.ru',NULL,0,258,1,'',NULL,1,NULL,NULL,NULL,NULL,NULL,1686809413,'2023-08-07 15:03:49'),(315,'iblack6','$2y$13$gi80ET.vfWrX6pOqstfas.OOKwO4zWb8dZ8JCtwjVNq87eW2LiuJS','uthings@ya.ru',79539278590,0,258,1,'',NULL,1,NULL,NULL,NULL,NULL,NULL,1687252329,'2023-08-07 15:03:49'),(316,'Arafat','$2y$13$fJa.A1jbTcKkL/Iw9bZA1.bLMCyBd71pJ1lgvpRFer8haujDFT6K2','yurykirilkin@yandex.ru',NULL,0,258,1,NULL,NULL,1,NULL,NULL,NULL,NULL,NULL,NULL,'2023-08-07 15:03:49'),(317,'sergey7','$2y$13$3cAHarQMJacE/CiYxY0VIuPWhDnVjO/Sk4x4/6k.q9BtesdPpxrqm','sergeykozlov.d+7@ya.ru',NULL,0,266,1,'',NULL,1,NULL,NULL,NULL,NULL,NULL,1686811588,'2023-08-07 15:03:49'),(318,'sergey8','$2y$13$Vg94L1q4dqhw55BPMbn6meaQ7lib3eePaSs/5BLWVRlfB.mXnRvXq','sergeykozlov.d+8@ya.ru',NULL,0,258,1,'',NULL,1,NULL,NULL,NULL,NULL,NULL,NULL,'2023-08-07 15:03:49'),(320,'pepaDeshYandex','$2y$13$fUQay6Qw4apKYbKQe5DmoOZJx8Gb/E.UUILbVmAQdKcgnMPTdafLi','Pepa.Desh@yandex.ru',NULL,0,258,1,NULL,NULL,1,NULL,NULL,NULL,NULL,NULL,NULL,'2023-08-07 15:03:49'),(326,'sergey13','$2y$13$FNPxJmEdoshMBVATxKBYeOkLTLKyNOkySSpx/BKD8BoTpXrCWeJiK','sergeykozlov.d+13@ya.ru',NULL,0,258,1,NULL,NULL,1,NULL,NULL,NULL,NULL,NULL,NULL,'2023-08-07 15:03:49'),(327,'sergey14','$2y$13$UZUZgJMmxwhpgDPO2E0lRuIQ3sFl9EMT5oyInKD2op7mhvhyclIPa','sergeykozlov.d+14@ya.ru',NULL,0,258,1,NULL,NULL,1,NULL,NULL,NULL,NULL,NULL,NULL,'2023-08-07 15:03:49'),(328,'sergey15','$2y$13$LU8lKXkz1MFPzsBbRf8bBe2.NrzVEUAtmTd6vpSrY3iBbNv2Bhhu6','sergeykozlov.d+15@ya.ru',NULL,0,258,1,'',NULL,1,NULL,NULL,NULL,NULL,NULL,NULL,'2023-08-07 15:03:49'),(329,'sergey16','$2y$13$hWeNqTJCUTMoftmDO19pKu6tbKQu/2RzG0ggYDWNx0/HeSmt5kkHi','sergeykozlov.d+16@ya.ru',NULL,0,258,1,NULL,NULL,1,NULL,NULL,NULL,NULL,NULL,1689357755,'2023-08-07 15:03:49'),(332,'iblack1111','$2y$13$ZvppKNebbgu2ZanxxupBJOR99eUv0/j3OafYYfE/aAs0LTf5CzR6q','evakuatortomskru@ya.ru',NULL,0,258,1,NULL,NULL,1,NULL,NULL,NULL,NULL,NULL,NULL,'2023-08-07 15:03:49'),(333,'iblack222','$2y$13$IO/WjvCOYIdSGPm1bmnsEuk7lAMp8CoTmKORsjyPD21TyToMZx4Je','uthings+1@ya.ru',NULL,0,258,1,NULL,NULL,1,NULL,NULL,NULL,NULL,NULL,NULL,'2023-08-07 15:03:49'),(334,'sergey17','$2y$13$4HnMtI0j9Jg0p1tZlDhNaekQgoqci/0FQxqN97xmH2SPbF3/VJdpC','sergeykozlov.d+17@ya.ru',NULL,0,258,1,NULL,NULL,1,NULL,NULL,NULL,NULL,NULL,NULL,'2023-08-07 15:03:49'),(335,'iblack56789','$2y$13$93w2aSzlj2xPzoCjDeDFku/wUesWF3lhQ/6XvasqIXZGtXmxrbIeG','uthings+2@ya.ru',NULL,0,258,1,NULL,NULL,1,NULL,NULL,NULL,NULL,NULL,NULL,'2023-08-07 15:03:49'),(337,'iblack123456','$2y$13$YQCCEyM7lApoQLoVQtrH3eY97wZZgc/5xWHsWT4kge2c9U0OmQoWO','',79016170111,0,258,1,NULL,NULL,1,NULL,NULL,NULL,NULL,NULL,NULL,'2023-08-07 15:03:49'),(338,'tutututu','$2y$13$2u51kCMX4AShURGcMYKv/uaKtadA7uqdLE1u/prJP0fyOejqn5UhK','',79138296695,0,258,1,NULL,NULL,1,NULL,NULL,NULL,NULL,NULL,NULL,'2023-08-07 15:03:49'),(351,'test2','$2y$13$fe79HUEUfdTTmapCeMWq3.y06BEes8WLf9ta2iyEI0a9Wm20G8lBq','test2@gmail.com',NULL,0,258,1,NULL,NULL,1,NULL,NULL,NULL,NULL,NULL,NULL,'2023-09-11 06:34:37'),(356,'artamonov','$2y$13$.xA7a0kyrRrXathmnnRKUOd8YsJxZcqvpveuc0rQIuKNsZlNcjp7.','artivus3@yandex.ru',NULL,0,258,1,'',NULL,1,NULL,NULL,NULL,NULL,NULL,NULL,'2023-08-16 10:54:39'),(357,'test1','$2y$13$ZgTHLWCy/qasuX/WY747UuEWuklB.66yKN8sgH.utwFae2iMotglK','test1@gmail.com',NULL,0,258,1,NULL,NULL,1,NULL,NULL,NULL,NULL,NULL,NULL,'2023-09-11 06:34:45'),(361,'Korol','$2y$13$4UwT68SWEV3QdawKsYNwZ.Ih7rDxWcGnafdOjofkGMwXB9lPD/ToW','gkugilkomfort@mail.ru',NULL,0,258,1,NULL,NULL,1,NULL,NULL,NULL,NULL,NULL,NULL,'2023-08-15 09:47:23'),(363,'dukker','$2y$13$a9ud9T/FUTjpK5Dccy38Y.mh438iXkIFyEXuO1XniRW8o5qO49Q6m','79991890133@yandex.ru',NULL,0,258,1,NULL,NULL,1,NULL,NULL,NULL,NULL,NULL,NULL,'2023-09-11 14:57:28'),(364,'TestBot','$2y$13$kZ3mj5awIEY96VIlJ9rAKeZiueNotW6qs9kPgnl1f0euMv81PrAsi','uthings+5@ya.ru',NULL,0,258,1,NULL,NULL,1,NULL,NULL,NULL,NULL,NULL,NULL,'2023-09-12 07:11:29');
/*!40000 ALTER TABLE `user` ENABLE KEYS */;
UNLOCK TABLES;

--
-- Table structure for table `user_two_factor`
--

DROP TABLE IF EXISTS `user_two_factor`;
/*!40101 SET @saved_cs_client     = @@character_set_client */;
/*!40101 SET character_set_client = utf8 */;
CREATE TABLE `user_two_factor` (
  `id` int(11) NOT NULL AUTO_INCREMENT,
  `user_id` int(11) NOT NULL,
  `secret` varchar(255) NOT NULL,
  `date` int(11) NOT NULL,
  `status` int(11) NOT NULL DEFAULT 0,
  PRIMARY KEY (`id`)
) ENGINE=InnoDB AUTO_INCREMENT=117 DEFAULT CHARSET=utf8mb4 COLLATE=utf8mb4_general_ci;
/*!40101 SET character_set_client = @saved_cs_client */;

--
-- Dumping data for table `user_two_factor`
--

LOCK TABLES `user_two_factor` WRITE;
/*!40000 ALTER TABLE `user_two_factor` DISABLE KEYS */;
INSERT INTO `user_two_factor` VALUES (1,1,'MQFDQZV7VGCRLGKQ',1681910595,0),(2,1,'4YUWUWS55K7UAS3S',1681910708,1),(3,154,'CRZCSUY4FTDUWWQT',1681914926,0),(4,154,'CBSPNL2E4YEVBBWD',1682099373,0),(5,151,'EATLNTEAK5QX27JY',1682101308,0),(6,185,'ABPQZEYQ3YI6C34C',1682102645,0),(7,154,'G6YQ66BPWFFXPUEY',1682152826,0),(8,186,'EZ4BTR4DA4GU5WJB',1682156450,0),(9,186,'5PYLDF7HMKBMZV4O',1682157111,0),(10,186,'7365J4AZSPLB4FNE',1682157507,0),(11,154,'BPGIFPWDLDSZ6IA7',1682159501,0),(12,154,'FFIJUDDV4HZKPA3E',1682159502,0),(13,186,'S5G65Q6WQ5BEMYAT',1682159694,0),(14,186,'BNDPKICYCD5LK3OE',1682159928,1),(15,151,'FSFNRSQX24NFCE4K',1682262535,0),(16,151,'GCKSOWELHAZB6327',1682265247,1),(17,149,'S5MKRRCIMUJLJS4M',1682343258,0),(18,149,'LPHA3SPFV4RHKIDK',1682343901,1),(19,198,'PG7H4ANDOX5LL4B4',1682394787,1),(20,207,'J5E2UBTQ2KCKA6SU',1682419934,0),(21,208,'AVIMDWQN7FD7CDF4',1682421462,1),(22,211,'IPTTNPPV6MVLOCA2',1682424741,1),(23,215,'OV2HUWMZH26WGEEN',1682428931,1),(24,228,'ELM5BACZ5NECGXI6',1682438124,1),(25,236,'BZER77ISDQVPV22W',1682498957,1),(26,226,'WHBDZ4N54GKI6XMO',1682500634,0),(27,230,'FEXCXMZUGQJSJEAI',1682500697,1),(28,226,'D2ACANEHM4WSPJDF',1682500823,0),(29,239,'3T3ACLQY6XFZUEJ5',1682507568,1),(30,240,'6FDN5AGI6Z3JTHMR',1682507781,1),(31,243,'6W2BEX5JK5W5ZNJV',1682760793,1),(32,248,'2TR7Y2Q3F4Y5EH63',1683044780,0),(33,249,'ZABKP6PORZZOE3AA',1683044949,0),(34,241,'TV75QVZAQY2RAJRA',1683045610,0),(35,241,'YEW2FXVJYPYX2XUO',1683045964,0),(36,241,'BHAYO73RY73HGI5Y',1683048259,0),(37,241,'PSPNS3TYCUP2QJOJ',1683048310,0),(38,241,'J3RPGR3KXZCYALLG',1683048346,0),(39,241,'MJI65W5LARO4T3MQ',1683048378,0),(40,241,'ZJBPDUHMNAZM6XRR',1683050217,0),(41,241,'J6QZM7PKRQ4VNQOE',1683050784,0),(42,241,'5XTFTGRNFWDOVECJ',1683050890,0),(43,241,'7543IA7N4O453ZEA',1683050941,0),(44,241,'OO7LVZTRIHZDK3PE',1683051232,0),(45,250,'NDYBMGIGTGSCZ4AM',1683083197,0),(46,241,'I4LBDWJNSKV7HDAU',1683084199,0),(47,241,'T5CCOX4R3KVJM32F',1683084206,0),(48,241,'GAGYTSL5VBM5DXCA',1683084208,0),(49,251,'ZOJ3CQE4RLFGW3EW',1683101532,0),(50,252,'N3ABBGZQLEVV4NY5',1683102417,1),(51,254,'PDLUDJWZDY6EGQZI',1683133696,1),(52,256,'KRCS52PQDYWSZ2XH',1683175895,0),(53,258,'IYOLLHCPWTZ3IANT',1683265325,1),(54,259,'V3HFLXADKL4JTGLH',1683266993,1),(55,261,'MKCU5CM3TMMUUAPZ',1683270774,0),(56,262,'IIBO6LYKLSOL5KG2',1683271629,0),(57,263,'F4PEZOCCLVCCKKPA',1683271893,0),(58,264,'VPTSGK6BDE4YKIZ4',1683272514,1),(59,265,'HB5XKNTE56MWB47Y',1683273752,1),(60,266,'QI6VOS3PYI7DWOTD',1683273972,1),(61,267,'R5DRGTBQY2RQY4BJ',1683274536,1),(62,269,'Q6YS2KZPN63SAKME',1683486957,1),(63,282,'VF2LJ3GRGZPKZKCS',1685330011,0),(64,283,'VOEBAPTAFZK6NKPM',1685618776,0),(65,283,'QKXYWWFQ73QAIDX2',1685619154,0),(66,283,'FREIQZFVN4EX3YN5',1685619737,0),(67,283,'ANUYD2QNWGY7UIJX',1685620779,0),(68,294,'JSKUK2BIQRPBWN5C',1685622925,0),(69,294,'IEVXCAHPIEXLPG75',1685978264,0),(70,283,'HOHIEV3FFVKX4KRP',1686026056,0),(71,283,'LZTMEOY2RJF4WRPH',1686026601,1),(72,282,'IRKB6S6SZYON7GSA',1686043986,0),(73,294,'ZRJRVBRKO4UE2JOG',1686194772,0),(74,294,'JE3SJPP5GELY6WL2',1686196193,0),(75,294,'XMZHSAS247LYSJWJ',1686196209,1),(76,282,'RN5H5VZXYWCO77B4',1686198071,0),(77,282,'HL7XLDCNWNKLC4HC',1686198084,0),(78,282,'6GKJKX4D2PADBUAP',1686198090,0),(79,282,'LWDEKRIVS6SPCSHT',1686215094,0),(80,282,'TH4WCMHLUL4MKDYM',1686215250,0),(81,309,'RLWSQYCP5UPVBABG',1686218272,1),(82,311,'SIKSA7CM2CPSKFGP',1686231696,0),(83,282,'V7SPBEGYRH2PENX6',1686293638,0),(84,313,'OFWJYZD3M74KWVUA',1686552443,0),(85,282,'NRM6XDBJCA6J5JO2',1686553432,0),(86,282,'5SHCZCGCNP73GQV2',1686553442,1),(87,313,'MCVKOV3OOK3XSSRU',1686560543,1),(88,314,'BRNA6RSPRIE5PJBA',1686560808,0),(89,315,'Z4YANDUDYUO6M6UR',1686561181,0),(90,314,'FRU3TTLY3ZEIDM2G',1686566352,0),(91,314,'GGRKIL2XFOOTIYJK',1686576055,0),(92,314,'TDAWETZVRMMMWYCC',1686576074,0),(93,314,'BVZDX52RGXDFY7IM',1686576094,0),(94,314,'YYWFUTXPFHWYGKDV',1686633959,0),(95,314,'6AQ56GUNBGSJ3MU3',1686634019,1),(96,317,'UHLCXDO2PVZ3C4QG',1686808989,0),(97,318,'LUG6GCJ5LCY76EEA',1686809898,0),(98,318,'DQUFNXC6E7KE6YF5',1686809961,1),(99,315,'A7CGG27TJS7VLLVU',1686827880,1),(100,317,'AAPFAX62UY5JOYRJ',1686905873,0),(101,317,'OQVOL3J7N42QP7FY',1689165406,0),(102,317,'6GSHDIG2VB7E4JN5',1689165479,0),(103,327,'H5ZMOIMLHWYGQDSR',1689307937,0),(104,328,'MGJOSN3YTEJX43CM',1689335542,1),(105,329,'BIZCN7EQGSWPFDC5',1689354968,0),(106,317,'M35NEAX4HEM3X3YK',1689589853,0),(107,317,'ZNZ2Q5OBEIPSQFFZ',1689589860,0),(108,317,'VZAHCD2YESM3RR63',1689590188,0),(109,317,'GURYNE5DPPKNXIGA',1689590290,0),(110,317,'LMKMFRDDHC7W5RQJ',1689590310,0),(111,317,'KQRC5QPGHB234DLL',1689590321,0),(112,317,'LTXKGB6QMQFH7YVE',1689932186,0),(113,317,'KTR6D2JXETGYV7J5',1689943364,0),(114,338,'Z6IFMQRDJDMSLHL5',1690872776,0),(115,339,'LGOXN5BTY5ZN3DWS',1690882238,1),(116,352,'LVPD2LQBG7WTY7WI',1691491866,0);
/*!40000 ALTER TABLE `user_two_factor` ENABLE KEYS */;
UNLOCK TABLES;

--
-- Table structure for table `user_verify`
--

DROP TABLE IF EXISTS `user_verify`;
/*!40101 SET @saved_cs_client     = @@character_set_client */;
/*!40101 SET character_set_client = utf8 */;
CREATE TABLE `user_verify` (
  `id` int(11) NOT NULL AUTO_INCREMENT,
  `user_id` int(11) NOT NULL,
  `type` int(11) NOT NULL,
  `status` int(11) NOT NULL DEFAULT 0,
  `comment` text DEFAULT NULL,
  PRIMARY KEY (`id`)
) ENGINE=InnoDB AUTO_INCREMENT=185 DEFAULT CHARSET=utf8mb4 COLLATE=utf8mb4_general_ci;
/*!40101 SET character_set_client = @saved_cs_client */;

--
-- Dumping data for table `user_verify`
--

LOCK TABLES `user_verify` WRITE;
/*!40000 ALTER TABLE `user_verify` DISABLE KEYS */;
INSERT INTO `user_verify` VALUES (1,1,0,3,NULL),(2,1,1,1,'    '),(3,1,2,1,NULL),(4,1,3,1,NULL),(5,130,0,0,NULL),(6,130,1,0,NULL),(7,130,2,0,NULL),(8,130,3,0,NULL),(9,132,0,1,NULL),(10,132,1,1,NULL),(11,132,2,1,NULL),(12,132,3,1,NULL),(13,133,0,1,NULL),(14,133,1,1,NULL),(15,133,2,1,NULL),(16,133,3,1,NULL),(17,134,0,1,NULL),(18,134,1,0,NULL),(19,134,2,0,NULL),(20,134,3,0,NULL),(21,135,0,0,NULL),(22,135,1,0,NULL),(23,135,2,0,NULL),(24,135,3,0,NULL),(25,152,0,0,NULL),(26,152,1,0,NULL),(27,152,2,0,NULL),(28,152,3,0,NULL),(29,149,0,1,NULL),(30,149,1,1,NULL),(31,149,2,1,NULL),(32,149,3,1,NULL),(33,241,0,0,NULL),(34,241,1,0,NULL),(35,241,2,0,NULL),(36,241,3,0,NULL),(37,247,0,1,NULL),(38,247,1,1,NULL),(39,247,2,1,NULL),(40,247,3,1,NULL),(41,230,0,1,NULL),(42,230,1,1,NULL),(43,230,2,1,NULL),(44,230,3,1,NULL),(45,274,0,1,NULL),(46,274,1,0,NULL),(47,274,2,0,NULL),(48,274,3,0,NULL),(49,275,0,0,NULL),(50,275,1,0,NULL),(51,275,2,0,NULL),(52,275,3,0,NULL),(53,276,0,0,NULL),(54,276,1,0,NULL),(55,276,2,0,NULL),(56,276,3,0,NULL),(57,277,0,0,NULL),(58,277,1,0,NULL),(59,277,2,0,NULL),(60,277,3,0,NULL),(61,280,0,0,NULL),(62,280,1,0,NULL),(63,280,2,0,NULL),(64,280,3,0,NULL),(65,281,0,1,NULL),(66,281,1,1,NULL),(67,281,2,1,NULL),(68,281,3,1,NULL),(69,282,0,1,NULL),(70,282,1,1,NULL),(71,282,2,1,NULL),(72,282,3,1,NULL),(73,283,0,1,NULL),(74,283,1,1,NULL),(75,283,2,0,NULL),(76,283,3,0,NULL),(77,285,0,1,NULL),(78,285,1,1,NULL),(79,285,2,1,NULL),(80,285,3,0,NULL),(81,287,0,0,NULL),(82,287,1,0,NULL),(83,287,2,0,NULL),(84,287,3,0,NULL),(85,294,0,0,NULL),(86,294,1,0,NULL),(87,294,2,0,NULL),(88,294,3,0,NULL),(89,307,0,1,NULL),(90,307,1,1,NULL),(91,307,2,1,NULL),(92,307,3,1,NULL),(93,309,0,0,NULL),(94,309,1,0,NULL),(95,309,2,0,NULL),(96,309,3,0,NULL),(97,310,0,0,NULL),(98,310,1,0,NULL),(99,310,2,0,NULL),(100,310,3,0,NULL),(101,311,0,0,NULL),(102,311,1,0,NULL),(103,311,2,0,NULL),(104,311,3,0,NULL),(105,273,0,0,NULL),(106,273,1,0,NULL),(107,273,2,0,NULL),(108,273,3,0,NULL),(109,313,0,0,NULL),(110,313,1,0,NULL),(111,313,2,0,NULL),(112,313,3,0,NULL),(113,314,0,0,NULL),(114,314,1,0,NULL),(115,314,2,0,NULL),(116,314,3,0,NULL),(117,315,0,0,NULL),(118,315,1,0,NULL),(119,315,2,0,NULL),(120,315,3,0,NULL),(121,317,0,0,NULL),(122,317,1,0,NULL),(123,317,2,0,NULL),(124,317,3,0,NULL),(125,318,0,0,NULL),(126,318,1,0,NULL),(127,318,2,0,NULL),(128,318,3,0,NULL),(129,320,0,0,NULL),(130,320,1,0,NULL),(131,320,2,0,NULL),(132,320,3,0,NULL),(133,326,0,0,NULL),(134,326,1,0,NULL),(135,326,2,0,NULL),(136,326,3,0,NULL),(137,328,0,0,NULL),(138,328,1,0,NULL),(139,328,2,0,NULL),(140,328,3,0,NULL),(141,329,0,0,NULL),(142,329,1,0,NULL),(143,329,2,0,NULL),(144,329,3,0,NULL),(145,337,0,0,NULL),(146,337,1,0,NULL),(147,337,2,0,NULL),(148,337,3,0,NULL),(149,338,0,0,NULL),(150,338,1,0,NULL),(151,338,2,0,NULL),(152,338,3,0,NULL),(153,339,0,0,NULL),(154,339,1,0,NULL),(155,339,2,0,NULL),(156,339,3,0,NULL),(157,350,0,0,NULL),(158,350,1,0,NULL),(159,350,2,0,NULL),(160,350,3,0,NULL),(161,351,0,0,NULL),(162,351,1,0,NULL),(163,351,2,0,NULL),(164,351,3,0,NULL),(165,352,0,0,NULL),(166,352,1,0,NULL),(167,352,2,0,NULL),(168,352,3,0,NULL),(169,356,0,0,NULL),(170,356,1,0,NULL),(171,356,2,0,NULL),(172,356,3,0,NULL),(173,357,0,0,NULL),(174,357,1,0,NULL),(175,357,2,0,NULL),(176,357,3,0,NULL),(177,361,0,0,NULL),(178,361,1,0,NULL),(179,361,2,0,NULL),(180,361,3,0,NULL),(181,364,0,0,NULL),(182,364,1,0,NULL),(183,364,2,0,NULL),(184,364,3,0,NULL);
/*!40000 ALTER TABLE `user_verify` ENABLE KEYS */;
UNLOCK TABLES;

--
-- Table structure for table `user_words`
--

DROP TABLE IF EXISTS `user_words`;
/*!40101 SET @saved_cs_client     = @@character_set_client */;
/*!40101 SET character_set_client = utf8 */;
CREATE TABLE `user_words` (
  `id` int(11) NOT NULL AUTO_INCREMENT,
  `user_id` int(11) NOT NULL,
  `words` text NOT NULL,
  PRIMARY KEY (`id`)
) ENGINE=InnoDB AUTO_INCREMENT=7 DEFAULT CHARSET=utf8mb4 COLLATE=utf8mb4_general_ci;
/*!40101 SET character_set_client = @saved_cs_client */;

--
-- Dumping data for table `user_words`
--

LOCK TABLES `user_words` WRITE;
/*!40000 ALTER TABLE `user_words` DISABLE KEYS */;
INSERT INTO `user_words` VALUES (1,1,'latch flyte lenes hares grody field picot duple cream alate hazed ancho'),(2,143,'voled lived witan cubby puces scrod klutz caber celts light facts chela'),(3,152,'valse login stere torta diols mures dirty happy nopal poxed huger goats'),(4,149,'meson lutes flops raias yowls uraei howks locks shyly terai jeers riffs'),(5,149,'meson lutes flops raias yowls uraei howks locks shyly terai jeers riffs'),(6,153,'lunch mezzo bawdy aggro whose situs yucas churl hempy yomim bible almas');
/*!40000 ALTER TABLE `user_words` ENABLE KEYS */;
UNLOCK TABLES;

--
-- Table structure for table `wallet`
--

DROP TABLE IF EXISTS `wallet`;
/*!40101 SET @saved_cs_client     = @@character_set_client */;
/*!40101 SET character_set_client = utf8 */;
CREATE TABLE `wallet` (
  `id` int(11) NOT NULL AUTO_INCREMENT,
  `type` int(11) NOT NULL,
  `user_id` int(11) NOT NULL,
  `chart_id` int(11) NOT NULL,
  `balance` decimal(27,8) NOT NULL DEFAULT 0.00000000,
  PRIMARY KEY (`id`)
) ENGINE=InnoDB AUTO_INCREMENT=51 DEFAULT CHARSET=utf8mb4 COLLATE=utf8mb4_general_ci;
/*!40101 SET character_set_client = @saved_cs_client */;

--
-- Dumping data for table `wallet`
--

LOCK TABLES `wallet` WRITE;
/*!40000 ALTER TABLE `wallet` DISABLE KEYS */;
INSERT INTO `wallet` VALUES (1,0,1,259,106143.73004690),(2,0,1,260,0.00000000),(3,0,8,259,0.04473752),(4,0,8,260,0.61716141),(5,0,11,259,0.08153853),(6,0,1,258,15.94444954),(7,0,30,258,0.00000000),(8,0,118,258,0.00000000),(9,0,118,261,0.00000000),(10,0,21,258,0.00000000),(11,0,24,260,52.00000000),(12,0,24,259,0.04473752),(13,0,24,258,0.00000000),(14,0,24,261,0.00000000),(15,1,21,258,0.00000000),(16,2,1,266,0.00000000),(17,2,143,258,0.00000000),(18,1,1,260,2.00000000),(19,2,1,260,0.00000000),(20,2,149,258,0.00000000),(21,0,152,259,0.00000000),(22,2,152,258,0.00000000),(23,1,152,258,0.00000000),(24,2,230,258,0.00000000),(25,1,281,258,0.00000000),(26,0,317,258,5.99716723),(27,0,315,258,0.01009985),(28,0,315,260,0.15159515),(29,0,317,260,0.00215617),(30,0,328,258,0.00063590),(31,0,315,259,1.49802596),(32,0,317,259,6.99965517),(33,0,328,260,0.00582092),(34,0,315,274,0.00000000),(35,0,315,265,6.54707346),(36,0,315,264,0.00000000),(37,0,315,262,400.74806305),(38,0,335,258,0.01000000),(39,0,339,258,0.00000374),(41,0,356,258,9665.91000000),(42,0,356,259,1934.00000000),(43,0,356,261,0.00099992),(44,0,356,260,0.10000000),(45,0,307,258,0.00985998),(46,0,351,258,10000.00000000),(47,0,351,259,10000.00000000),(48,0,357,259,10000.00000000),(49,0,357,258,10000.00000000),(50,0,307,259,0.00000000);
/*!40000 ALTER TABLE `wallet` ENABLE KEYS */;
UNLOCK TABLES;

--
-- Table structure for table `walletInv`
--

DROP TABLE IF EXISTS `walletInv`;
/*!40101 SET @saved_cs_client     = @@character_set_client */;
/*!40101 SET character_set_client = utf8 */;
CREATE TABLE `walletInv` (
  `id` int(11) NOT NULL AUTO_INCREMENT,
  `type` int(11) NOT NULL,
  `user_id` int(11) NOT NULL,
  `chart_id` int(11) NOT NULL,
  `balance` decimal(27,8) NOT NULL DEFAULT 0.00000000,
  PRIMARY KEY (`id`)
) ENGINE=InnoDB AUTO_INCREMENT=10 DEFAULT CHARSET=utf8mb4 COLLATE=utf8mb4_general_ci;
/*!40101 SET character_set_client = @saved_cs_client */;

--
-- Dumping data for table `walletInv`
--

LOCK TABLES `walletInv` WRITE;
/*!40000 ALTER TABLE `walletInv` DISABLE KEYS */;
INSERT INTO `walletInv` VALUES (6,0,356,258,100.00000000),(7,0,315,259,0.00000000),(8,0,356,259,1.00000000),(9,0,356,261,0.00900000);
/*!40000 ALTER TABLE `walletInv` ENABLE KEYS */;
UNLOCK TABLES;

--
-- Table structure for table `wallet_address`
--

DROP TABLE IF EXISTS `wallet_address`;
/*!40101 SET @saved_cs_client     = @@character_set_client */;
/*!40101 SET character_set_client = utf8 */;
CREATE TABLE `wallet_address` (
  `id` int(11) NOT NULL AUTO_INCREMENT,
  `user_id` int(11) NOT NULL,
  `chain_id` int(11) NOT NULL,
  `value` varchar(255) NOT NULL,
  PRIMARY KEY (`id`)
) ENGINE=InnoDB AUTO_INCREMENT=105 DEFAULT CHARSET=utf8mb4 COLLATE=utf8mb4_general_ci;
/*!40101 SET character_set_client = @saved_cs_client */;

--
-- Dumping data for table `wallet_address`
--

LOCK TABLES `wallet_address` WRITE;
/*!40000 ALTER TABLE `wallet_address` DISABLE KEYS */;
INSERT INTO `wallet_address` VALUES (1,1,1,'34yF7JEt6jDSJYFbSoFb88Fv1REUguPx4c'),(2,1,2,'bnb1w08mc6gl724mfqd4sr02n205wu33qmr72kxtx3'),(3,1,51,'3FezcsPL1UZtqCvzqQLuibxYRAxJZZbzEU'),(4,1,3,'0xde53bdd05aa051e5ebab37bab888e17540203e3d'),(5,1,54,'0xc10153f923f84de19be31216bc4c34e72d145ccc'),(6,130,1,'3EoFa4wbz48fqDD5e7kh3nbWALntD9Gw8J'),(7,130,70,'rCoinaUERUrXb1aA7dJu8qRcmvPNiKS3d'),(8,130,51,'3Jt2LHXg9PSBjyUBzgGiM6aDxuMvqEaE3e'),(9,130,53,'0xf8f5fc18d7c0f0c8171070112bf5ec3e3ce3a441'),(10,130,56,'TSXNPkjoydTg9U9BZ55bmnGGjk49QtehjD'),(11,134,2,'bnb1w08mc6gl724mfqd4sr02n205wu33qmr72kxtx3'),(12,134,30,'0x228403f6836ac9c4bc1daf396be5ffa2ae65c7d8'),(13,134,3,'0xf9bccb7514d438d7a9d39c5dcc4d8b5ecf729a52'),(14,134,70,'rCoinaUERUrXb1aA7dJu8qRcmvPNiKS3d'),(15,134,22,'DF7TiMhmm2QWsoQZvWiNKu3wE9NS7Qw4vQ'),(16,21,53,'0x58ddcce89e276b3357b4a70a5d652ae0f5d29f32'),(17,21,2,'bnb1w08mc6gl724mfqd4sr02n205wu33qmr72kxtx3'),(18,21,52,'bnb1w08mc6gl724mfqd4sr02n205wu33qmr72kxtx3'),(19,143,2,'bnb1w08mc6gl724mfqd4sr02n205wu33qmr72kxtx3'),(20,1,28,'0x6e58ad51094dc3910e209c7dbbd5c37e9f1a86d0'),(21,1,52,'bnb1w08mc6gl724mfqd4sr02n205wu33qmr72kxtx3'),(22,281,2,'bnb1w08mc6gl724mfqd4sr02n205wu33qmr72kxtx3'),(23,281,56,'TV1b9u51XqYZY4aCTuV1vXbfsXzUQeYVaA'),(24,282,1,'3F9QRJryfg3fM77d4ggBpgZsUMbv8UPYcH'),(25,285,70,'rCoinaUERUrXb1aA7dJu8qRcmvPNiKS3d'),(26,285,3,'0x3b7c30fc3019826071c1fcc4b7bacf65689f6b03'),(27,285,2,'bnb1w08mc6gl724mfqd4sr02n205wu33qmr72kxtx3'),(28,282,70,'rCoinaUERUrXb1aA7dJu8qRcmvPNiKS3d'),(29,287,51,'37aRxbEvqW6vL8TTHgxukQrkFKzowxvtL3'),(30,295,1,'3JJmUjYMsRP7vUj9JdHUUgfrUmcnfnrwqG'),(31,315,3,'0x17b1153b5975fdeb48931ab36fa40780636ef456'),(32,315,70,'rCoinaUERUrXb1aA7dJu8qRcmvPNiKS3d'),(33,315,2,'bnb1w08mc6gl724mfqd4sr02n205wu33qmr72kxtx3'),(34,315,1,'34UbaMvJknaw7d1x2wj7wKTyGz6W32s5DN'),(35,328,1,'31yGRrbe5cibgMXg1J1FxoTgSteV44UDHk'),(36,328,2,'bnb1w08mc6gl724mfqd4sr02n205wu33qmr72kxtx3'),(37,328,3,'0x592b79c781d46599b9a9a01fcce12896d7c4ac7f'),(38,328,70,'rCoinaUERUrXb1aA7dJu8qRcmvPNiKS3d'),(39,328,28,'0xf70a25835d5100a22d2cac5f46f05b31c19f6855'),(40,328,29,'bnb1w08mc6gl724mfqd4sr02n205wu33qmr72kxtx3'),(41,328,30,'0x7a862530088d99eb80d95ab672035ee71e058fba'),(42,317,1,'3J88kdYrRA1ifCSC9FQLv4zkbixz7YjRbB'),(43,317,3,'0x0e3b9069998692684983c7a5974e62cff3dabde0'),(44,337,1,'3KEyh9dZDkX5VagnWuSXPAmX6rNMptxd9x'),(45,352,10,'0xd522873fa7bfd33bf37fe5c090c83ef6a30c643d'),(46,352,16,'0xb9e0c722e2f6eb536d19716e57b292cc92285dfc'),(47,352,1,'3NjQYS2QnoV8BRoNT6Xypsp2JwCwNYPJFj'),(48,352,3,'0x920e727a2aaa89e4c4ac5bd151f11ca51c679b07'),(49,352,2,'bnb1w08mc6gl724mfqd4sr02n205wu33qmr72kxtx3'),(50,352,70,'rCoinaUERUrXb1aA7dJu8qRcmvPNiKS3d'),(51,352,30,'0x839807fa35a3e76598ebb0c0d1af09c75c3da685'),(52,352,65,'0x495e7e9be3671298adb8663147d74004cb633704'),(53,356,3,'0xc332bc5e55e831e91482fef5a9e98af803dd4a51'),(54,356,1,'3H8CBJkAz3wL34uYnqcnwkJSWAdsdvRwaa'),(55,356,13,'0x337f9a11d3634d2cf724234c324b9215df21e60d'),(56,356,51,'3QUxaZ1bprugQRNK8ydzKQ4fkguRn6Zoui'),(57,356,4,'MLhs28UoyP8XrV7HSQ8Bs98Yc6ENneWv7H'),(58,356,70,'rCoinaUERUrXb1aA7dJu8qRcmvPNiKS3d'),(59,356,2,'bnb1w08mc6gl724mfqd4sr02n205wu33qmr72kxtx3'),(96,357,5,'bitcoincash:qq2kekktv2pjr74afm80c3anwtemswkkzgmfvtk3dw'),(97,357,3,'0x67c8c305806d050ad859341c1943b1dd28a16be6'),(98,307,1,'3MeauzD5kXFRLyErmJm9MpNpaKdcBcrqbQ'),(99,307,63,'rCoinaUERUrXb1aA7dJu8qRcmvPNiKS3d'),(100,307,8,'MCshmheYE3kVC79iUFLmNvMetcquNCqUnC'),(101,356,14,'bnb1w08mc6gl724mfqd4sr02n205wu33qmr72kxtx3'),(102,356,28,'0x96f6a17983caec691f9c3f75c7cd171576f051c0'),(103,356,36,'3P8oQy3RCnss94QTC2RU8w2VD3yZBJ2as7d'),(104,356,56,'TBxXBdn8U39X98o3qgyqYKLsodmnDVanod');
/*!40000 ALTER TABLE `wallet_address` ENABLE KEYS */;
UNLOCK TABLES;

--
-- Table structure for table `wallettrade`
--

DROP TABLE IF EXISTS `wallettrade`;
/*!40101 SET @saved_cs_client     = @@character_set_client */;
/*!40101 SET character_set_client = utf8 */;
CREATE TABLE `wallettrade` (
  `id` int(11) NOT NULL AUTO_INCREMENT,
  `type` int(11) NOT NULL,
  `user_id` int(11) NOT NULL,
  `chart_id` int(11) NOT NULL,
  `balance` decimal(27,8) NOT NULL DEFAULT 0.00000000,
  PRIMARY KEY (`id`)
) ENGINE=InnoDB AUTO_INCREMENT=8 DEFAULT CHARSET=utf8mb4 COLLATE=utf8mb4_general_ci;
/*!40101 SET character_set_client = @saved_cs_client */;

--
-- Dumping data for table `wallettrade`
--

LOCK TABLES `wallettrade` WRITE;
/*!40000 ALTER TABLE `wallettrade` DISABLE KEYS */;
INSERT INTO `wallettrade` VALUES (1,0,356,258,100.00000000),(2,0,356,259,17.00000000),(6,0,315,259,1.00000000),(7,0,307,258,0.00001000);
/*!40000 ALTER TABLE `wallettrade` ENABLE KEYS */;
UNLOCK TABLES;
/*!40103 SET TIME_ZONE=@OLD_TIME_ZONE */;

/*!40101 SET SQL_MODE=@OLD_SQL_MODE */;
/*!40014 SET FOREIGN_KEY_CHECKS=@OLD_FOREIGN_KEY_CHECKS */;
/*!40014 SET UNIQUE_CHECKS=@OLD_UNIQUE_CHECKS */;
/*!40101 SET CHARACTER_SET_CLIENT=@OLD_CHARACTER_SET_CLIENT */;
/*!40101 SET CHARACTER_SET_RESULTS=@OLD_CHARACTER_SET_RESULTS */;
/*!40101 SET COLLATION_CONNECTION=@OLD_COLLATION_CONNECTION */;
/*!40111 SET SQL_NOTES=@OLD_SQL_NOTES */;

-- Dump completed on 2023-09-14 13:45:45
